/*
SQLyog Enterprise - MySQL GUI v7.13 
MySQL - 5.5.5-10.4.6-MariaDB : Database - repuestos
*********************************************************************
*/

/*!40101 SET NAMES utf8 */;

/*!40101 SET SQL_MODE=''*/;

/*!40014 SET @OLD_FOREIGN_KEY_CHECKS=@@FOREIGN_KEY_CHECKS, FOREIGN_KEY_CHECKS=0 */;
/*!40101 SET @OLD_SQL_MODE=@@SQL_MODE, SQL_MODE='NO_AUTO_VALUE_ON_ZERO' */;

CREATE DATABASE /*!32312 IF NOT EXISTS*/`repuestos` /*!40100 DEFAULT CHARACTER SET utf8 COLLATE utf8_spanish_ci */;

USE `repuestos`;

/*Table structure for table `categoria` */

DROP TABLE IF EXISTS `categoria`;

CREATE TABLE `categoria` (
  `id` int(11) NOT NULL AUTO_INCREMENT,
  `nombre_categoria` varchar(50) COLLATE utf8_spanish2_ci DEFAULT NULL,
  PRIMARY KEY (`id`)
) ENGINE=InnoDB AUTO_INCREMENT=27 DEFAULT CHARSET=utf8 COLLATE=utf8_spanish2_ci;

/*Data for the table `categoria` */

insert  into `categoria`(`id`,`nombre_categoria`) values (3,'Aceites de motor'),(4,'Alternadores'),(5,'Bateria motor'),(7,'Carburador'),(10,'Tacometro'),(12,'PARACHOQUES'),(14,'CAJA DE CAMBIOS'),(15,'AMPOLETTAS'),(16,'Anillo de Motor'),(17,'REPUESTO'),(18,'AMORTIGUADOR'),(19,'PEUGEOT'),(20,'SAMSUNG'),(21,'RENAULT'),(22,'CITROEN'),(23,'PEUGEOT/CITROEN'),(24,'TODOS'),(25,'SILICONAS'),(26,'PEUGEOT/RENAULT/CITROEN');

/*Table structure for table `clientes` */

DROP TABLE IF EXISTS `clientes`;

CREATE TABLE `clientes` (
  `id` int(10) unsigned NOT NULL AUTO_INCREMENT,
  `rut` varchar(100) COLLATE utf8_spanish_ci DEFAULT NULL,
  `nombre` varchar(100) COLLATE utf8_spanish_ci DEFAULT NULL,
  `direccion` varchar(100) COLLATE utf8_spanish_ci DEFAULT NULL,
  `ciudad` int(11) DEFAULT NULL,
  `fono_1` varchar(100) COLLATE utf8_spanish_ci DEFAULT NULL,
  `fono_2` varchar(100) COLLATE utf8_spanish_ci DEFAULT NULL,
  `referencia` varchar(100) COLLATE utf8_spanish_ci DEFAULT NULL,
  `giro` varchar(100) COLLATE utf8_spanish_ci DEFAULT NULL,
  `credito_autorizado` int(11) DEFAULT NULL,
  `observacion` text COLLATE utf8_spanish_ci DEFAULT NULL,
  PRIMARY KEY (`id`)
) ENGINE=InnoDB AUTO_INCREMENT=6 DEFAULT CHARSET=utf8 COLLATE=utf8_spanish_ci;

/*Data for the table `clientes` */

insert  into `clientes`(`id`,`rut`,`nombre`,`direccion`,`ciudad`,`fono_1`,`fono_2`,`referencia`,`giro`,`credito_autorizado`,`observacion`) values (1,'1598565','ANDRES CHAPA ARAYA','SAN VICENTE 960 - QUILLOTA',58,'9 56836053','','CASA CAFE CON PADERETAS','INFORMÁTICA',0,''),(2,'764789911','MANTENCION DE MAQUINAS Y REP.DIEGO DELGADO MANRIQUEZ E.I.R.','PARCELA LOTE 1B',60,'326521',NULL,NULL,NULL,NULL,NULL),(3,'766002617','MANT.Y REP.AUTOMOTRIZ NAVIA HRNS.LTDA.','CONDELL 876',58,'33',NULL,NULL,NULL,NULL,NULL),(4,'763895866','TRANSP.SERGIO BARRAZA EMP.IND.','CALLE TRES 994 ',58,'245522',NULL,NULL,NULL,NULL,NULL),(5,'69569021','AUGUSTO GUTIERREZ GUAJARDO ','C TRONCAL PAR 9 MEDIO 0 SAN PEDRO',58,'21454512',NULL,NULL,NULL,NULL,NULL);

/*Table structure for table `comunas` */

DROP TABLE IF EXISTS `comunas`;

CREATE TABLE `comunas` (
  `id` int(11) NOT NULL AUTO_INCREMENT,
  `nombre` varchar(20) DEFAULT NULL,
  `idProvincia` int(3) DEFAULT NULL,
  PRIMARY KEY (`id`),
  KEY `COMUNA_PROVINCIA_ID` (`idProvincia`),
  CONSTRAINT `comunas_ibfk_1` FOREIGN KEY (`idProvincia`) REFERENCES `provincias` (`id`) ON UPDATE CASCADE
) ENGINE=InnoDB AUTO_INCREMENT=347 DEFAULT CHARSET=utf8;

/*Data for the table `comunas` */

insert  into `comunas`(`id`,`nombre`,`idProvincia`) values (1,'Iquique',3),(2,'Alto Hospicio',3),(3,'Pozo Almonte',4),(4,'Camiña',4),(5,'Colchane',4),(6,'Huara',4),(7,'Pica',4),(8,'Antofagasta',5),(9,'Mejillones',5),(10,'Sierra Gorda',5),(11,'Taltal',5),(12,'Calama',6),(13,'Ollagüe',6),(14,'San Pedro de Atacama',6),(15,'Tocopilla',7),(16,'María Elena',7),(17,'Copiapó',8),(18,'Caldera',8),(19,'Tierra Amarilla',8),(20,'Chañaral',9),(21,'Diego de Almagro',9),(22,'Vallenar',10),(23,'Alto del Carmen',10),(24,'Freirina',10),(25,'Huasco',10),(26,'La Serena',11),(27,'Coquimbo',11),(28,'Andacollo',11),(29,'La Higuera',11),(30,'Paihuano',11),(31,'Vicuña',11),(32,'Illapel',12),(33,'Canela',12),(34,'Los Vilos',12),(35,'Salamanca',12),(36,'Ovalle',13),(37,'Combarbalá',13),(38,'Monte Patria',13),(39,'Punitaqui',13),(40,'Río Hurtado',13),(41,'Valparaíso',14),(42,'Casablanca',14),(43,'Concón',14),(44,'Juan Fernández',14),(45,'Puchuncaví',14),(46,'Quintero',14),(47,'Viña del Mar',14),(48,'Isla de Pascua',15),(49,'Los Andes',16),(50,'Calle Larga',16),(51,'Rinconada',16),(52,'San Esteban',16),(53,'La Ligua',17),(54,'Cabildo',17),(55,'Papudo',17),(56,'Petorca',17),(57,'Zapallar',17),(58,'Quillota',18),(59,'La Calera',18),(60,'Hijuelas',18),(61,'La Cruz',18),(62,'Nogales',18),(63,'San Antonio',19),(64,'Algarrobo',19),(65,'Cartagena',19),(66,'El Quisco',19),(67,'El Tabo',19),(68,'Santo Domingo',19),(69,'San Felipe',20),(70,'Catemu',20),(71,'Llay Llay',20),(72,'Panquehue',20),(73,'Putaendo',20),(74,'Santa María',20),(75,'Quilpué',21),(76,'Limache',21),(77,'Olmué',21),(78,'Villa Alemana',21),(79,'Rancagua',22),(80,'Codegua',22),(81,'Coinco',22),(82,'Coltauco',22),(83,'Doñihue',22),(84,'Graneros',22),(85,'Las Cabras',22),(86,'Machalí',22),(87,'Malloa',22),(88,'Mostazal',22),(89,'Olivar',22),(90,'Peumo',22),(91,'Pichidegua',22),(92,'Quinta de Tilcoco',22),(93,'Rengo',22),(94,'Requínoa',22),(95,'San Vicente',22),(96,'Pichilemu',23),(97,'La Estrella',23),(98,'Litueche',23),(99,'Marchihue',23),(100,'Navidad',23),(101,'Paredones',23),(102,'San Fernando',24),(103,'Chépica',24),(104,'Chimbarongo',24),(105,'Lolol',24),(106,'Nancagua',24),(107,'Palmilla',24),(108,'Peralillo',24),(109,'Placilla',24),(110,'Pumanque',24),(111,'Santa Cruz',24),(112,'Talca',25),(113,'Constitución',25),(114,'Curepto',25),(115,'Empedrado',25),(116,'Maule',25),(117,'Pelarco',25),(118,'Pencahue',25),(119,'Río Claro',25),(120,'San Clemente',25),(121,'San Rafael',25),(122,'Cauquenes',26),(123,'Chanco',26),(124,'Pelluhue',26),(125,'Curicó',27),(126,'Hualañé',27),(127,'Licantén',27),(128,'Molina',27),(129,'Rauco',27),(130,'Romeral',27),(131,'Sagrada Familia',27),(132,'Teno',27),(133,'Vichuquén',27),(134,'Linares',28),(135,'Colbún',28),(136,'Longaví',28),(137,'Parral',28),(138,'Retiro',28),(139,'San Javier',28),(140,'Villa Alegre',28),(141,'Yerbas Buenas',28),(142,'Concepción',29),(143,'Coronel',29),(144,'Chiguayante',29),(145,'Florida',29),(146,'Hualqui',29),(147,'Lota',29),(148,'Penco',29),(149,'San Pedro de la Paz',29),(150,'Santa Juana',29),(151,'Talcahuano',29),(152,'Tomé',29),(153,'Hualpén',29),(154,'Lebu',30),(155,'Arauco',30),(156,'Cañete',30),(157,'Contulmo',30),(158,'Curanilahue',30),(159,'Los Álamos',30),(160,'Tirúa',30),(161,'Los Ángeles',31),(162,'Antuco',31),(163,'Cabrero',31),(164,'Laja',31),(165,'Mulchén',31),(166,'Nacimiento',31),(167,'Negrete',31),(168,'Quilaco',31),(169,'Quilleco',31),(170,'San Rosendo',31),(171,'Santa Bárbara',31),(172,'Tucapel',31),(173,'Yumbel',31),(174,'Alto Biobío',31),(175,'Chillán',32),(176,'Bulnes',32),(177,'Cobquecura',32),(178,'Coelemu',32),(179,'Coihueco',32),(180,'Chillán Viejo',32),(181,'El Carmen',32),(182,'Ninhue',32),(183,'Ñiquén',32),(184,'Pemuco',32),(185,'Pinto',32),(186,'Portezuelo',32),(187,'Quillón',32),(188,'Quirihue',32),(189,'Ránquil',32),(190,'San Carlos',32),(191,'San Fabián',32),(192,'San Ignacio',32),(193,'San Nicolás',32),(194,'Treguaco',32),(195,'Yungay',32),(196,'Temuco',33),(197,'Carahue',33),(198,'Cunco',33),(199,'Curarrehue',33),(200,'Freire',33),(201,'Galvarino',33),(202,'Gorbea',33),(203,'Lautaro',33),(204,'Loncoche',33),(205,'Melipeuco',33),(206,'Nueva Imperial',33),(207,'Padre las Casas',33),(208,'Perquenco',33),(209,'Pitrufquén',33),(210,'Pucón',33),(211,'Saavedra',33),(212,'Teodoro Schmidt',33),(213,'Toltén',33),(214,'Vilcún',33),(215,'Villarrica',33),(216,'Cholchol',33),(217,'Angol',34),(218,'Collipulli',34),(219,'Curacautín',34),(220,'Ercilla',34),(221,'Lonquimay',34),(222,'Los Sauces',34),(223,'Lumaco',34),(224,'Purén',34),(225,'Renaico',34),(226,'Traiguén',34),(227,'Victoria',34),(228,'Puerto Montt',37),(229,'Calbuco',37),(230,'Cochamó',37),(231,'Fresia',37),(232,'Frutillar',37),(233,'Los Muermos',37),(234,'Llanquihue',37),(235,'Maullín',37),(236,'Puerto Varas',37),(237,'Castro',38),(238,'Ancud',38),(239,'Chonchi',38),(240,'Curaco de Vélez',38),(241,'Dalcahue',38),(242,'Puqueldón',38),(243,'Queilén',38),(244,'Quellón',38),(245,'Quemchi',38),(246,'Quinchao',38),(247,'Osorno',39),(248,'Puerto Octay',39),(249,'Purranque',39),(250,'Puyehue',39),(251,'Río Negro',39),(252,'San Juan de la Costa',39),(253,'San Pablo',39),(254,'Chaitén',40),(255,'Futaleufú',40),(256,'Hualaihué',40),(257,'Palena',40),(258,'Coyhaique',41),(259,'Lago Verde',41),(260,'Aysén',42),(261,'Cisnes',42),(262,'Guaitecas',42),(263,'Cochrane',43),(264,'O\'Higgins',43),(265,'Tortel',43),(266,'Chile Chico',44),(267,'Río Ibáñez',44),(268,'Punta Arenas',45),(269,'Laguna Blanca',45),(270,'Río Verde',45),(271,'San Gregorio',45),(272,'Cabo de Hornos',46),(273,'Antártica',46),(274,'Porvenir',47),(275,'Primavera',47),(276,'Timaukel',47),(277,'Natales',48),(278,'Torres del Paine',48),(279,'Santiago',49),(280,'Cerrillos',49),(281,'Cerro Navia',49),(282,'Conchalí',49),(283,'El Bosque',49),(284,'Estación Central',49),(285,'Huechuraba',49),(286,'Independencia',49),(287,'La Cisterna',49),(288,'La Florida',49),(289,'La Granja',49),(290,'La Pintana',49),(291,'La Reina',49),(292,'Las Condes',49),(293,'Lo Barnechea',49),(294,'Lo Espejo',49),(295,'Lo Prado',49),(296,'Macul',49),(297,'Maipú',49),(298,'Ñuñoa',49),(299,'Pedro Aguirre Cerda',49),(300,'Peñalolén',49),(301,'Providencia',49),(302,'Pudahuel',49),(303,'Quilicura',49),(304,'Quinta Normal',49),(305,'Recoleta',49),(306,'Renca',49),(307,'San Joaquín',49),(308,'San Miguel',49),(309,'San Ramón',49),(310,'Vitacura',49),(311,'Puente Alto',50),(312,'Pirque',50),(313,'San José de Maipo',50),(314,'Colina',51),(315,'Lampa',51),(316,'Tiltil',51),(317,'San Bernardo',52),(318,'Buin',52),(319,'Calera de Tango',52),(320,'Paine',52),(321,'Melipilla',53),(322,'Alhué',53),(323,'Curacaví',53),(324,'María Pinto',53),(325,'San Pedro',53),(326,'Talagante',54),(327,'El Monte',54),(328,'Isla de Maipo',54),(329,'Padre Hurtado',54),(330,'Peñaflor',54),(331,'Valdivia',35),(332,'Corral',35),(333,'Lanco',35),(334,'Los Lagos',35),(335,'Máfil',35),(336,'Mariquina',35),(337,'Paillaco',35),(338,'Panguipulli',35),(339,'La Unión',36),(340,'Futrono',36),(341,'Lago Ranco',36),(342,'Río Bueno',36),(343,'Arica',1),(344,'Camarones',1),(345,'Putre',2),(346,'General Lagos',2);

/*Table structure for table `facturas` */

DROP TABLE IF EXISTS `facturas`;

CREATE TABLE `facturas` (
  `id` int(10) unsigned NOT NULL AUTO_INCREMENT,
  `id_proveedor` int(11) DEFAULT NULL,
  `fecha_emision` datetime DEFAULT NULL,
  `fecha_vencimiento` datetime DEFAULT NULL,
  `fecha_ingreso` datetime DEFAULT NULL,
  `neto` int(11) DEFAULT NULL,
  `iva` int(11) DEFAULT NULL,
  `total` int(11) DEFAULT NULL,
  `numero_factura` int(11) DEFAULT NULL,
  PRIMARY KEY (`id`)
) ENGINE=InnoDB AUTO_INCREMENT=86 DEFAULT CHARSET=utf8 COLLATE=utf8_spanish_ci;

/*Data for the table `facturas` */

insert  into `facturas`(`id`,`id_proveedor`,`fecha_emision`,`fecha_vencimiento`,`fecha_ingreso`,`neto`,`iva`,`total`,`numero_factura`) values (1,6,'2019-10-11 00:00:00','2019-12-11 00:00:00','2019-12-11 16:28:37',297590,56542,354132,1160233),(2,5,'2019-10-11 00:00:00','2019-12-11 00:00:00','2019-12-11 17:45:20',29312,5569,34881,1713182),(3,5,'2019-10-11 00:00:00','2019-12-11 00:00:00','2019-12-11 19:59:18',470761,89445,560205,1713181),(4,7,'2019-12-09 00:00:00','2019-12-12 00:00:00','2019-12-12 02:10:35',36722,6977,43699,458900),(5,7,'2019-12-09 00:00:00','2019-12-12 00:00:00','2019-12-12 03:04:11',73857,14033,87889,458895),(6,7,'2019-12-12 00:00:00','2019-12-12 00:00:00','2019-12-12 12:57:39',189831,36068,225898,458897),(7,7,'2019-09-12 00:00:00','2019-12-12 00:00:00','2019-12-12 15:21:44',209999,39900,249898,458891),(8,7,'2019-12-09 00:00:00','2019-12-13 00:00:00','2019-12-12 23:48:33',92353,17547,109900,458937),(9,7,'2019-12-09 00:00:00','2019-12-13 00:00:00','2019-12-13 02:13:57',151543,28793,180336,458899),(10,7,'2019-12-09 00:00:00','2019-12-13 00:00:00','2019-12-13 02:44:42',170828,32457,203285,458894),(11,6,'2019-12-11 00:00:00','2019-12-13 00:00:00','2019-12-13 14:34:19',297090,56447,353537,1160291),(12,6,'2019-12-11 00:00:00','2019-12-13 00:00:00','2019-12-13 15:54:06',196750,37383,234132,1160292),(13,6,'2019-12-11 00:00:00','2019-12-13 00:00:00','2019-12-13 16:46:50',146350,27807,174156,1160293),(14,6,'2019-12-11 00:00:00','2019-12-13 00:00:00','2019-12-13 17:05:31',64481,12251,76732,1160294),(15,6,'2019-12-11 00:00:00','2019-12-13 00:00:00','2019-12-13 17:54:57',97841,18590,116430,1160295),(16,5,'2019-12-11 00:00:00','2019-12-13 00:00:00','2019-12-13 18:41:38',304363,57829,362191,1713406),(17,5,'2019-12-11 00:00:00','2019-12-13 00:00:00','2019-12-13 19:53:57',271792,51640,323432,1713407),(18,5,'2019-12-11 00:00:00','2019-12-13 00:00:00','2019-12-13 20:25:13',201383,38263,239645,1713408),(19,5,'2019-12-11 00:00:00','2019-12-13 00:00:00','2019-12-13 20:58:44',213061,40482,253542,1713409),(20,5,'2019-12-11 00:00:00','2019-12-13 00:00:00','2019-12-13 21:05:39',63804,12123,75926,1713410),(21,5,'2019-12-12 00:00:00','2019-12-13 00:00:00','2019-12-13 21:41:07',146333,27803,174136,1713592),(22,5,'2019-12-12 00:00:00','2019-12-13 00:00:00','2019-12-13 21:50:07',50724,9638,60361,1713593),(23,5,'2019-12-12 00:00:00','2019-12-13 00:00:00','2019-12-13 22:11:48',166403,31617,198020,1713594),(24,5,'2019-12-13 00:00:00','2019-12-14 00:00:00','2019-12-13 23:57:02',247784,47079,294862,1713783),(25,5,'2019-12-13 00:00:00','2019-12-14 00:00:00','2019-12-14 00:28:53',218819,41576,260394,1713784),(26,5,'2019-12-13 00:00:00','2019-12-14 00:00:00','2019-12-14 12:17:48',88686,16850,105536,1713785),(27,5,'2019-12-13 00:00:00','2019-12-16 00:00:00','2019-12-16 14:00:32',147736,28070,175805,1713929),(28,5,'2019-12-13 00:00:00','2019-12-16 00:00:00','2019-12-16 14:42:43',235452,44736,280187,1713930),(29,5,'2019-12-13 00:00:00','2019-12-16 00:00:00','2019-12-16 15:59:21',113481,21561,135042,1713931),(30,5,'2019-12-13 00:00:00','2019-12-16 00:00:00','2019-12-16 16:10:21',41722,7927,49649,1713932),(31,5,'2019-12-16 00:00:00','2019-12-17 00:00:00','2019-12-17 13:49:24',108968,20704,129671,1714088),(32,5,'2019-12-16 00:00:00','2019-12-17 00:00:00','2019-12-17 13:59:29',131149,24918,156067,1714089),(33,5,'2019-12-16 00:00:00','2019-12-17 00:00:00','2019-12-17 14:01:00',57892,10999,68891,1714090),(34,5,'2019-12-17 00:00:00','2019-12-18 00:00:00','2019-12-18 13:21:14',330140,62727,392866,1714329),(35,5,'2019-12-17 00:00:00','2019-12-18 00:00:00','2019-12-18 14:25:53',259332,49273,308605,1714330),(36,5,'2019-12-17 00:00:00','2019-12-18 00:00:00','2019-12-18 14:50:24',150416,28579,178995,1714331),(37,5,'2019-12-18 00:00:00','2019-12-19 00:00:00','2019-12-19 15:18:08',185124,35174,220297,1714542),(38,5,'2019-12-18 00:00:00','2019-12-19 00:00:00','2019-12-19 16:21:23',201577,38300,239876,1714543),(39,5,'2019-12-18 00:00:00','2019-12-19 00:00:00','2019-12-19 18:49:31',250717,47636,298353,1714544),(40,5,'2019-12-18 00:00:00','2019-12-19 00:00:00','2019-12-19 19:53:11',186535,35442,221976,1714545),(41,5,'2019-12-18 00:00:00','2019-12-20 00:00:00','2019-12-20 10:14:57',27419,5210,32628,1714546),(42,5,'2019-12-18 00:00:00','2019-12-20 00:00:00','2019-12-20 10:19:46',240607,45715,286322,1714553),(43,5,'2019-12-18 00:00:00','2019-12-20 00:00:00','2019-12-20 18:04:09',32747,6222,38968,1714554),(44,5,'2019-12-18 00:00:00','2019-12-20 00:00:00','2019-12-20 18:08:30',287889,54699,342587,1714488),(45,5,'2019-12-18 00:00:00','2019-12-20 00:00:00','2019-12-20 18:13:52',258562,49127,307688,1714489),(46,5,'2019-12-18 00:00:00','2019-12-20 00:00:00','2019-12-20 18:17:39',291150,55319,346468,1714490),(47,5,'2019-12-18 00:00:00','2019-12-20 00:00:00','2019-12-20 18:21:22',168324,31982,200305,1714491),(48,5,'2019-12-18 00:00:00','2019-12-20 00:00:00','2019-12-20 18:23:20',169882,32278,202159,1714492),(49,5,'2019-12-19 00:00:00','2019-12-21 00:00:00','2019-12-21 14:05:26',134873,25626,160498,1714724),(50,5,'2019-12-19 00:00:00','2019-12-21 00:00:00','2019-12-21 14:08:57',101881,19357,121238,1714725),(51,5,'2019-12-19 00:00:00','2019-12-21 00:00:00','2019-12-21 14:15:19',489318,92970,582288,1714727),(52,5,'2019-12-19 00:00:00','2019-12-21 00:00:00','2019-12-21 14:21:36',299047,56819,355865,1730461),(53,5,'2019-12-19 00:00:00','2019-12-21 00:00:00','2019-12-21 14:23:00',45408,8628,54035,1730462),(54,5,'2019-12-20 00:00:00','2019-12-23 00:00:00','2019-12-23 11:09:29',44733,8499,53232,1714945),(55,8,'2019-12-19 00:00:00','2019-12-23 00:00:00','2019-12-23 12:56:06',116396,22115,138511,421075),(56,8,'2019-12-19 00:00:00','2019-12-23 00:00:00','2019-12-23 14:55:44',119263,22660,141922,421074),(57,9,'2019-12-23 00:00:00','2019-12-24 00:00:00','2019-12-24 12:20:03',8727,1658,10385,40763),(58,6,'2019-12-23 00:00:00','2019-12-24 00:00:00','2019-12-24 12:45:30',59220,11252,70471,1169592),(59,5,'2019-12-23 00:00:00','2019-12-24 00:00:00','2019-12-24 13:11:29',168879,32087,200966,1735147),(60,7,'2019-12-24 00:00:00','2019-12-26 00:00:00','2019-12-26 12:30:10',117300,22287,139587,461982),(61,7,'2019-12-23 00:00:00','2019-12-26 00:00:00','2019-12-26 18:55:42',114118,21682,135800,461737),(62,7,'2019-12-23 00:00:00','2019-12-26 00:00:00','2019-12-26 18:59:35',176030,33446,209475,461741),(63,7,'2019-12-23 00:00:00','2019-12-26 00:00:00','2019-12-26 19:01:36',186432,35422,221854,461783),(64,5,'2019-12-24 00:00:00','2019-12-27 00:00:00','2019-12-27 15:12:11',42968,8164,51131,1735288),(65,5,'2019-12-26 00:00:00','2019-12-27 00:00:00','2019-12-27 18:50:53',278833,52978,331811,1735396),(66,7,'2019-12-27 00:00:00','2019-12-30 00:00:00','2019-12-30 14:57:43',93440,17754,111193,462402),(67,6,'2019-12-27 00:00:00','2019-12-30 00:00:00','2019-12-30 15:01:19',101227,19233,120460,1169796),(68,7,'2019-12-27 00:00:00','2019-12-30 00:00:00','2019-12-30 15:03:14',80300,15257,95557,462428),(69,5,'2019-12-27 00:00:00','2019-12-31 00:00:00','2019-12-31 11:39:22',209262,39760,249021,1735549),(70,7,'2019-12-30 00:00:00','2019-12-31 00:00:00','2019-12-31 11:58:01',70040,13308,83347,462800),(71,5,'2019-12-31 00:00:00','2019-12-31 00:00:00','2019-12-31 13:04:09',80459,15287,95746,1735964),(72,5,'2019-12-30 00:00:00','2019-12-31 00:00:00','2019-12-31 13:44:55',254750,48403,303152,1735847),(73,5,'2019-12-30 00:00:00','2019-12-31 00:00:00','2019-12-31 14:01:19',171989,32678,204666,1735848),(74,7,'2020-01-02 00:00:00','2020-01-03 00:00:00','2020-01-03 08:58:47',110950,21081,132030,463181),(75,5,'2020-01-02 00:00:00','2020-01-03 00:00:00','2020-01-03 12:32:33',206795,39291,246086,1736148),(76,10,'2020-01-02 00:00:00','2020-01-03 00:00:00','2020-01-03 12:45:08',58480,11111,69591,1951734),(77,10,'2019-12-31 00:00:00','2020-01-03 00:00:00','2020-01-03 18:56:15',169426,32191,201616,1851122),(78,10,'2019-12-31 00:00:00','2020-01-03 00:00:00','2020-01-03 19:00:52',211123,40113,251236,1951121),(79,10,'2019-12-31 00:00:00','2020-01-03 00:00:00','2020-01-03 19:03:39',171514,32588,204101,1951123),(80,10,'2020-01-02 00:00:00','2020-01-03 00:00:00','2020-01-03 19:05:56',124360,23628,147988,1951776),(81,10,'2019-12-31 00:00:00','2020-01-03 00:00:00','2020-01-03 19:10:16',142130,27005,169134,1951120),(82,10,'2020-01-02 00:00:00','2020-01-03 00:00:00','2020-01-03 19:12:22',19100,3629,22729,1951777),(83,7,'2020-01-03 00:00:00','2020-01-06 00:00:00','2020-01-06 12:03:16',89090,16927,106017,463419),(84,7,'2020-01-03 00:00:00','2020-01-06 00:00:00','2020-01-06 12:03:16',89090,16927,106017,463419),(85,5,'2020-01-03 00:00:00','2020-01-06 00:00:00','2020-01-06 12:07:18',84655,16084,100739,1736361);

/*Table structure for table `facturas_relacional` */

DROP TABLE IF EXISTS `facturas_relacional`;

CREATE TABLE `facturas_relacional` (
  `id` int(11) NOT NULL AUTO_INCREMENT,
  `codigoProveedor` varchar(100) COLLATE utf8_spanish_ci DEFAULT NULL,
  `codigoProducto` int(11) DEFAULT NULL,
  `precioUnitario` int(11) DEFAULT NULL,
  `cantidad` int(11) DEFAULT NULL,
  `totalUnitario` int(11) DEFAULT NULL,
  `idfactura` int(11) DEFAULT NULL,
  `nombreProducto` varchar(200) COLLATE utf8_spanish_ci NOT NULL,
  PRIMARY KEY (`id`)
) ENGINE=InnoDB AUTO_INCREMENT=1284 DEFAULT CHARSET=utf8 COLLATE=utf8_spanish_ci;

/*Data for the table `facturas_relacional` */

insert  into `facturas_relacional`(`id`,`codigoProveedor`,`codigoProducto`,`precioUnitario`,`cantidad`,`totalUnitario`,`idfactura`,`nombreProducto`) values (1,'0118-A6',1006,2990,1,2990,1,'AXIAL 0.30 305/405/PARTBERL1.9'),(2,'1336-N80',1002,4460,1,4460,1,'ACOPLE SALIDA AGUA 04> PARTNERBERL'),(3,'1450-760',1007,12590,1,12590,1,'BOMBA BENCINA SALIDA AL LADO 505 87> 504'),(4,'4534-110',1008,2580,1,2580,1,'BULBO FRENO 405 93>106206306PARTNER'),(5,'4534-441',1026,2750,3,8250,1,'BULBO FRENO 206 01>PARTBERL04>'),(6,'5038-E7',1027,7150,2,14300,1,'CAZOLETA AMORTIGUADOR DEL. 207'),(7,'5960-83A',1028,2430,8,19440,1,'BUJIA EXTRA LARGA 2071.416VALV 308EP6'),(8,'5960-E60',1029,3570,8,28560,1,'BUJIA INCANDESCENTE 1.6 8VAL 12> PARTBERL/EXPERT'),(9,'5970-E60',1033,16650,4,66600,1,'BOBINA LAPIZ 207/3081.616VAL'),(10,'6561-97A',1034,6820,1,6820,1,'ANTENA (CORTA) 206'),(11,'C5-503891',1035,7390,2,14780,1,'CAZOLETA AMORTIGUADOR DEL. C2/C3 >05'),(12,'C5-5038F50',1036,6290,2,12580,1,'CAZOLETA AMORTIGUADOR DEL. C2/C3 05>'),(13,'R-108033',1037,40010,1,40010,1,'AMORTIGUADOR TRASERO JGO.(IZQ/DER) LOGAN/SANDERO'),(14,'R-11871',1038,3570,1,3570,1,'BULBO MARCHA ATRAS 19/21/CLIO/TWIN/KANGO'),(15,'R-1199-18',1039,12590,1,12590,1,'BOMBA BENCINA S/RETORNO R-12/18TL'),(16,'R-1199-181',1040,12590,1,12590,1,'BOMBA BENCINA C/RETORNO R-12/18TL'),(17,'R-12140',1041,5500,1,5500,1,'CORREA 6PK*1400 KANGOO1.9 F8Q>08'),(18,'R-1299-847',1042,6890,2,13780,1,'CAZOLETA AMORTIGUADOR DEL. LOG/SANDE/DUSTER/DOKE'),(19,'V-2004',1043,2600,6,15600,1,'SILICONA GRIS 70ML VICTOR REINZ (GLASER)'),(20,'3707050-5',11533,14656,1,14656,2,'AMORTIGUADOR DEL.IZQ. SM3'),(21,'3707051-3',11534,14656,1,14656,2,'AMORTIGUADOR DEL.DER. SM3'),(22,'201030-5',6279,7573,1,7573,3,'ANILLOS STD. 88MM 2.0 504/505'),(23,'201044-5',4987,9860,1,9860,3,'ANILLOS STD. 84MM 1.5*2*4'),(24,'201527-7',9688,10539,1,10539,3,'ANILLOS STD. 75MM 3*2*2.5 CROM PARTMAXI.'),(25,'201766-0',7459,10680,1,10680,3,'ANILLOS STD. 83MM 1.5*1.5*3. CROMA 306..'),(26,'204043-3',6649,1489,1,1489,3,'ABRAZADERA PORTA FILTRO PETROLEO PARTNER.'),(27,'207053-7',5602,11898,2,23796,3,'AMORTIGUADOR TRASERO'),(28,'207457-5',7512,15400,2,30800,3,'AMORTIGUADOR TRASERO GAS'),(29,'207519-9',12843,17835,1,17835,3,'AMORTIGUADOR DEL.DER. C-ELYSEE/301'),(30,'207520-2',12844,17835,1,17835,3,'AMORTIGUADOR DEL.IZQ. C-ELYSEE/301'),(31,'207588-1',9705,13508,1,13508,3,'AMORTIGUADOR DEL.IZQ. 206'),(32,'207589-k',9704,13508,1,13508,3,'AMORTIGUADOR DEL.DER. 206.'),(33,'207599-7',11323,15841,1,15841,3,'AMORTIGUADOR DEL.IZQ. 307'),(34,'207600-4',11324,15841,1,15841,3,'AMORTIGUADOR DEL.DER. 307'),(35,'209079-1',1044,3621,2,7242,3,'AMORTIGUADOR PORTALON PARTNERMAXI'),(36,'210861-5',12181,8351,1,8351,3,'ANILLOS STD. 73.7MM 2.5*2*2.5 206.'),(37,'215018-2',1045,18169,4,72676,3,'ACEITE 5W30 (P/FAP-DPF)'),(38,'215044-1',1046,10501,12,126012,3,'ACEITE CAJA CAMBIO AUTOMATICA ATF 4HP20 AL4'),(39,'301004-K',3878,7873,1,7873,3,'ANILLOS STD. 75.8MM 1.5*1.75*3 19/CLIO 1.21.4.'),(40,'301040-6',5057,7490,1,7490,3,'ANILLOS STD. 80MM 2*2*3 19/KANGOO DIESEL'),(41,'301328-6',1011,1360,1,1360,3,'AJUSTE CAMISA (ORING)'),(42,'307042-5',1047,13770,1,13770,3,'AMORTIGUADOR DELANTERO CLIO'),(43,'307091-3',7895,12551,2,25102,3,'AMORTIGUADOR TRASERO R19'),(44,'307094-8',1048,5890,2,11780,3,'AMORTIGUADOR TRASERO R-12TL'),(45,'0342-E0D',1049,1681,1,1681,4,'EMP.MULT.ADMISION ORING JGO. 206 1.4 01>C-3'),(46,'R-9868-D',1052,16723,1,16723,4,'VALVULA ADMISION (JGO.8) K4M CLIO1.616VALV'),(47,'R9870-D',1053,18318,1,18318,4,'VALVULA ESCAPE (JGO.8) K4M CLIO1.616VALV'),(48,'1109-40',1054,2521,1,2521,5,'FILTRO ACEITE W716/1(208EB2) 205405306C-15'),(49,'1109-40A',1056,1933,1,1933,5,'FILTRO ACEITE W716/1(208EB2) 205405306C-15'),(50,'1109-S5J',1057,1849,3,5547,5,'FILTRO ELEMENTO ACEITEHU716/2X 301C-ELYSEE'),(51,'1444-TVB',1058,5462,1,5462,5,'FILTRO AIRE C3585'),(52,'1444-TVF',1059,3361,1,3361,5,'FILTRO AIRE C3585'),(53,'1901-20',1060,2857,2,5714,5,'FILTRO BENCINA C/PESTAÑA 206307CLIOMEG'),(54,'1901-20C',1063,1681,2,3362,5,'FILTRO BENCINA C/PESTAÑA 206307CLIOMEG'),(55,'3817-09A',1064,2521,4,10084,5,'EXTREMO DIRECCION 5455254536/911PART'),(56,'3817-14',1065,2521,2,5042,5,'EXTREMO DIRECCION IZQ.307>05 206'),(57,'3817-16',1066,2521,2,5042,5,'EXTREMO DIRECCION DER.307>05 206'),(58,'6447-2080B',1067,3361,2,6722,5,'FILTRO POLEN 301/C-ELYSEE'),(59,'8148-YCC',1068,8395,1,8395,5,'ESPEJO IZQUIERDO MANUAL 206'),(60,'R2702-B',1069,10084,1,10084,5,'FILTRO PETROLEO KANGOO1.5 11>'),(61,'0204-123KITA',1070,8571,1,8571,6,'PERNO CULATA PARTNBERLINGO 1.9'),(62,'0204-C5KITA',1071,8824,1,8824,6,'PEDRNO CULATA PARTBERL 1.6HDI'),(63,'0831-TU3-BBA',1072,33529,1,33529,6,'KIT DIST.1CORREA1TENS+BOMBA AGUA C-3/2061.4 01>'),(64,'1192-W0C',1074,21008,1,21008,6,'MANGUERA GASES RESPIRADERO 206 307 1.6'),(65,'1574-Q5C',1076,12185,1,12185,6,'MANGUERA INYECTORES PARTBERL1.6HDI'),(66,'1901-81A',1077,12185,1,12185,6,'FILTRO PETROLEO WK939/2 PARTBERL1.6HDI'),(67,'1906-E6A',1078,10924,1,10924,6,'FILTRO PETROLEO 301/C-ELYSEE PART 12>'),(68,'1982-633A',1079,4622,2,9244,6,'TUERCA INYECTOR JGO.(8UNID) PARTBERL 1.6HDI'),(69,'1982-REPB',1081,14706,1,14706,6,'GOLILLAS INYECTOR JGO.(12PZAS) PARTBERL1.6HDI'),(70,'1984-E0F',1082,11345,2,22690,6,'INYECTOR BENCINA AZUL 206 1.4'),(71,'2150-CYD',1083,12437,1,12437,6,'PIOLA EMBRAGUE C/AUTOREG.PARTBERL 1.6HDI 07>'),(72,'5132-A672B',1084,8403,2,16806,6,'KIT ROD.SUSP.TRAS. 2061.4 1.6'),(73,'',1085,7983,1,7983,6,'FILTRO PETROLEO KANGO 1.5 >10 PLASTICO'),(74,'1001-560',1086,24790,1,24790,7,'BOMBA ACEITE PARTBERL 1.9 C-15 BOXER 1.9'),(75,'1001-F2C',1087,25042,1,25042,7,'BOMBA ACEITE 1.6HDI PARTBERL'),(76,'1201-G0B',1088,10840,1,10840,7,'BOMBA AGUA 18DTS. 206-C3 1.4 01> SAXO'),(77,'1201-G1',1089,13445,1,13445,7,'BOMBA AGUA PARTBERL1.6 HDI 301C-ELYSEE'),(78,'2452-81A',1091,2941,2,5882,7,'BIELETA P/CAMBIO LARGA C/REG. 206 PARTNERBERL'),(79,'2454-G5D',2000,3361,2,6722,7,'BIELETA P/CAMBIO CORTA PLASTI 206'),(80,'3520-G8',2001,15966,1,15966,7,'BANDEJA IZQUIERDA 206'),(81,'3521-C8',2003,15966,1,15966,7,'BANDEJA DERECHA 206'),(82,'3520-R77',2004,16387,1,16387,7,'BANDEJA IZQUIERDA S/ROTULA 301 C-ELYSEE'),(83,'3521-N88',2005,16387,1,16387,7,'BANDEJA DERECHA S/ROTULA 301 C-ELYSEE'),(84,'4241-1180A',2006,14202,1,14202,7,'BALATAS TRASERAS JGO. 301 C-ELYSEE'),(85,'9730-AEE',2007,5042,6,30252,7,'ACEITE CAJA AUTOMATICA 1LT TOTAL AT42'),(86,'R0727-A',2008,14118,1,14118,7,'BOMBA AGUA K4M CLIOII 1.616VALV MEGSCEN'),(87,'0948-A9C',2009,16639,1,16639,8,'VALVULA ADMISION JGO.(8) 2063071.616VALV C-4'),(88,'1103-J5A',2010,3109,1,3109,8,'TAPA FILTRO ACEITE HU612X'),(89,'',2011,3361,1,3361,8,'TAPA FILTRO ACEITE HU711/51X'),(90,'1306-C7F',2012,2101,2,4202,8,'TAPA RADIADOR LILA 306PARTBERL'),(91,'1306-E4G',2013,1681,2,3362,8,'TAPA RADIADOR C/HILO 206307C3C4XARA'),(92,'1336-Q1F',1062,5042,1,5042,8,'TERMOSTATO 89° RECTO 206 307.'),(93,'1336-Q2D',1104,5882,1,5882,8,'TERMOSTATO 89° CURVO 206 307 XARA'),(94,'1336-Z0F',1103,8992,1,8992,8,'TERMOSTATO 89° CUADRADO 206 1.6 307'),(95,'1806-A6E',1102,9664,1,9664,8,'SOPORTE MOTOR TRAS(BIELETA) 301/C-ELYSEE'),(96,'1807-46B',1101,3193,1,3193,8,'SOPORTE MOTOR TRAS 70MM 205 306 206 ZX PART BERL'),(97,'1807-56B',1100,3361,1,3361,8,'SOPORTE MOTOR TRAS 65MM 205 306 206 ZX'),(98,'1844-47',1099,8067,1,8067,8,'SOPORTE MOTOR DERECHO(PERA) PARTNER BERLINGO ZX'),(99,'5751-C8D',1098,17479,1,17479,8,'TENSOR CORREA ALT.C/A/A 206 1.4 1.6'),(100,'0236-21',1105,1261,2,2522,9,'RETEN EJE LEVA 36*50*8 106205206405 C-3'),(101,'0236-21TU3',1106,4034,2,8068,9,'KIT RETENES(EJE LEVA/DIST.)36*50*8/42*66*8'),(102,'0956-18',1107,2605,1,2605,9,'RETENES VALVULA 8MM R-19/405/PARTBERL1.9'),(103,'1330-P9B',1108,29412,1,29412,9,'RADIADOR 207/208/2008/301 1.6'),(104,'1330-W2E',1109,23723,1,23723,9,'RADIADOR PARTBERL 1.6HDI'),(105,'1911-44A',1110,24790,1,24790,9,'PORTA FILTRO PETROLEO PARTBERL 1.9'),(106,'2041-28B',1111,4370,1,4370,9,'ROD.EMPUJE C/PATA 205405306AXZX'),(107,'2041-28B',1112,4370,1,4370,9,'ROD.EMPUJE S/PATA PART 04> 307'),(108,'2150-CXC',1113,11681,1,11681,9,'PIOLA EMBRAGUE PARTBERL 1.9 05>'),(109,'6346-79C',1114,8319,2,16638,9,'PORTA AMPOLLETA PARTNER BERLINGO >11'),(110,'R7711',1115,1681,4,6724,9,'RETEN EJE LEVA 28*42*5 CLIOII MEG SCEN K4M'),(111,'R77111-A',1116,4034,2,8068,9,'KIT RETENES(2EJE LEVA/1DIST) 28*42*5 CLIOII MEG SCEN K4M'),(112,'R-8155-B',1117,4286,2,8572,9,'ROD.RUEDA TRASERA 9/11/19CLIO106205206306'),(113,'0249-22C',1118,2941,2,5882,10,'EMP.TAPA VALVULA 206/306 1.41.6 ZX205GT'),(114,'1018-66E',1119,8824,1,8824,10,'CHUPADOR ACEITE PARTBERL1.6HDI 301C-ELYSEE'),(115,'4246-W1A',1120,15966,1,15966,10,'DISCO FRENO VENT.(JGO) PART1.91.6 04>2061.6 307'),(116,'4252-40B',1121,7143,2,14286,10,'PASTILLA FRENO PART04> 3072061.6XARAPIC301'),(117,'4534-44D',1122,4622,1,4622,10,'BULBO FRENO PARTBERL04> 206 01>'),(118,'5038-244',1123,12353,2,24706,10,'CAZOLETA C/ROD. PARTBERL 306 ZX'),(119,'5038-244',1124,9832,2,19664,10,'CAZOLETA PARTBERL 306 ZX'),(120,'5210-19',1125,3782,2,7564,10,'CAZOLETA 205 405 C-15'),(121,'5961-21',1126,1092,20,21840,10,'BUJIA DELGADA C/RESIS 254536ZXCLIO 2061.4'),(122,'5962-7X',1127,1597,10,15970,10,'BUJIA EXTRA LARGA 16MM 206307C4XAR1.6'),(123,'8148-XYC',1128,8395,1,8395,10,'ESPEJO DERECHO MANUAL 206'),(124,'R-1713A',1129,15966,1,15966,10,'DISCO FRENO DEL.VENT.(JGO)19ECL/CLIOIIMEGS'),(125,'R64555A',1130,7143,1,7143,10,'PASTILLA FRENO 9/11/19CLIO/CLIOIIMEG'),(126,'0113-942',1147,9440,1,9440,11,'METAL BANCADA 0.30 405406605/PARTBER1.9ZX'),(127,'0197-A61',1148,23620,1,23620,11,'EMP.MOTOR 106/2061.4/PART/SAXO/C-31.4'),(128,'0209-S41A',1149,4690,1,4690,11,'EMP.CULATA 4M PARTBERL BOXERXUD9 >02 C-15XUD9/XUD7.'),(129,'0831-W2C',1150,38000,3,114000,11,'KIT DIST.(CORREA/TENS/DESL) 301C-ELYSEPART12>EXPERT'),(130,'1109-T3',1151,5500,1,5500,11,'FILTRO ACEITE ELEM. 308/3008(T9) 1.6'),(131,'1109-X30',1152,1730,3,5190,11,'FILTRO ACEITE ELEM.HU711/51X 206/307/C2/C3/C4'),(132,'1201-G9A',1153,11970,3,35910,11,'BOMBA AGUA PART1.6HDI/301C-ELYSE/3071.6HDI.'),(133,'1307-HNA',1154,11250,1,11250,11,'DEPOSITO AGUA PARTBERL 1.9>04'),(134,'1323-11B',1155,11800,1,11800,11,'DEPOSITO AGUA PARTBERL 2061.4 1.6'),(135,'1343-GHA',1156,3650,1,3650,11,'MANGUERA RAD.SUP. PARTBERL1.6HDI PICASSO'),(136,'1351-JG1',1157,3530,1,3530,11,'MANGUERA RAD.INF. PARTBERL1.6HDI PICASSO'),(137,'1351-Z4',1158,12590,1,12590,11,'MANGUERA RAD.INF. 3061.41.6 00>XARA'),(138,'1444-3088',1159,5500,1,5500,11,'FILTRO AIRE 308(T9) 1.6 BLUE HDI 3008'),(139,'1444-VL0',1160,4870,1,4870,11,'FILTRO AIRE 207 1.4/ C-3 II 12>'),(140,'1579-Q4A',1161,8990,1,8990,11,'MANGUERA FILTRO PETROLEO(RETORNO) PARTBERL'),(141,'1618-C91',1162,21080,1,21080,11,'ELECTROVALVULA EGR/TURBO 307/PARTBER/C-4'),(142,'2117-58',1163,7870,1,7870,11,'HORQUILLA EMBRAGUE PARTBERL 1.6 1.9 04>'),(143,'6447-KK0',1164,5500,1,5500,11,'FILTRO POLEN 308/307/RCZ'),(144,'6976-06A',1165,2110,1,2110,11,'CHAVETA CIGUEÑAL PART/405/406'),(145,'0326-271',1166,2740,2,5480,12,'RETEN DIST.40*55*7 PARTBERL1.6HDI 206/307'),(146,'0514-74',1167,5620,1,5620,12,'RETEN CIG. 85*105*9 106205GT306307 R-191.6'),(147,'0807-14',1168,2350,2,4700,12,'RETEN EJE LEVA 35*50*7 PARTBERL1.9 BOX2.5'),(148,'1104-360',1169,2350,1,2350,12,'ORING ENFRIADOR (JGO) PARTBERL'),(149,'1174-75A',1170,5090,1,5090,12,'VARILLA ACEITE 2061.4 PARTBERL1.4'),(150,'1330-38A',1171,20240,1,20240,12,'RADIADOR C/A/A 206 1.4 1.6'),(151,'1798-405',1172,3140,1,3140,12,'PICARON ESCAPE 405/605/309'),(152,'2150-EC0',1173,8400,3,25200,12,'PIOLA EMBRAGUE C/AUTOREG. 206 05> 1.41.6'),(153,'2150-EEA',1174,18330,1,18330,12,'PIOLA EMBRAGUE C/AUTOREG. 2061.4HDI 04>207 COMP'),(154,'3121-26',1175,1050,3,3150,12,'RETEN TRANS.DER.29.85*47*10 106205206306405PARTBERL'),(155,'3121-27',1176,2090,3,6270,12,'RETEN TRANS.IZQ.40*58*10 106205206306405PARTBERL'),(156,'3252-04A',1177,1580,2,3160,12,'PERNO SEGURO ROD.TRANS. 106205306'),(157,'4253-93',1178,17840,1,17840,12,'PASTILLA FRENO 3081.6/3008 1.6'),(158,'5802-W5B',1179,46950,1,46950,12,'MOTOR PARTIDA PARTBERL 1.9'),(159,'5927-001A',1180,1950,2,3900,12,'PLATINO FEMSACO 404/504'),(160,'R-11888',1181,14170,1,14170,12,'BULBO D/HIDRAULICA CLIOIIMEGSCEN'),(161,'R-223011',1182,3140,1,3140,12,'PERILLA P/CAMBIO CLIO II LOGAN'),(162,'R-2399-32',1183,1660,2,3320,12,'RETEN EJE LEVA 30*42*6 CLIO/EXPRESS 1.21.4 ENERGY'),(163,'R-2399-60',1184,2350,2,4700,12,'RETEN EJE LEVA 25*42*6 19/KANGOO 1.9DIESEL'),(164,'0258-55A',1185,2510,1,2510,13,'TAPA ACEITE 206306 1.4 1.6 205/309'),(165,'1174-490',1186,2830,1,2830,13,'VARILLA ACEITE 106/306/205/309 1.4'),(166,'1174-E66',1187,3930,1,3930,13,'VARILLA ACEITE PARTBERL 1.6HDI 307/C-4'),(167,'1508-C5',1188,10080,1,10080,13,'TAPA PETROLEO'),(168,'1807-250',1189,2060,2,4120,13,'SOPORTE MOTOR 504/505'),(169,'1920-AQ2',1190,12590,1,12590,13,'VALVULA IAC 206/306 1.4'),(170,'3350-181',1191,5370,2,10740,13,'ROD.RUEDA DEL.35*66*32 106/AX (LLANTA 3PERNOS)'),(171,'3748-A1B',1192,9770,3,29310,13,'ROD.RUEDA TRAS. 301/C-ELYSEE /208/C3PICASSO'),(172,'3812-C5',1193,3740,2,7480,13,'ROTULA AXIAL 206/207 COMPACT'),(173,'5751-380',1194,9450,1,9450,13,'TENSOR ALTERNADOR C/PATA PARTBERL XUD9 >99'),(174,'5937-050',1195,1570,1,1570,13,'ROTOR DISTRIBUIDOR 404/504/505'),(175,'5937-29',1196,3070,1,3070,13,'ROTOR DISTRIBUIDOR ENC./ELECT 505(MARELLI).'),(176,'5937-47',1197,2540,1,2540,13,'ROTOR DISTRIBUIDOR DUCEL. 405/205/505'),(177,'5941-200',1198,6290,1,6290,13,'TAPA DISTRIBUIDOR DUCEL. 504/505 305'),(178,'5941-350',1199,7720,1,7720,13,'TAPA DISTRIBUIDOR DUCEL. 205/405'),(179,'5941-43A',1200,6760,1,6760,13,'TAPA DISTRIBUIDOR ENC/ELECT 505 (MARELLI)'),(180,'6453-405A',1201,4980,1,4980,13,'ROD.COMPRESOR A/AC 405/206/307 (35*55)'),(181,'R-207817',1202,8110,1,8110,13,'TPS (SENSOR) CLIOII/MEG 1.6 16V K4M'),(182,'R-2312-4',1203,4100,1,4100,13,'ROTOR DISTRIBUIDOR DUCEL 19ECLAIRE'),(183,'R-2573-1',1204,8170,1,8170,13,'TAPA DISTRIBUIDOR DUCEL 19/CLIO 1.4 ENERGY'),(184,'0606-80',1205,4748,1,4748,14,'METAL BIELA STD. PARTBERL 1.9 XUD9/DW8 405/605'),(185,'1308-CP1',1206,7042,1,7042,14,'RESISTENCIA ELECTROVENT. C-4 106 307/308 PARTTEPEE'),(186,'1797-74',1207,8807,1,8807,14,'PICARON ESCAPE JGO. 206/307 1.6 16VAL'),(187,'1798-83',1208,13218,1,13218,14,'PICARON ESCAPE JGO. 206/ 1.4 PARTBERT 1.4'),(188,'3248-030A',1209,3513,1,3513,14,'SEGURO HOMOSINETICA DER. 106/205/306/405/206'),(189,'3622-30',1210,866,2,1732,14,'TUERCA PERNO RUTULA MUÑON 106/206'),(190,'4015-091',1211,13008,1,13008,14,'BULBO D-HIDRAULICO 206 1.4 1.6 PART 1.4'),(191,'R-22316',1212,4513,1,4513,14,'REP.P/CAMBIO KIT 19/MEG/CLIO'),(192,'R-256501',1213,3950,2,7900,14,'SELLOS CULATA (JGO) K4M CLIOII/MEGSCENI'),(193,'0249-A4',1214,4748,1,4748,15,'EMP.TAPA VALVULA INF. 206 2.0 307/406 2.0.'),(194,'0249-A51',1215,3773,1,3773,15,'EMP.TAPA VALVULA SUP. 206 2.0 307/406 2.0'),(195,'0606-81',1216,6395,1,6395,15,'METAL BIELA 0.30 PARTBERT 1.9 XUD9/DW8/405/406'),(196,'2452-390',1217,2555,1,2555,15,'BIELETA P/CAMBIO 505 87>'),(197,'3287-A9',1218,2630,2,5260,15,'FUELLE TRANS.L/CAJA PARTBERT 1.6 HDI 308 1.6'),(198,'3307-560',1219,9689,2,19378,15,'MAZA RUEDA DEL. 206 1.6 2.0 307/306 1.6 405'),(199,'3523-400',1220,1555,2,3110,15,'BUJE BANDEJA 405'),(200,'4241-K50',1133,10067,1,10067,15,'BALATAS FRENO TRAS.S/ABS JGO. 2061.4.'),(201,'4599-41A',1221,7613,1,7613,15,'EMP.DEPRESOR (JGO.GOMA) PARTBERL 1.6 HDI.'),(202,'5087-270',1134,8160,2,16320,15,'BIELETA B/ESTAB.C/BUJE OJO OJO 405.'),(203,'C1-1343LC0',1222,3807,1,3807,15,'MANGUERA SUP.RADIADOR C-3 1.4 TU3JP'),(204,'R-299-8711',1223,4235,2,8470,15,'ROD.CAZOLETA CLIOII KANGOO DUSTER'),(205,'R-2091310',1224,6345,1,6345,15,'METAL BIELA STD. CLIOII/MEGANE K4M'),(206,'201040-2',11165,2961,1,2961,16,'AXIAL STD. 3O5GT405PARTBERL1.9.'),(207,'201493-9',1225,1726,1,1726,16,'BULBO ACEITE 306'),(208,'201497-1',1226,2322,1,2322,16,'BULBO ACEITE 205'),(209,'201969-8',1227,2647,1,2647,16,'BULBO ACEITE PARTNER MAXI'),(210,'202028-9',5001,6048,1,6048,16,'BIELETA P/CAMBIO CORTA 206.'),(211,'202075-0',1228,20352,1,20352,16,'BOMBA EMBRAGUE 301 C-ELYSEE'),(212,'202076-9',1229,3778,1,3778,16,'BULBO MARCHA ATRAS BOXER HDI PARTBERL.'),(213,'202083-1',1230,3385,1,3385,16,'BULBO MARCHA ATRAS 306'),(214,'202110-2',1231,4049,1,4049,16,'CENTRADOR CAJA C/RETEN 206'),(215,'202113-7',1232,4399,1,4399,16,'BULBO MARCHA ATRAS 206'),(216,'202122-6',1233,23219,1,23219,16,'CILINDRO EMBRAGUE 301 C-ELYSEE'),(217,'202617-1',1234,3559,1,3559,16,'BULBO MARCHA ATRAS 208.'),(218,'202671-6',1235,5883,1,5883,16,'CENTRADOR CAJA C/RETEN PARNERBERL'),(219,'203009-8',1094,19715,1,19715,16,'BOBINA ELECTRONICA PLANA 206 GRIS.'),(220,'203059-4',1236,6824,4,27296,16,'BUJIA EXTRA LARGA 16V. 3008 301'),(221,'203075-6',7653,18360,1,18360,16,'BOBINA ELECTRONICA PLANA 206 NEGRO.'),(222,'203079-9',1070,33267,1,33267,16,'BOBINA ELECTRONICA PLANA 206 NEGRO..'),(223,'203084-5',1032,10991,1,10991,16,'BOBINA ELECTRONICA 405 93>.'),(224,'203093-4',1237,1101,10,11010,16,'BUJIA DELGADA C/RESIST. 206 1.4 205306405 CLIO ZX'),(225,'203098-5',1238,4373,10,43730,16,'BUJIA INCANDESCENTE PARTNERBERL'),(226,'203101-9',1239,1801,10,18010,16,'BUJIA DELGADA C/RESIST.2 ELECTRODOS 205/405/BIPPER'),(227,'203131-0',7652,28227,1,28227,16,'BOBINA ELECTRONICA PLANA EN/PU 2063071.616VALV.'),(228,'203405-0',1240,9429,1,9429,16,'CABLE BUJIA 405'),(229,'203996-6',1241,2143,10,21430,17,'BUJIA INCANDESCENTE 01>PARTNBERL C-15 BOXER 1.9'),(230,'204047-6',1242,27719,1,27719,17,'BOMBA BENCINA COMPLETA 206'),(231,'204065-4',1243,25167,1,25167,17,'BOMBA BENCINA COMPLETA 206'),(232,'204068-9',1244,14365,1,14365,17,'BOMBA BENCINA ELECTRICA PARTNER 1.4'),(233,'204069-7',1245,12191,1,12191,17,'BOMBA BENCINA ELECTRICA C-15 306'),(234,'204198-7',1246,3955,1,3955,17,'BULBO TEMPERATURA SENSOR AZUL 3 PINES 206'),(235,'206059-0',1247,5377,1,5377,17,'BULBO FRENO PARTNER HDI'),(236,'206073-6',1248,3378,1,3378,17,'BULBO FRENO PARTNER MAXI'),(237,'206086-8',1249,20834,1,20834,17,'BOMBA FRENO T/BENDIX 405'),(238,'206098-1',1250,7590,1,7590,17,'CILINDRO FRENO DER. 405'),(239,'206102-3',1251,7765,1,7765,17,'CILINDRO FRENO DER. AX 306'),(240,'206123-6',1252,3888,1,3888,17,'CILINDRO FRENO DER. 505'),(241,'207109-6',2002,3384,2,6768,17,'BIELETA B/ESTABILZADORA PARTBERL>11 306.'),(242,'207127-4',2001,4479,2,8958,17,'BIELETA B/ESTABILZADORA PARTBERL>11 306.'),(243,'207136-3',1021,3022,4,12088,17,'BIELETA B/ESTABILZADORA 206 C-3.'),(244,'207145-2',1009,13799,1,13799,17,'BANDEJA DERECHA 206/207COMPAC.'),(245,'207146-0',1010,13799,1,13799,17,'BANDEJA DERECHA 206/207COMPAC.'),(246,'207155-K',1253,2213,2,4426,17,'BIELETA B/ESTABILIZA DEL. 406'),(247,'207169-K',1061,20850,1,20850,17,'BANDEJA IZQUIERDA 206 FRANC.'),(248,'207170-3',1060,20850,1,20850,17,'BANDEJA DERECHA 206 FRANC.'),(249,'207225-4',1019,2838,2,5676,17,'BIELETA B/ESTABILZADORA 307/C-4.'),(250,'207295-5',1254,3949,2,7898,17,'CAZOLETA AMORTIGUADOR 205/405'),(251,'207297-1',1255,3021,1,3021,17,'GOMA B/ESTABILIZA 206'),(252,'207379-K',1256,5201,1,5201,18,'BIELETA B/ESTABIL.TRASERA IZQ. 206.'),(253,'207380-3',1257,5201,1,5201,18,'BIELETA B/ESTABIL.TRASERA DER. 206'),(254,'207401-K',1258,5413,2,10826,18,'CAZOLETA AMORTIGUADOR 307/C-4'),(255,'207490-7',1259,10354,1,10354,18,'BANDEJA IZQUIERDA S/ROTULA 306 ZX PARTBERL >00'),(256,'207502-4',1260,4500,1,4500,18,'BIELETA B/ESTABILIZADORA IZQ. 301/C-ELYSEE'),(257,'207549-0',1261,4500,1,4500,18,'BIELETA B/ESTABILIZADORA DER. 301/C-ELYSEE'),(258,'210187-4',1262,3174,1,3174,18,'BULBO ACEITE BOXER'),(259,'210848-8',1263,7773,1,7773,18,'BULBO ACEITE 301/C-ELYSEE.'),(260,'213021-1',4930,11662,1,11662,18,'BOMBA AGUA 2053061.4 PARTZX1.4.'),(261,'213042-4',1095,6933,1,6933,18,'BOMBA AGUA 3061.6 8VALV 106.'),(262,'2013045-9',1264,14515,1,14515,18,'BOMBA AGUA BOXER PARTBERL 01> C-15'),(263,'213073-4',1097,13257,1,13257,18,'BOMBA AGUA 3061.6 8VALV 106.'),(264,'213077-7',1265,15250,1,15250,18,'BOMBA AGUA 306'),(265,'213086-6',1266,14327,1,14327,18,'BOMBA AGUA C/PESTAÑA 405 PARTBERL>00 1.9'),(266,'213088-2',1132,16801,1,16801,18,'BOMBA AGUA 206 1.4 HDI C-3 HDI.'),(267,'213137-4',6390,10838,1,10838,18,'BOMBA AGUA 404.'),(268,'213139-0',2427,7467,1,7467,18,'BOMBA AGUA 2053061.4 PARTZX1.4.'),(269,'213144-7',3090,9576,1,9576,18,'BOMBA AGUA 504-505.'),(270,'213163-3',1267,2965,2,5930,18,'BULBO TEMPERATURA SENSOR 206 PARTBERL'),(271,'213169-2',1268,4972,1,4972,18,'BULBO TEMPERATURA SENSOR 206'),(272,'213295-8',1018,11788,1,11788,18,'BASE TERMOSTATO C-3. 206.'),(273,'213712-7',1269,4231,1,4231,18,'BULBO TEMPERATURA SENSOR 206 106'),(274,'301504-1',1270,2307,1,2307,18,'BULBO ACEITE R/5'),(275,'301517-3',1271,2722,1,2722,19,'BULBO PRESION ACEITE CLIOII MEGAN SCENISS'),(276,'302054-1',1272,4488,1,4488,19,'BULBO MARCHA ATRAS LOGAN MEGANE III'),(277,'302086-K',1273,8292,1,8292,19,'BULBO MARCHA ATRAS 3 PINES NEW SYMBOL'),(278,'303065-2',1139,12183,1,12183,19,'BOBINA ELECTRONICA K7M 4SALIDAS CLIO/LOGAN.'),(279,'303369-4',1274,4253,1,4253,19,'CABLE BUJIA 91118TL'),(280,'303389-9',1275,13761,1,13761,19,'CABLE BUJIA CLIOII 00>'),(281,'303395-2',1276,5725,1,5725,19,'CABLE BUJIA CLIO 1.2 1.4 EXPRESS'),(282,'303389-8',1277,1086,10,10860,19,'BUJIA LARGA 19ECLAIRE 91118 504/505'),(283,'303829-7',1278,3773,4,15092,19,'BUJIA EXTRA LARGA LAGUNA MAGANE III'),(284,'305704-6',1279,1304,2,2608,19,'BUJE BIELETA DIRECCION R/12TL'),(285,'306055-1',1280,13133,1,13133,19,'BOMBA FRENO T/BENDIX R/19 MEGANE'),(286,'306099-3',1281,7653,1,7653,19,'CILINDRO FRENO IZQ. 206'),(287,'306100-0',1282,7653,1,7653,19,'CILINDRO FRENO DER. 206'),(288,'306126-4',1283,4192,2,8384,19,'CILINDRO FRENO TRASERO R/5'),(289,'306137-K',1284,3879,1,3879,19,'CILINDRO FRENO IZQ R9111819 ECLAIRE'),(290,'306138-8',1285,3879,1,3879,19,'CILINDRO FRENO DER. R9111819 ECLAIRE'),(291,'307348-3',1286,12072,1,12072,19,'BANDEJA IZQUIERDA C/ROTULA CLIOII'),(292,'307350-5',1287,5578,2,11156,19,'CAZOLETA AMORTIGUADOR CLIOII'),(293,'307358-0',1131,12072,1,12072,19,'BANDEJA DERECHA C/ROTULA CLIOII.'),(294,'307363-7',1298,20518,1,20518,19,'BANDEJA IZQUIERDA C/ROTULA KANGOO II.'),(295,'307364-5',1297,20518,1,20518,19,'BANDEJA DERECHA C/ROTULA KANGOO II.'),(296,'307718-7',1288,1457,4,5828,19,'BUJE BANDEJA SUPERIOR R-12/18TL'),(297,'307740-3',1289,1583,4,6332,19,'BUJE BANDEJA INFERIOR R-12/18TL'),(298,'313092-4',2573,11964,1,11964,20,'BOMBA AGUA.'),(299,'313692-2',1290,4445,1,4445,20,'BULBO TEMPERATURA SENSOR CLIOII MEGANE 00>'),(300,'313812-7',1291,7981,1,7981,20,'BULBO TEMPERATURA 2 PATAS 19/MEGANE'),(301,'3704056-8',1292,8743,1,8743,20,'BOMBA BENCINA ELECTRICA SM3'),(302,'3707302-4',1293,10320,2,20640,20,'CAZOLETA AMORTIGUADOR DEL. SM3'),(303,'3713257-8',1073,10031,1,10031,20,'BOMBA AGUA SM3.'),(304,'201001-1',1294,3884,1,3884,21,'CORREA 6PK* 870 BOXER PUMA'),(305,'201092-5',1295,2990,1,2990,21,'CORREA 6PK* 730 PARTNBER'),(306,'201097-6',1296,2773,1,2773,21,'CORREA 4PK* 755 BOXER PUMA'),(307,'201127-1',1299,3555,1,3555,21,'CORREA 6PK* 805 307'),(308,'201133-6',1300,3591,1,3591,21,'CORREA 5PK*1253 306'),(309,'201135-2',1301,3654,1,3654,21,'CORREA 6PK* 866 PARTNER'),(310,'201140-9',1302,2663,1,2663,21,'CORREA 4PK* 955 205'),(311,'201152-2',1303,2826,2,5652,21,'CORREA 5PK* 881 306'),(312,'201159-K',1304,2163,1,2163,21,'CORREA 4PK* 855 306'),(313,'201199-9',1305,4314,1,4314,21,'CORREA 5PK*1218 306'),(314,'201468-8',1306,3664,2,7328,21,'CORREA 6PK* 975 PARTNER TEPE'),(315,'201883-7',1307,4500,1,4500,21,'CORREA 6PK* 903 301'),(316,'203048-9',1308,4253,1,4253,21,'COMANDO LUCES 505'),(317,'203146-9',1309,1266,2,2532,21,'CONDENSADOR DUCELIER 504/505'),(318,'203172-8',1310,12882,1,12882,21,'COMANDO LUCES 405'),(319,'203772-6',1311,4891,1,4891,21,'COMANDO LUCES 405'),(320,'206101-5',1313,7765,1,7765,21,'CILINDRO FRENO IZQ. 306'),(321,'206115-5',1314,6906,2,13812,21,'CILINDRO FRENO TRASERO DER/IZQ PARTNER TODAS'),(322,'209330-8',1315,3273,1,3273,21,'CILINDRO PUERTA JGO. 205'),(323,'209331-9',1316,12193,1,12193,21,'CILINDRO PUERTA JGO. (PUERTAS Y MALETA) 206'),(324,'301344-8',1317,3891,2,7782,21,'CORREA 5PK*1105 S/A/A CLIOII'),(325,'303180-2',1312,4250,1,4250,21,'COMANDO LUCES R-19/CLIO'),(326,'209211-5',1318,25633,1,25633,21,'CILINDRO PUERTA JGO. PARTNER'),(327,'306098-5',1319,8105,2,16210,22,'CILINDRO FRENO TRASERO IZQ/DER CLIOII'),(328,'309201-1',1320,13752,1,13752,22,'CILINDRO PUERTA JGO. CLIO II'),(329,'310097-9',1323,5090,1,5090,22,'CORREA 5PK*1200 C/A/A MEGANE II'),(330,'310127-4',1322,5533,2,11066,22,'CORREA 5PK*1750 C/A/A CLIOII'),(331,'3701250-5',1321,2303,2,4606,22,'CORREA 3PK* 865 SM3'),(332,'201084-4',1324,4993,1,4993,23,'CORREA 6PK*1212 C/A/A 107'),(333,'201118-2',1325,4849,2,9698,23,'CORREA 6PK*1564 C/A/A 206 1.4 1.6'),(334,'201138-7',1326,3391,1,3391,23,'CORREA 6PK*1110 PARTNER SM3'),(335,'201148-4',1327,3596,1,3596,23,'CORREA 6PK*1063 405'),(336,'201149-2',1328,4659,2,9318,23,'CORREA 6PK*1437 PARTNERBERL 1.9'),(337,'201164-6',1329,4891,1,4891,23,'CORREA 6PK*1660 306'),(338,'201364-9',1330,6567,1,6567,23,'CORREA 6PK*1200 307'),(339,'201365-7',1331,3862,1,3862,23,'CORREA 6PK*1147 307'),(340,'201451-3',1332,4901,1,4901,23,'CORREA 6PK*1072 208'),(341,'201452-1',1333,5492,2,10984,23,'CORREA 6PK*1454 S/A/A 206 1.4 1.6'),(342,'201535-8',1334,4690,1,4690,23,'CORREA 6PK*1460 206'),(343,'201559-5',1335,5803,1,5803,23,'CORREA 6PK*1125 307'),(344,'201671-0',1336,7210,1,7210,23,'CORREA 6PK*1682 C/A/A PARTNER'),(345,'201701-6',1337,6588,1,6588,23,'CORREA 6PK*1725 206'),(346,'201930-2',1338,4660,2,9320,23,'CORREA 6PK*1355 S/A/A PARTN 1.6 HDI'),(347,'210151-3',1339,5395,2,10790,23,'CORREA 6PK*1710 C/A/A PARTN MAXI'),(348,'210887-9',1340,3718,1,3718,23,'CORREA 6PK*'),(349,'210889-5',1341,5308,1,5308,23,'CORREA 6PK*1603 C/A/A 406'),(350,'213289-3',1346,20626,2,41252,23,'TERMOSTATO PARTNER MAXI'),(351,'301104-6',1342,5533,1,5533,23,'CORREA 6PK*1500 MEGANE'),(352,'301106-2',1343,3990,1,3990,23,'CORREA 6PK*1180 19ECLAIRE'),(353,'201090-9',1347,6992,1,6992,24,'CORREA DISTR. 108D AX/206 >01'),(354,'201095-K',1348,11646,1,11646,24,'CORREA DISTR. 141D*25 BOXER HDI'),(355,'201096-8',1349,11866,1,11866,24,'CORREA DISTR. 134D 206307 1.616VALV C-4'),(356,'201120-4',1350,9566,1,9566,24,'CORREA DISTR. 140D PARTBERL1.9 01> C-15BOXER'),(357,'201141-7',1354,1501,1,1501,24,'CORREA 9.5* 710 205'),(358,'201144-1',1355,1990,1,1990,24,'CORREA 9.5*1175 505'),(359,'201154-9',1351,7708,1,7708,24,'CORREA DISTR. 114D 306405'),(360,'201158-1',1352,7708,1,7708,24,'CORREA DISTR. 101D 3061.6 ZX'),(361,'201232-4',1356,4176,1,4176,24,'EMP.CARTER 206 1.4 205 GT 306'),(362,'201598-6',1353,7210,1,7210,24,'CORREA DISTR. 136D PARTBERL>00 C-15'),(363,'202171-4',1357,12190,1,12190,24,'DISCO EMBRAGUE C-15AXZX205206306 1.4'),(364,'202199-4',1358,19322,1,19322,24,'DISCO EMBRAGUE 504/505'),(365,'203041-1',1359,8712,1,8712,24,'CHAPA CONTATO 206>03'),(366,'203063-2',1360,3101,1,3101,24,'CHAPA CONTATO 505 85>'),(367,'203118-3',1361,3101,1,3101,24,'CHAPA CONTATO 405'),(368,'203122-1',1362,5891,1,5891,24,'CHAPA CONTATO 205'),(369,'203124-8',1363,5424,1,5424,24,'CHAPA CONTATO 306'),(370,'203420-4',1364,8894,1,8894,24,'ELIMINADOR CACHIMBA JGO. 505'),(371,'204221-5',1365,31990,1,31990,24,'ELECTRO VALVULA BBA.INY.AVANCE'),(372,'206165-1',1366,8254,2,16508,24,'DISCO FRENO DEL.'),(373,'206198-8',1367,9974,2,19948,24,'DISCO FRENO DEL.VENT. 405/SANT/PART>03'),(374,'206217-8',1368,10060,2,20120,24,'DISCO FRENO DEL.VENT. PARTNER MAXI'),(375,'206245-3',1369,11110,2,22220,24,'DISCO FRENO DEL.VENT. 206/307/PART 1.6 1.9 05>301/C-ELYSEE'),(376,'210110-6',1370,8820,1,8820,25,'CORREA 6PK*1739 PARTNER'),(377,'210152-1',1371,3312,1,3312,25,'CORREA DISTR.104D 206 02>'),(378,'210918-2',1372,14472,1,14472,25,'CORREA DISTR.141D. PARTNER'),(379,'213175-7',1379,11054,1,11054,25,'DEPOSITO AGUA 301 C-ELYSEE'),(380,'213195-1',1380,6429,1,6429,25,'BULBO TEMPERATURA SENSOR 206'),(381,'213287-7',1381,13465,1,13465,25,'DEPOSITO AGUA PARTNER MAXI'),(382,'301078-3',1373,11866,1,11866,25,'CORREA DISTR.132D. K4M/CLIOII/MEGAN SCEN'),(383,'301093-7',1374,7272,1,7272,25,'CORREA DISTR.95D CLIO 1.2 MEG'),(384,'301098-8',1375,9429,1,9429,25,'CORREA DISTR.153D 19DIESEL KANGOO'),(385,'301099-6',1376,8942,1,8942,25,'CORREA DISTR.151D KANGOO 1.9'),(386,'301105-4',1377,7765,1,7765,25,'CORREA DISTR.96D. NEW SYMBOL 8 VAL'),(387,'301131-3',1378,1559,1,1559,25,'CORREA 9.5*675 19TS'),(388,'302157-2',1382,11671,1,11671,25,'DISCO EMBRIAGUE CLIOII'),(389,'303121-7',1383,3391,1,3391,25,'CHAPA CONTACTO 18TL TRAFIC'),(390,'303168-3',1384,3761,1,3761,25,'CHAPA CONTACTO R-5'),(391,'303381-3',1385,4399,1,4399,25,'CHAPA CONTACTO R-19'),(392,'304052-6',1386,9796,1,9796,25,'ELECTROVALVULA T/BOSCH CORTE PARTBER C-15'),(393,'304107-7',1387,4387,1,4387,25,'ELECTROVALVULA T/LUCA CORTE PARTBER C-15'),(394,'304155-7',1388,37655,1,37655,25,'ELECTROVALVULA BBA.INY.AVANCE KANGOO'),(395,'305022-K',1389,2308,1,2308,25,'CRUCETA DIRECCION R12'),(396,'305023-8',1390,1682,1,1682,25,'CRUCETA DIRECCION R9/11'),(397,'306170-1',1391,7223,2,14446,25,'DISCO FRENO DEL. 19 1.6 CLIO'),(398,'306171-K',1392,10469,2,20938,25,'DISCO FRENO DEL.VENT. MEGANE III'),(399,'306193-0',1393,12599,2,25198,26,'DISCO FRENO CLIO II'),(400,'310101-0',1394,6632,1,6632,26,'CORREA 6PK*1805 KOLEOS'),(401,'310128-2',1395,6200,1,6200,26,'CORREA 6PK*1750 MEGANECLIOII'),(402,'313203-k',1396,5111,1,5111,26,'DEPOSITO AGUA MEGANE'),(403,'313205-6',1397,4193,1,4193,26,'DEPOSITO AGUA R-19'),(404,'313217-k',1398,9989,1,9989,26,'DEPOSITO AGUA MEGANE'),(405,'3702073-7',1399,13537,1,13537,26,'DISCO EMBRAGUE SM3 1.6'),(406,'3706350-9',1400,8913,2,17826,26,'DISCO FRENO DEL.VENT. SM3'),(407,'201204-9',1461,6390,1,6390,27,'EMP.TAPA VALVULA 3061.8 405 93> ZX 1.8'),(408,'201205-7',1462,992,2,1984,27,'EMP.ESCAPE BAJADA 306 1.4'),(409,'201224-3',1463,8418,1,8418,27,'EMP.CULATA 306'),(410,'201226-K',1464,1472,1,1472,27,'EMP.MULT.ADMISION 405'),(411,'201230-8',1465,1055,2,2110,27,'EMP.MULT.ADMISION 3061.42051.4106'),(412,'201233-2',1466,2025,1,2025,27,'EMP.CULATA PARTDIESEL'),(413,'201240-5',1467,4350,1,4350,27,'EMP.TAPA VALVULA 2061.4306205GT AX ZX 106'),(414,'201240-5',1468,5385,1,5385,27,'EMP.MULT.ADM/ESC PARTBERL'),(415,'201240-5',1469,3201,1,3201,27,'EMP.MULT.ADMISION 206'),(416,'201284-7',1470,2539,2,5078,27,'EMP.CULATA 206'),(417,'201296-0',1471,2550,1,2550,27,'EMP.CULATA 306'),(418,'201314-2',1472,10951,1,10951,27,'EMP.CULATA PARTBERL'),(419,'201384-3',1473,11866,1,11866,27,'EMP.CULATA 206'),(420,'201404-1',1474,8151,1,8151,27,'EMP.MOTOR 205GT3061.4 2061.4>00'),(421,'201408-4',1475,1665,1,1665,27,'EMP.TAPA VALVULA PARTBERL1.9>99 C-15.'),(422,'201445-9',1476,9860,1,9860,27,'EMP.MOTOR 504/505 2.0.'),(423,'2014503-K',1477,5984,1,5984,27,'EMP.MULT/ESCAPE 206'),(424,'201554-4',1478,11531,1,11531,27,'EMP.CULATA PARTBERL'),(425,'201561-7',1479,11242,1,11242,27,'EMP.CULATA PARTBERL'),(426,'201574-9',1480,11866,1,11866,27,'EMP.CULATA PARTBERL'),(427,'201783-0',1481,12893,1,12893,27,'EMP.CULATA 207'),(428,'201889-6',1482,4382,2,8764,27,'EMP.TAPA VALVULA PARTBERL 1.6HDI 307'),(429,'203182-5',1483,2972,1,2972,28,'FAROL DEL.DER. 405'),(430,'205123-0',1484,5201,2,10402,28,'EXTREMO DIRECCION BOXER'),(431,'205127-3',1485,3258,1,3258,28,'EXTREMO DIRECCION DER. 405'),(432,'205203-2',1486,4662,1,4662,28,'EXTREMO DIRECCION IZQ. 406.'),(433,'205204-0',1487,4571,1,4571,28,'EXTREMO DIRECCION DER. 406.'),(434,'202509-1',1488,3378,2,6756,28,'EXTREMO DIRECCION 504504911205PARTBERL'),(435,'210204-8',1489,11295,1,11295,28,'ENFRIADOR ACEITE PARTBERL 1.6HDI'),(436,'210211-0',1490,10905,1,10905,28,'EMP.CULATA 2063071.616VALV'),(437,'210212-9',1491,11001,2,22002,28,'EMP.TAPA VALVULA(TAPA PLASTICA)2063071.616V 05>'),(438,'210224-2',1492,2946,1,2946,28,'EMP.ESCAPE INFERIOR(CUADRADA) 206307'),(439,'210231-5',1493,1944,1,1944,28,'EMP.MULT.ESCAPE 405 ZX'),(440,'210240-4',1494,12548,1,12548,28,'EMP.CULATA 206'),(441,'210245-5',1495,1832,2,3664,28,'EMP.TAPA VALVULA INF. 01> PARTBERL C-15'),(442,'210248-K',1496,1974,2,3948,28,'EMP.TAPA VALVULA SUP. 01> PARTBERL C-15'),(443,'210250-1',1497,15660,1,15660,28,'EMP.CULATA PARTMAXI'),(444,'210251-K',1498,15660,1,15660,28,'EMP.CULATA PARTMAXI'),(445,'210256-0',1499,2753,1,2753,28,'EMP.CULATA 4053063091.61.81.9'),(446,'210450-4',1500,19860,1,19860,28,'EMP.MOTOR S/EMP.CUL.C/RETENES PARTBERL01> C-15 1.9'),(447,'210934-4',1501,13708,1,13708,28,'EMP.TAPA VALVULA JGO. 308'),(448,'210935-2',1502,27032,1,27032,28,'EMP.CULATA METALICA 308'),(449,'210936-0',1503,17990,1,17990,28,'EMP.TAPA VALVULA 301'),(450,'215155-3',1504,10458,1,10458,28,'ESPEJO IZQUIERDO C/PERILLA 306'),(451,'215156-1',1505,10458,1,10458,28,'ESPEJO DERECHO C/PERILLA 306'),(452,'301159-3',1506,978,1,978,29,'EMP.TAPA VALVULA GOMA TRAFIC'),(453,'301176-3',1507,3308,1,3308,29,'EMP.TAPA VALVULA R-19 ECLA/DIESEL KANGOO'),(454,'301197-6',1508,2493,1,2493,29,'EMP.CULATA R-12/18TL'),(455,'301201-8',1509,522,1,522,29,'EMP.ESCAPE R-12TL'),(456,'301227-1',1510,3530,1,3530,29,'EMP.CULATA R-19 1.21.4/CLIO1.2 1.4 ENERGY'),(457,'301233-6',1511,2875,1,2875,29,'EMP.CULATA R-18TX 2.0 TRAFICC'),(458,'301260-3',1512,2830,1,2830,29,'EMP.CULATA R-19 1.6'),(459,'3012683-2',1513,9969,1,9969,29,'EMP.CULATA CLIOIIMEGSCE 00> K4M'),(460,'301379-0',1514,7697,1,7697,29,'EMP.MOTOR S/EMP.CULATA 19DIES/KANGOO'),(461,'301385-5',1515,11160,1,11160,29,'EMP.MOTOR S/RETENES 191.21.4 CLIO 1.21.4'),(462,'301445-2',1516,4209,1,4209,29,'EMP.MULT.ESCAPE 191.2 1.4 CLIO'),(463,'301461-4',1517,15483,1,15483,29,'EMP.MOTOR S/RETENES CLIOIIMEGSCE 00> K4M'),(464,'303231-0',1518,6038,1,6038,29,'FAROL DEL.DER. R-12TL'),(465,'303459-3',1519,2907,1,2907,29,'FAROL DEL.DER. R-19'),(466,'305831-K',1520,6045,1,6045,29,'EXTREMO DIRECCION IZQ. KANGOOII'),(467,'305832-8',1521,6045,1,6045,29,'EXTREMO DIRECCION DER. KANGOOII'),(468,'305833-6',1522,3341,1,3341,29,'EXTREMO DIRECCION IZQ. CLIOIIKANGO'),(469,'305834-4',1523,3341,1,3341,29,'EXTREMO DIRECCION DER. CLIOIIKANGO'),(470,'305846-8',1524,5349,1,5349,29,'EXTREMO DIRECCION IZQ. MEGANEII'),(471,'305847-6',1525,5349,1,5349,29,'EXTREMO DIRECCION DER. MEGANEII'),(472,'310175-4',1526,2322,1,2322,29,'EMP.MULT.ADMISION ORING JGO. CLIOII MEGASCE'),(473,'310271-8',1527,2266,1,2266,29,'EMP.MULT.ADMISION 19 1.2 1.4 CLIO'),(474,'310275-0',1528,5424,1,5424,29,'EMP.CULATA 1.85MM 3MUESCAS R-19DIESEL/KANGOO'),(475,'3701284-K',1529,18262,1,18262,30,'EMP.CULATA SM3'),(476,'3705253-1',1530,11730,2,23460,30,'EXTREMO DIRECCION SM3'),(477,'201009-7',1593,3139,1,3139,31,'FILTRO AIRE C-3 1.4 10>'),(478,'201173-5',1594,3258,1,3258,31,'FILTRO AIRE C/TAPA 205/306'),(479,'201247-2',1595,4992,1,4992,31,'EMP.TAPA VALVULA PARTN BERL >00 C-15'),(480,'201265-0',1596,2990,1,2990,31,'FILTRO ACEITE 406/407 2.0'),(481,'201267-7',1597,2598,1,2598,31,'FILTRO ACEITE ELEMENTO HU612X 206 C-3'),(482,'201274-k',1569,6435,1,6435,31,'FILTRO POLEN 206'),(483,'201276-6',1598,3301,1,3301,31,'FILTRO AIRE 306 1.6 01>'),(484,'201570-6',1599,9617,1,9617,31,'FILTRO POLEN T/MARELLI 308'),(485,'201966-3',1600,3211,1,3211,31,'FILTRO AIRE C 3282 PARTN BERT 1.6 HDI'),(486,'203204-k',1601,1719,2,3438,31,'FAROL TAPAB. 206 (PUNTO BLANCO)'),(487,'203210-4',1602,1508,2,3016,31,'FAROL TAPAB. AMBAR 306'),(488,'203224-4',1603,3266,1,3266,31,'FAROL DEL.IZQ. PARTNER >03'),(489,'203229-5',1604,2274,2,4548,31,'FAROL TAPAB. AMBAR PARTN'),(490,'203330-9',1605,2292,2,4584,31,'FAROL TAPAB. BLANCO PARTNER'),(491,'203264-3',1606,1652,2,3304,31,'FAROL TAPAB. TRASPARE 206'),(492,'203341-0',1607,1887,1,1887,31,'FAROL DEL.IZQ. 505'),(493,'203342-9',1608,1887,1,1887,31,'FAROL DEL.DER 505'),(494,'203364-k',1609,3571,1,3571,31,'FAROL DEL.DER 205'),(495,'203365-8',1610,4884,1,4884,31,'FAROL DEL.IZQ. 306'),(496,'203366-6',1611,4788,1,4788,31,'FAROL DEL.DER. 306'),(497,'203448-4',1612,12359,1,12359,31,'FAROL TRASERO IZQ. 206 05>'),(498,'203449-2',1613,12359,1,12359,31,'FAROL TRASERO DER. 206 05>'),(499,'203450-6',1614,2768,2,5536,31,'FAROL PATENTE PARTN 206'),(500,'203501-4',1560,9952,1,9952,32,'FOROL TRASERO IZQ. PARTNERBERL.'),(501,'203502-2',1561,9952,1,9952,32,'FAROL TRASERO DER. PARTNERBERL.'),(502,'203625-8',1562,2344,1,2344,32,'PLATINO DUCELLIER C/LARGO'),(503,'204265-7',1563,4265,1,4265,32,'FILTRO BENCINA GRANDE 205/405'),(504,'204266-5',1564,3048,1,3048,32,'FILTRO BENCINA S/PESTAÑA 306/ZX'),(505,'210284-6',1565,6435,1,6435,32,'FILTRO POLEN 208'),(506,'210285-4',1566,9374,1,9374,32,'FILTRO POLEN BOXER/308'),(507,'210290-0',1567,5353,1,5353,32,'FILTRO POLEN EXPERT'),(508,'210309-5',1568,3306,1,3306,32,'FILTRO POLEN 206'),(509,'210329-k',1570,5612,1,5612,32,'FILTRO AIRE PARTN MAXI 13>1.6'),(510,'210336-2',1571,4055,1,4055,32,'FILTRO ACEITE ELEMENTO 2008/PARTN MAXI'),(511,'210830-5',1572,2024,1,2024,32,'FILTRO POLEN 301/C-ELYCEE'),(512,'210867-4',1573,5328,1,5328,32,'FILTRO AIRE 208 1.2'),(513,'210890-9',1574,10559,1,10559,32,'FILTRO POLEN 308'),(514,'301002-3',1575,8738,1,8738,32,'FILTRO POLEN MEGANE II'),(515,'301084-8',1576,5991,1,5991,32,'FILTRO AIRE MASTER 2.3'),(516,'301212-3',1577,3430,1,3430,32,'FILTRO AIRE CLIO 1.2 1.4/19 1.4'),(517,'301215-8',1578,3955,1,3955,32,'FILTRO AIRE LOGAN CLIO II 8VAL 00>'),(518,'301217-4',1579,2533,1,2533,32,'FILTRO AIRE CLIOII MEGSCEN 00> 1.6 16VAL K4M'),(519,'301272-7',1580,4317,1,4317,32,'FILTRO AIRE MEGIII KANGOOII 1.5'),(520,'301339-1',1581,9332,1,9332,32,'CORREA 6PK*1500 CLIO'),(521,'303216-7',1582,3229,2,6458,32,'FAROL TAPAB. BLANCO CLIOII'),(522,'303442-9',1583,4788,1,4788,32,'FAROL DEL.DER. MEGANE >01'),(523,'310156-8',1584,4275,1,4275,33,'FILTRO AIRE NEW SYMBOL 14>'),(524,'310158-4',1585,13353,1,13353,33,'FILTRO AIRE CLIO IV 1.2'),(525,'310160-6',1586,4641,1,4641,33,'FILTRO POLEN CLIO IV NEW SYMBOL'),(526,'310170-3',1587,3762,1,3762,33,'FILTRO ACEITE CAPTUR DOKKER'),(527,'310291-2',1588,10584,1,10584,33,'FILTRO POLEN MEGANE III'),(528,'310303-k',1589,10699,1,10699,33,'FILTRO AIRE MEGANE III 11>'),(529,'310307-2',1590,3401,1,3401,33,'FILTRO POLEN LOGAN CLIO II'),(530,'310321-8',1591,3805,1,3805,33,'FILTRO ACEITE ELEMENTO MASTER /ALASKAN'),(531,'3701326-9',1592,3372,1,3372,33,'FILTRO POLEN SM3'),(532,'201487-4',1643,13923,1,13923,34,'MANGUERA GASES 106/206'),(533,'201501-3',1644,7988,1,7988,34,'GUAS VALVULA (4)?? EXPERT'),(534,'202238-9',1645,9312,1,9312,34,'HORQUILLA EMBRAGUE 206 1.4 1.6'),(535,'202257-5',1646,4594,2,9188,34,'FUELLE TRANS.L/CAJA PARTN MAXI'),(536,'202271-0',1647,2370,2,4740,34,'FUELLE TRANS.L/CAJA 206 1.4 1.6'),(537,'202272-9',1648,3010,2,6020,34,'FUELLE TRANS.L/RUEDA 206'),(538,'202292-3',1649,3163,2,6326,34,'FUELLE TRANS.L/RUEDA 206'),(539,'202302-4',1650,67877,1,67877,34,'KIT EMBRAGUE COMP. PART 1.6 8VAL 12> 301/C-ELYSEE.'),(540,'202390-3',1651,35816,1,35816,34,'KIT EMBRAGUE S/ROD. 306 206 1.6 8VAL >99'),(541,'202393-8',1652,36576,1,36576,34,'KIT EMBRAGUE S/ROD. 206307C-4 1.6 16VALV BENC'),(542,'202471-3',1653,41568,1,41568,34,'KIT EMBRAGUE COMP. 207COMPAC BIPPER/NEMO'),(543,'203285-6',1654,4391,2,8782,34,'INT.ALZAVIDRIO S/LUZ 405/505'),(544,'204295-9',1655,11887,1,11887,34,'FILTRO PETROLEO 308'),(545,'204314-9',1656,20798,1,20798,34,'INYECTOR AZUL 206 1.4 1.6'),(546,'205242-3',1657,1603,2,3206,34,'FUELLE CREM.DIR.DER. PARTBERL505405'),(547,'205554-6',1658,6986,1,6986,34,'MAZA RUEDA DEL. 306/106 91>'),(548,'207093-6',1659,520,2,1040,34,'GOMA B/ESTB.CENTRAL AZUL 205'),(549,'207297-1',1255,3021,2,6042,34,'GOMA B/ESTABILIZA 206'),(550,'207396-k',1660,4277,2,8554,34,'GOMA B/ESTB.LAT. EXPERT'),(551,'209035-k',1661,8891,1,8891,34,'MANILLA EXT.PTA.CORREDERA PARTBERL'),(552,'209237-9',1662,3828,1,3828,34,'LOGO MASCARA 206'),(553,'209348-0',1663,5204,1,5204,34,'MANILLA PTA.EXT.IZQ. 504'),(554,'209382-0',1664,5588,1,5588,34,'MANILLA PTA.EXT.DER./PORTON PARTBERL'),(555,'209392-8',1665,4815,1,4815,35,'MASCARA 206'),(556,'209454-1',1666,1990,2,3980,35,'MANILLA ALZA VIDRIO NEG. PARTBERL'),(557,'210303-6',1667,6728,1,6728,35,'GUAS VALVULA BOXER (4) ??? BOXERPARTBERL'),(558,'212304-5',1668,9069,2,18138,35,'KIT ROD.SUSP.TRASERA PARTBERL'),(559,'212305-3',1669,5612,2,11224,35,'KIT ROD.SUSP.TRASERA 306'),(560,'213301-6',1670,4233,1,4233,35,'MANGUERA SUP.RADIADOR PARTBERL'),(561,'213347-4',1671,3835,1,3835,35,'MANGUERA DEP. A RAD.SUP. PARTBERL'),(562,'213374-1',1672,9527,1,9527,35,'MANGUERA SUP.RADIADOR 405 93>'),(563,'213404-7',1673,19942,1,19942,35,'MANGUERA INF.RADIADOR DOBLE PARTBERL'),(564,'213414-4',1674,7067,1,7067,35,'MANGUERA INF.RADIADOR 206'),(565,'213416-0',1675,2798,1,2798,35,'MANGUERA DEP. A RAD.SUP. 206'),(566,'213454-3',1676,2946,1,2946,35,'MANGUERA SUP.RADIADOR 1.6HDI PARTBERL'),(567,'213500-0',1677,3840,1,3840,35,'MANGUERA SUP.RADIADOR 307 1.6 ???'),(568,'213501-9',1678,3990,1,3990,35,'MANGUERA SUP.RADIADOR 206'),(569,'213945-6',1679,4074,1,4074,35,'MANGUERA DEP. A RAD. PARTBERL'),(570,'301557-2',1680,4165,1,4165,35,'METAL BIELA STD. 4S/12/18TL CLIOII'),(571,'302226-9',1681,6295,2,12590,35,'FUELLE TRANS.L/RUEDA COMP. LOGAN'),(572,'302247-1',1682,2891,2,5782,35,'FUELLE TRANS.L/RUEDA CLIOII'),(573,'302252-8',1683,7513,1,7513,35,'FUELLE TRANS.L/CAJA IZQ.C/ROD. R-19'),(574,'302414-8',1684,35681,1,35681,35,'KIT EMBRAGUE S/ROD. CLIOII'),(575,'302415-6',1685,41160,1,41160,35,'KIT EMBRAGUE S/ROD. KANGOO1.9'),(576,'302441-5',1686,41913,1,41913,35,'KIT EMBRAGUE S/ROD. MEGANEIII'),(577,'303308-2',1687,3391,1,3391,35,'INT.LUZ EMERGENCIA CLIO II'),(578,'303322-8',1688,2590,1,2590,36,'INT.LUZ EMERGENCIA KANGOO'),(579,'303941-2',1689,2947,1,2947,36,'INT.ALZAVIDRIO 5 PINES CLIO II'),(580,'304263-4',1690,10310,1,10310,36,'FILTRO PETROLEO DOKKER CLIOIV CAPTUR'),(581,'',1627,16893,3,50679,36,'INYECTOR MULTIPUNTO CLIOIIMEGSCE'),(582,'305218-4',1691,2652,1,2652,36,'FUELLE CREM.DIR.IZQ. CLIOII'),(583,'305219-2',1692,2652,1,2652,36,'FUELLE CREM.DIR.DER. CLIOII'),(584,'305220-6',1693,1130,2,2260,36,'FUELLE CREM.DIR. 4S'),(585,'305482-9',1694,6462,2,12924,36,'MAZA RUEDA DEL. R-12/18'),(586,'305484-5',1695,5937,2,11874,36,'MAZA RUEDA DEL. CLIOII'),(587,'307228-2',1696,879,2,1758,36,'GOMA B/ESTABIL.CENTRAL MEGANE'),(588,'307252-5',1697,1321,4,5284,36,'GOMA B/ESTABIL.PUNTA R-19/MEGANE'),(589,'307660-1',1698,2512,2,5024,36,'GOMA B/ESTABIL.PUNTA CLIOIIMEGA'),(590,'309345-k',1699,1576,1,1576,36,'MANILLA INT.PTA.DER. R-19/MEGAN'),(591,'309368-9',1700,1652,2,3304,36,'MANILLA ALZAVIDRIO CLIOII MEG SCENIC'),(592,'313401-6',1701,8209,1,8209,36,'MANGUERA CALEFACCION CORTA CLIO II'),(593,'313422-9',1702,15808,1,15808,36,'MANGUERA CALEFACCION INF.DOBLE KANGOO 1.9'),(594,'313430-k',1703,4209,1,4209,36,'MANGUERA DEP. A RAD. MEGANEII'),(595,'3713622-0',1704,6356,1,6356,36,'MANGUERA INF.RADIADOR SM3'),(596,'201660-5',1705,23292,1,23292,37,'TENSOR CORREA ALTERNADOR PARTBERL1.9 00>BOXERHDI3072.0HDI'),(597,'201714-8',1706,5935,1,5935,37,'SOPORTE MOTOR DERECHO(PERA GRANDE)PARTBERL C-15'),(598,'201718-0',1707,2773,1,2773,37,'SOPORTE MOTOR IZQUIERDO 306205405'),(599,'201719-9',1708,4851,1,4851,37,'SOPORTE MOTOR DERECHO(PERA CHICO) 205405306'),(600,'201732-6',1709,2773,1,2773,37,'SOPORTE MOTOR TRAS.65MM 306206205'),(601,'201732-6',1710,2888,1,2888,37,'SOPORTE MOTOR TRAS.70MM PARTBERL'),(602,'201742-3',1711,745,2,1490,37,'SOPORTE ESCAPE 205/405'),(603,'201798-9',1712,4368,1,4368,37,'TENSOR CADENA DISTRIB. 504/505'),(604,'201946-9',1713,6992,1,6992,37,'SOPORTE MOTOR IZQUIERDO PARTBERLIN'),(605,'202347-4',1714,4373,1,4373,37,'PIÑON CUENTAKILOMETRO(SINFIN) 405206/PARTNER'),(606,'202720-8',1715,2351,2,4702,37,'SEGURO TRANSMISION PART/205/306/106/405ZX'),(607,'202732-1',1716,2424,1,2424,37,'SEGURO PIOLA EMBRAGUE PARTBERL 1.9'),(608,'203691-6',1718,8301,1,8301,37,'SENSOR CIGUEÑAL(CAPTOR VOLANTE) BOXER'),(609,'203751-3',1719,3801,1,3801,37,'SENSOR CUENTAKILOMETRO 3VIAS 306206307PARTBER'),(610,'203829-3',1720,10150,1,10150,37,'SENSOR CIGUEÑAL(CAPTOR VOLANTE) 206/C-2C-3C-4'),(611,'204121-9',1721,6369,1,6369,37,'SENSOR CIGUEÑAL(CAPTOR VOLANTE) 206'),(612,'204167-7',1722,13952,2,27904,37,'SENSOR OXIGENO 4VIAS PARTBERL 206/307'),(613,'204192-8',1723,6212,1,6212,37,'SENSOR MAP 206/106/307'),(614,'204204-5',1724,16839,1,16839,37,'SENSOR FILTRO PETROLEO(DETECTOR AGUA) PARTBERL 1.9 02>'),(615,'204296-7',1725,2751,1,2751,37,'TUERCA BBA.COMBUSTIBLE 206'),(616,'204418-8',1727,24458,1,24458,37,'SENSOR PETROLEO PARTBERL1.6HDI/308/3008'),(617,'204693-8',1728,9340,1,9340,37,'SENSOR GOLPETEO 206/PARTBERL'),(618,'204699-7',1726,2138,1,2138,37,'TUERCA BBA.COMBUSTIBLE PARTBERL'),(619,'205060-9',1729,2092,2,4184,38,'ROTULA AXIAL 504'),(620,'205061-7',1730,2201,2,4402,38,'ROTULA AXIAL 205/309 C-15/XANTIA'),(621,'205072-2',1731,3036,2,6072,38,'ROTULA AXIAL 206/207COMPAC'),(622,'205093-5',1732,4688,2,9376,38,'ROTULA AXIAL 308/3008/5008/C-4 12>/DS4'),(623,'205125-7',1733,4704,2,9408,38,'ROTULA AXIAL 307 06> C-4'),(624,'205170-2',1734,4272,2,8544,38,'ROTULA AXIAL 206/207COMPACT'),(625,'205177-k',1735,3781,2,7562,38,'ROTULA AXIAL 306ZX/PARTBER1.91.6XARA'),(626,'207111-8',1736,3142,2,6284,38,'BUJE BANDEJA(P/PATO) 405'),(627,'207352-8',1737,16856,1,16856,38,'BANDEJA IZQUIERDA PARTBERL 01>11'),(628,'207352-8',1738,16856,1,16856,38,'BANDEJA DERECHA PARTBERL 01>11'),(629,'207706-k',1739,4528,2,9056,38,'ROTULA SUSPENSION 405 97>'),(630,'207706-k',1740,5177,4,20708,38,'ROTULA SUSPENSION CORTA 16MM PARTBERL'),(631,'207729-9',1743,4193,2,8386,38,'ROTULA SUSPENSION 16MM 106/AX'),(632,'207732-9',1741,4226,2,8452,38,'ROTULA SUSPENSION CORTA 18MM PARTBERL306'),(633,'207740-k',1744,5558,2,11116,38,'ROTULA SUSPENSION 16MM BOXER HDI'),(634,'207745-0',1742,4192,2,8384,38,'ROTULA SUSPENSION LARGA 18MM PARTBERL'),(635,'207752-3',1745,2407,2,4814,38,'ROTULA SUSPENSION 504/505'),(636,'207758-2',1746,4274,2,8548,38,'ROTULA SUSPENSION 307/PARTBERL MAXITEPEE 12>'),(637,'207778-7',1747,6945,2,13890,38,'ROTULA SUSPENSION 301/C-ELYSEE/208/2008/C-4CACTUS'),(638,'210428-8',1748,7030,1,7030,38,'ROTULA MOTOR T/BIELETA 301/C-ELYSEE'),(639,'210502-0',1749,7288,1,7288,38,'SOPORTE MOTOR ANCLAJE(PERA) PARTBERL'),(640,'210557-8',1750,4361,1,4361,38,'SOPORTE MOTOR ANCLAJE(JGO) 206'),(641,'210594-2',1751,26914,1,26914,39,'TENSOR CORREA ALT.C/A/A 3072.0/407/XARAPI2.0'),(642,'210673-6',1752,20749,1,20749,39,'TENSOR CORREA ALT.SUP.PART1.6HDI/EXPERT'),(643,'210821-6',1753,3366,1,3366,39,'SOPORTE MOTOR IZQ. 206/307'),(644,'210855-0',1754,6216,1,6216,39,'SOPORTE MOTOR ANCLAJE(PERA) PARTBE1.6HDI'),(645,'210945-k',1755,23461,1,23461,39,'SOPORTE MOTOR DERECHO SUP. 3071.6/C-4'),(646,'210970-0',1541,10150,1,10150,39,'TENSOR DISTRIBUCION C15BENC405306205'),(647,'213333-9',1756,12946,1,12946,39,'TENSOR CORREA ALT. PARTMAX12>301/C-ELYSEE'),(648,'212496-3',1757,10699,1,10699,39,'TENSOR CORREA ALT. PARTBERL1.6HDI EXPERT'),(649,'212504-8',1758,10947,1,10947,39,'TENSOR CORREA ALT. PARTBERL1.9 BOXER'),(650,'212527-7',1759,25894,1,25894,39,'TENSOR CORREA ALT. C/A/A BIPPER/NEMO 1.3HDI'),(651,'212591-9',1760,16102,1,16102,39,'TENSOR CORREA DISTRIB. 206 1.4 01> BIPPER'),(652,'212599-4',1761,9989,1,9989,39,'TENSOR CORREA ALT.C/A/A 206/207COMPAC BIPPER 1.4'),(653,'212633-8',1762,26255,1,26255,39,'TENSOR CORREA ALT.C/A/A 301 1.6BEN 2071.416V C-2/C-3/-C4'),(654,'212779-2',1763,7131,1,7131,39,'TENSOR CORREA ALT.S/A/A 2061.4 1.6'),(655,'212785-7',1764,8653,1,8653,39,'TENSOR CORREA ALTER.C/SOPORTE 306 1.4 1.6'),(656,'213158-7',1765,19993,1,19993,39,'SENSOR FILTRO PETROLEO WK939/2 PARTBERL1.6HDI'),(657,'213479-9',1766,2449,1,2449,39,'TAPA TERMOSTATO PARTBERL 1.9'),(658,'213735-6',1767,6115,1,6115,39,'TAPA RADIADOR LILA PARTBERL 1.9'),(659,'213758-5',1768,2688,1,2688,39,'TAPA RADIADOR 206307 C-3 C-4'),(660,'301818-0',1774,8722,1,8722,40,'TENSOR CORREA DIST.INF. R-19 MEG>00'),(661,'301822-9',1775,8690,1,8690,40,'TENSOR CORREA DIST.SUP. R-19/MEG>00'),(662,'301824-5',1776,14130,1,14130,40,'TENSOR CORREA DIST. 8VAL CLIOIIMEGKANGOSYMBOL 00>'),(663,'301830-K',1778,14689,1,14689,40,'TENSOR CORREA ALT.S/A/A CLIOII'),(664,'302744-9',1779,11472,1,11472,40,'SOPORTE MOTOR CENTRAL MEGANE II'),(665,'303717-7',1780,9611,1,9611,40,'SENSOR CUENTAKILOMETRO CLIOII MEG SCEN'),(666,'303756-8',1781,1890,1,1890,40,'TAPA DISTRIBUIDOR T/BOSCH'),(667,'303758-4',1782,2785,1,2785,40,'TAPA DISTRIBUIDOR C/FIJO R-12'),(668,'303762-2',1783,2507,1,2507,40,'TAPA DISTRIBUIDOR C/FLOTANTE R-12'),(669,'305078-5',1784,5278,2,10556,40,'ROTULA AXIAL MEGANE III'),(670,'305078-5',1785,3733,2,7466,40,'ROTULA SUSPENSION R-19/CLIOII/MEGSCENI'),(671,'307638-5',1786,5241,2,10482,40,'ROTULA SUSPENSION NEWSYMBOL/DOKKER'),(672,'307679-2',1787,2711,2,5422,40,'ROTULA SUPERIOR R-12/18TL'),(673,'307681-4',1788,2932,2,5864,40,'ROTULA SUPERIOR R-5/4S'),(674,'307695-4',1789,2621,1,2621,40,'ROTULA INFERIOR DER. R-5'),(675,'307704-7',1790,2664,1,2664,40,'ROTULA INFERIOR IZQ. R-5'),(676,'310577-6',1791,5352,1,5352,40,'SOPORTE MOTOR CENTRAL CLIOIIMEGSCE'),(677,'310605-5',1792,25604,1,25604,40,'TENSOR CORREA ALT.C/A/A CLIOII MEGSCE 00>'),(678,'310650-0',1793,7170,1,7170,40,'TENSOR CORREA DISTRIB. CLIOII1.616V 00>'),(679,'310664-0',1794,14503,1,14503,40,'SOPORTE MOTOR DER.C/TACO 00> CLIOII KANG1.6'),(680,'312640-4',1795,9571,1,9571,40,'TENSOR CORREA DISTRIB. 191.4/CLIO1.2/EXPRESS'),(681,'313782-1',1796,2874,1,2874,40,'TAPA DEPOSITO AGUA CLIOII'),(682,'313798-8',1797,1890,1,1890,40,'TAPA DEPOSITO AGUA 19/CLIO/205'),(683,'313807-0',1823,3108,1,3108,41,'TAPA TERMOSTATO CLIO II MEGSCEN'),(684,'3701602-0',1824,24311,1,24311,41,'S OPORTE MOTOR TRASERO SM3'),(685,'201620-6',1825,10991,1,10991,42,'PERNO CULATA JGO 405/306 1.8'),(686,'201624-9',1826,10274,1,10274,42,'PERNO CULATA JGO 205/206/306 BIPPER'),(687,'204709-8',1827,1191,4,4764,42,'PERNO INYECTOR (ESPARRAGO) 301/C-ELY PART 1.6 HDI'),(688,'206413-8',1828,9496,1,9496,42,'PASTILLA FRENO PARTBERL >02'),(689,'206439-1',1829,8901,1,8901,42,'PASTILLA FRENO TRASERA PARTN 1.6 HDI MAXI'),(690,'206440-5',1830,10574,1,10574,42,'PASTILLA FRENO PARTBERTL 12>'),(691,'206452-9',1831,7704,1,7704,42,'PASTILLA FRENO BIPPER NEMO'),(692,'206466-9',1832,13468,1,13468,42,'PASTILLA FRENO TRASERA EXPERT 1.6 HDI'),(693,'206480-4',1833,16759,1,16759,42,'PASTILLA FRENO TRASERA 207'),(694,'206484-7',1834,11812,1,11812,42,'PASTILLA FRENO EXPERT 1.6 HDI'),(695,'206496-0',1835,14818,1,14818,42,'PASTILLA FRENO TRASERA 308/208'),(696,'206590-8',1836,14570,1,14570,42,'PASTILLA FRENO 301/C-ELY/307/206/PARTN 03>'),(697,'206592-4',1837,8791,1,8791,42,'PASTILLA FRENO 301/C-ELY/307/206/PARTN 03>'),(698,'206602-5',1838,7490,1,7490,42,'PASTILLA FRENO 306/PARTN BERTL >02'),(699,'206605-k',1839,6381,1,6381,42,'PASTILLA FRENO TRASERA 307/405/MEGANE'),(700,'206624-6',1841,11844,1,11844,42,'PASTILLA FRENO 307 HDI 2.0'),(701,'206627-0',1840,13249,1,13249,42,'PASTILLA FRENO TRASERA 307 HDI 2.0'),(702,'301500-9',1842,9992,1,9992,42,'PERNO CULATA JGO CLIOII MEG SCEN'),(703,'306466-2',1843,12990,1,12990,42,'PASTILLA FRENO 1.2 16> CLIO IV'),(704,'306545-6',1844,7447,1,7447,42,'PASTILLA FRENO TRASERA R-19 /306 1.8'),(705,'306546-4',1845,8105,1,8105,42,'PASTILLA FRENO NEW SYMBOL 14>'),(706,'306561-8',1846,10679,1,10679,42,'PASTILLA FRENO KANGOO II 1.5 12>'),(707,'306571-5',1847,9508,1,9508,42,'PASTILLA FRENO TRASERA MEG III FLUENCE/208/MASTER'),(708,'306572-3',1848,11689,1,11689,43,'PASTILLA FRENO FLUENCE 2.0 CAPTUR DOKKER'),(709,'306594-4',1849,7287,1,7287,43,'PASTILLA FRENO CHUECA 306/205 19 11'),(710,'306610-k',1850,13771,1,13771,43,'PASTILLA FRENO R-19 MEG CLIO/CLIOII'),(711,'201013-5',1851,39808,1,39808,44,'KIT DIST.(CORREA/TENSOR) 206 1. 4HDI/207HDI/BIPER'),(712,'201398-3',1852,25693,1,25693,44,'KIT DIST.(CORREA/TENSOR/DESL.)PARTNBERL1.9 01>C-15'),(713,'201419-k',1853,2600,1,2600,44,'RETENES VALVULA 7MM 205/306/CLIO/106'),(714,'201589-7',1854,11150,1,11150,44,'KIT DIST.(CORREA/TENSOR) 2061.4 03> BIPER'),(715,'201668-0',1855,1142,1,1142,44,'RETEN DIST.42*60*10 505'),(716,'201687-7',1856,2144,1,2144,44,'RETEN DIST.40*55*6,4 206 HDI PARTN 1.6 HDI'),(717,'201696-6',1857,1988,2,3976,44,'RETEN EJE LEVAS 36*50*7 205/405/306/307/206'),(718,'201698-2',1858,2393,2,4786,44,'RETEN DIST. 42*62*8 405/PARTN 1.9/306'),(719,'201700-8',1859,2884,2,5768,44,'RETEN DIST. 42*66*8 205/306/307/206'),(720,'201712-1',1860,4060,1,4060,44,'RETEN CIGUEÑAL 90*110*7 405/PARTN1.9/307/BOXER/206'),(721,'201891-8',1861,14327,1,14327,44,'RETENES VALVULA PARTNBERL 1.6 HDI/307 HDI/EXPERT'),(722,'201980-9',1862,2793,2,5586,44,'RETEN EJE LEVA 38*50*6 206/307 1.6 16 VAL'),(723,'202206-0',1863,16890,1,16890,44,'PIOLA EMBRAGUE C/AUTOREG.2061.41.6 05>'),(724,'202218-4',1865,57015,1,57015,44,'PIOLA PALANCA CAMBIO PARTNBERL HDI 12>'),(725,'202497-7',1864,9806,1,9806,44,'PIOLA EMBRAGUE C/AUTOREG.2061.41.6 05>'),(726,'202500-0',1866,9069,1,9069,44,'PIOLA EMBRAGUE CORTA 106'),(727,'202506-k',1867,18085,1,18085,44,'PIOLA EMBRAGUE C/AUTOREG. 1.9 05> PARTNBERL'),(728,'202518-3',1868,8891,1,8891,44,'PIOLA EMBRAGUE LARGA BOXER'),(729,'202519-1',1869,8199,1,8199,44,'PIOLA EMBRAGUE LARGA 405'),(730,'202536-1',1870,7307,1,7307,44,'PIOLA EMBRAGUE C/REG.MANUEL PARTBERL 1.9'),(731,'202540-k',1871,7466,1,7466,44,'PIOLA EMBRAGUE C/REG.MANUAL 306 1.8 >04'),(732,'202551-5',1872,13257,1,13257,44,'PIOLA EMBRAGUE C/AUTOREG. PARTNBERL >04'),(733,'202554-k',1873,10864,1,10864,44,'PIOLA EMBRAGUE C/AUTOREG. 206 1.4 HDI 06>'),(734,'202556-6',1874,15503,1,15503,45,'PIOLA EMBRAGUE C/AUTOREG. PARTBERL 1.6 HDI'),(735,'202625-2',1875,21620,1,21620,45,'PRENSA EMBRAGUE 504 505'),(736,'202640-6',1876,4968,1,4968,45,'PIOLA EMBRAGUE 306 1.4 1.6'),(737,'202645-7',1877,5139,1,5139,45,'PIOLA EMBRAGUE C/REG. 504 505'),(738,'202659-7',1878,3314,2,6628,45,'RETEN TRANS.C/AUTOMATICA 206'),(739,'203783-1',1879,20659,1,20659,45,'PRECALENTADOR BUJIA 5 PINES PARTN 1.9 307/206'),(740,'203810-2',1880,11402,1,11402,45,'POLEA ALTERNADOR 206 PARTN'),(741,'203863-3',1881,24556,1,24556,45,'PRECALENTADOR BUJIA 2 PTAS.ANCHAS PARTN 301 2008'),(742,'204593-1',1882,5515,1,5515,45,'PIOLA ACELERADOR 206'),(743,'208637-9',1883,4071,1,4071,45,'PIOLA CUENTA KILOMETRO 505'),(744,'208678-6',1884,3453,1,3453,45,'PLUMILLA TRASERA 206 106 307'),(745,'210479-2',1885,23892,1,23892,45,'KIT DIST.(CORREA/TENSOR) 206 1.4 03> BIPER'),(746,'210524-1',1886,6295,1,6295,45,'RETEN CIG.85*105*8.8 PARTN 1.6 HDI 308/307'),(747,'210610-8',1887,25675,1,25675,45,'KIT DIST.(CORREA/TENSOR/DESL) 206/307 1.6 16 VAL'),(748,'210756-2',1888,2439,1,2439,45,'RETENES VALVULAS (8) 206/307 1.6 16 VAL'),(749,'210816-k',1889,2158,2,4316,45,'RETEN EJE LEVA 27*47*7 206/307/EXP HDI'),(750,'210859-3',1890,10126,1,10126,45,'RETENES VALVULAS (8) 207/308/3008'),(751,'211053-9',1891,920,10,9200,45,'AMPOLLETA H-7 12V 55W'),(752,'211073-3',1892,624,10,6240,45,'AMPOLLETA H-1 12V 55W'),(753,'212505-6',1893,4591,1,4591,45,'ROD.TENSOR CORREA ALT. 405'),(754,'212563-3',1894,10991,2,21982,45,'ROD.TENSOR C/ALT PARTN BERL 1.6 HDI'),(755,'212576-5',1896,3674,2,7348,45,'ROD.CAZOLETA 205/306/206/307/C-3/C-4'),(756,'212604-4',1895,6472,2,12944,45,'ROD.TENSOR C/ALT 65*26*10'),(757,'212666-0',1897,13751,1,13751,46,'ROD.TENSOR C/ALT C/PERNO 60*26*17 PERTNBERL'),(758,'212614-1',1898,5186,2,10372,46,'ROD.RUEDA DEL. 35*72*33 ZX 1.4 205/306/106/309'),(759,'212616-8',1899,4512,1,4512,46,'ROD.EMPUJE S/PATA 206/307 1.6/PARTN 04>'),(760,'212642-7',1900,5802,2,11604,46,'ROD.RUEDA DEL. 42*82*36 206 1.6 /PARTNBERL 1.6 1.9'),(761,'212648-6',1901,10459,2,20918,46,'ROD.RUEDA DEL. 42*82*36 206 1.6 /PARTNBERL 1.6 1.9'),(762,'212683-4',1902,4452,1,4452,46,'ROD.EMPUJE C/PATA 106/205/306/206 1.4/AX/ZX'),(763,'212686-9',1903,3854,1,3854,46,'ROD.EMPUJE 505/504 STW'),(764,'212783-0',1904,6009,1,6009,46,'ROD.TENSOR ALT.C/A/A 206'),(765,'213621-k',1905,22414,1,22414,46,'RADIADOR(CATALITICO) 405 93>'),(766,'213664-3',1906,27280,1,27280,46,'RADIADOR S/A/A 206 1.4 1.6'),(767,'213672-4',1907,22701,1,22701,46,'RADIADOR C/A/A 206 1.4 1.6'),(768,'213689-9',1908,11502,1,11502,46,'RESISTENCIA ELECTROVENT.A/ACOND 206'),(769,'213694-5',1909,25164,1,25164,46,'RADIADOR C/CLIP PARTBERL 1.9 >03'),(770,'213843-3',1910,7215,1,7215,46,'RADIADOR CALEFACCION 306 PARTHDI'),(771,'213906-5',1911,24547,1,24547,46,'RADIADOR PARTBERL 1.6HDI'),(772,'213906-5',1912,29677,1,29677,46,'RADIADOR C/A/A 301/C-ELYSEE'),(773,'301331-6',1913,23724,1,23724,46,'KIT DIST.(CORREA/TENSOR/DESL) CLIOII/MEG/SCEN'),(774,'301528-9',1914,10947,1,10947,46,'POLEA ALTERNADOR CLIOII'),(775,'301658-7',1915,2139,1,2139,46,'RETEN DIST.50*68*10 R-19 ECL MEG'),(776,'301663-3',1916,987,1,987,46,'RETEN EJE LEVA INT.30*40*7 19ECL'),(777,'301665-K',1917,2050,2,4100,46,'RETEN DIST.42*54*6 R-19 DIESEL KANGOO'),(778,'301671-4',1918,2663,1,2663,46,'RETEN EJE LEVA L/VOLAN 22*45*7 MEG 19'),(779,'301675-7',1919,618,1,618,46,'RETEN EJE LEVA 30*42*8 4S'),(780,'301680-3',1920,2163,1,2163,47,'RETEN CIG.85*105*12 306/206/19/LAG'),(781,'301682-K',1921,1379,2,2758,47,'RETEN DIST.35*47*7 CLIOII/19/CLIO'),(782,'302602-7',1922,20401,1,20401,47,'PRENSA EMBRAGUE 106/205/306/9/11/12/18/CLIO 2061.4'),(783,'302649-3',1923,5672,1,5672,47,'PIOLA EMBRAGUE R-12 TL'),(784,'302655-8',1924,3629,1,3629,47,'PIOLA EMBRAGUE R-9-11/EXPRESS'),(785,'302660-4',1925,5238,1,5238,47,'PIOLA EMBRAGUE CLIO1.21.4 1.6 >99'),(786,'302663-9',1926,7015,1,7015,47,'PIOLA EMBRAGUE KANGOO 1.6 1.9'),(787,'302677-9',1927,7443,1,7443,47,'PIOLA EMBRAGUE CLIOII'),(788,'302679-5',1928,4750,1,4750,47,'PIOLA EMBRAGUE C/REG. R-19'),(789,'302680-9',1929,7482,1,7482,47,'PIOLA EMBRAGUE MEGANE SCENIC'),(790,'302687-6',1930,7994,1,7994,47,'PIOLA EMBRAGUE SANDERO/LOGAN 1.6'),(791,'302713-9',1931,3288,1,3288,47,'REG.PEDALERA R19/CLIO'),(792,'302715-5',1932,6767,1,6767,47,'REG.PEDALERA CLIOII'),(793,'302720-1',1933,1721,1,1721,47,'RETEN TRANS.27.95*56*10 MEG CLIOII'),(794,'303600-6',1934,2693,2,5386,47,'PLATINO ARGELITE R-12'),(795,'303709-6',1935,1321,1,1321,47,'ROTOR L/FLOT. R-12'),(796,'303715-0',1936,1321,1,1321,47,'ROTOR L/FIJA R-12'),(797,'304718-0',1937,3859,1,3859,47,'PIOLA ACELERADOR KANGOO'),(798,'310279-3',1938,1645,1,1645,47,'PIOCARON ESCAPE 19ECL'),(799,'310353-6',1939,32279,1,32279,47,'KIT DIST.(CORREA/TENS/DESL) CLIOII MEGSCEN'),(800,'310615-2',1940,5670,1,5670,47,'RETEN CIG, CLIOII MEGSCEN'),(801,'312668-4',1941,12178,2,24356,47,'ROD.RUEDA DEL.35*65*35 9/11/CLIO 1.21.4EXP'),(802,'312670-6',1942,3083,2,6166,47,'ROD.CAZOLETA CLIO II'),(803,'312696-K',1943,4050,1,4050,48,'ROD.EMPUJE MEGSCEN CLIOII KANGOO LOGAN'),(804,'312702-8',1944,3972,1,3972,48,'ROD.EMPUJE 9/11/19 CLIO >99 LAGUNA'),(805,'312704-4',1945,3356,1,3356,48,'ROD.EMPUJE R-5/12-18TL'),(806,'312738-9',1946,3641,2,7282,48,'ROD.TRANSMISION 205/306/405/307/206 TRAF'),(807,'312747-8',1947,8350,2,16700,48,'ROD.RUEDA DEL.C/ABS MEGII/SAND/NEWSYMBOL/BIPER'),(808,'312769-9',1948,5279,2,10558,48,'ROD.RUEDA TRAS.9/11/106/206/205/309/CLIO/CLIOII'),(809,'312770-2',1950,3508,4,14032,48,'ROD.RUEDA DEL.DOBLE R-12/18TL'),(810,'312771-0',1951,10411,2,20822,48,'ROD.RUEDA DEL.37*72*37 19/MEG/LOG/CLIOII/KANGOO'),(811,'312773-7',1949,9497,2,18994,48,'ROD.RUEDA TRAS.9/11/106/206/205/309/CLIO/CLIOII'),(812,'312787-7',1952,3100,2,6200,48,'ROD.TENSOR C/ALT.60*26*17'),(813,'3702604-2',1953,13704,1,13704,48,'PRENSA EMBRAGUE SM3 1.6'),(814,'3712200-9',1954,14928,1,14928,48,'ROD.EMPUJE SM3 1.5 1.6'),(815,'3712651-9',1955,17642,2,35284,48,'ROD.RUEDA DEL.SM3 1.5 1.6'),(816,'201501-3',1644,7988,1,7988,49,'GUAS VALVULA (4)?? EXPERT'),(817,'201821-7',1956,2930,1,2930,49,'VARILLA ACEITE PARTBERL 1.6 HDI'),(818,'201847-0',1957,10470,1,10470,49,'VALVULA ADMISION JGO.(4) PARTBERL1.9 BOXER C-15'),(819,'201990-6',1958,2400,1,2400,49,'VARILLA ACEITE 205/306'),(820,'204410-2',1959,3716,1,3716,49,'VALVULA IAC 406'),(821,'204472-2',1960,5725,1,5725,49,'VALVULA IAC 205'),(822,'204472-2',1961,3392,1,3392,49,'VALVULA IAC 405/3061.8'),(823,'210303-6',1667,6728,1,6728,49,'GUAS VALVULA BOXER (4) ??? BOXERPARTBERL'),(824,'210695-7',1962,2600,1,2600,49,'VARILLA ACEITE >03 PARTBERL 1.9'),(825,'210708-2',1963,14992,1,14992,49,'VALVULA ESCAPE JGO.(4) 2061.4/205/306/BIPPER'),(826,'210761-9',1964,2366,1,2366,49,'VARILLA ACEITE 2061.4/PARTNER'),(827,'213008-4',1965,2864,1,2864,49,'ACOPLE TAPA BOMBA AGUA 2061.6/3071.6/207'),(828,'213739-9',1966,2907,1,2907,49,'TERMOSTATO 83° 504/505 305'),(829,'213745-3',1967,8330,1,8330,49,'TERMOSTATO 89° RECTO 2061.6/3071.6'),(830,'213783-6',1968,2196,2,4392,49,'TERMOSTATO 82° R-19 405/205/306'),(831,'213793-3',1969,4411,2,8822,49,'TERMOSTATO 89° PARTBERL1.9 BOXER/C-15'),(832,'213793-3',1970,9640,1,9640,49,'TERMOSTATO 89°C/SENSOR AMARILLO C-3/206'),(833,'213921-9',1971,4782,1,4782,49,'TUBO CALEFACCION PARTBERL 1.9 00>'),(834,'213982-0',1972,11205,1,11205,49,'TERMOSTATO COMPLETO PARTMAX/EXPERT1.6HDI'),(835,'213996-0',1973,5193,1,5193,49,'TUBO REFRIGERACION AGUA 205GT/306'),(836,'301344-8',1317,3891,1,3891,49,'CORREA 5PK*1105 S/A/A CLIOII'),(837,'301734-6',1974,7668,1,7668,49,'SENSOR GOLPETEO(DETONACION) R-19/CLIO/CLIOII'),(838,'301845-8',1975,1872,1,1872,49,'VARILLA ACEITE LARGA CLIOII'),(839,'303717-7',1780,9611,1,9611,50,'SENSOR CUENTAKILOMETRO CLIOII MEG SCEN'),(840,'304450-5',1976,10058,1,10058,50,'VALVULA IAC CLIOII MEG SCENIC'),(841,'304502-1',1977,13815,1,13815,50,'VALVULA IAC (RELANTIE) R-19/CLIO1.21.4 EXPRE/205'),(842,'304616-8',1978,11883,1,11883,50,'VALVULA REG.PRESION INYECTOR CLIOII/306/R-19'),(843,'306098-5',1319,8105,2,16210,50,'CILINDRO FRENO TRASERO IZQ/DER CLIOII'),(844,'306905-2',1979,1516,1,1516,50,'VALVULA SERVO FRENO R-19/9'),(845,'310640-3',1980,7844,1,7844,50,'TENSOR CORREA ALT.S/A/A CLIOII'),(846,'313780-5',1981,2439,2,4878,50,'TAPA TERMOSTATO CLIO II MEGSCE'),(847,'313841-0',1982,3207,2,6414,50,'TERMOSTATO 86° 191.6 CLIO /1218TL'),(848,'313842-9',1983,3200,2,6400,50,'TUBO CALEFACCION CLIOII MEGSCEN'),(849,'313864-K',1984,3344,2,6688,50,'TERMOSTATO 89° 206/CLIOII MEGSCE'),(850,'3713833-9',1985,6564,1,6564,50,'TERMOSTATO 82° SM3'),(851,'202767-4',1986,31892,1,31892,51,'TRANS.IZQUIERDA PARTBERL 1.9 1.6'),(852,'202808-5',1987,36548,1,36548,51,'TRANS.DERECHA PARTBERL 1.9 1.6'),(853,'202820-4',1988,35993,1,35993,51,'TRANS.DERECHA 206???'),(854,'202832-8',1989,32893,1,32893,51,'TRANS.IZQUIERDA PARTNE8VAL 12>'),(855,'202833-6',1990,37593,1,37593,51,'TRANS.DERECHA PARTNE8VAL 12>'),(856,'202836-0',1991,32856,1,32856,51,'TRANS.IZQUIERDA 301/C-ELYSEE'),(857,'202837-9',1992,32884,1,32884,51,'TRANS.DERECHA 301/C-ELYSEE'),(858,'202849-2',1993,24473,1,24473,51,'TRANS.IZQUIERDA 206 1.6'),(859,'203986-9',1420,4943,10,49430,51,'BUJIA INCANDESCENTE PART 12>'),(860,'204295-9',1655,11887,1,11887,51,'FILTRO PETROLEO 308'),(861,'210510-1',1994,14890,1,14890,51,'TENSOR CORREA ALT.C/A/A >00 206 (PIEZA CON RESORTE)'),(862,'212780-6',1995,4889,1,4889,51,'ROD.TENSOR C/ALT. 206'),(863,'301454-1',1996,30437,1,30437,51,'KIT DIST.(CORREA/TENS/DESL/SELLOS)CLIOII MEGSCE K4M'),(864,'301734-6',1974,7668,1,7668,51,'SENSOR GOLPETEO(DETONACION) R-19/CLIO/CLIOII'),(865,'302791-0',1997,23665,1,23665,51,'TRANS.DERECHA CLIOII KANGO1.6 1.9'),(866,'303717-7',1780,9611,1,9611,51,'SENSOR CUENTAKILOMETRO CLIOII MEG SCEN'),(867,'306375-5',1998,8979,1,8979,51,'BALATAS JGO. CLIO II'),(868,'307042-5',1047,13770,1,13770,51,'AMORTIGUADOR DELANTERO CLIO'),(869,'310599-9',1999,14267,1,14267,51,'TENSOR CORREA ALT.C/A/A CLIOII/SAND/SYMBOL'),(870,'310640-3',1980,7844,1,7844,51,'TENSOR CORREA ALT.S/A/A CLIOII'),(871,'312787-7',1952,3100,4,12400,51,'ROD.TENSOR C/ALT.60*26*17'),(872,'313097-5',2030,11105,1,11105,51,'BASE TERMOSTATO ALUMINIO CLIOII KANG1.6'),(873,'313864-K',1984,3344,1,3344,51,'TERMOSTATO 89° 206/CLIOII MEGSCE'),(874,'601542-5',2031,6409,1,6409,52,'METAL BANCADA STD. 405/PARTBERL1.9 BOXER ZX'),(875,'602156-5',2032,5104,1,5104,52,'PERILLA P/CAMBIO 5VEL 206/306/ZX'),(876,'602593-5',2033,30554,1,30554,52,'PIOLA P/CAMBIO SELECTOR C-3'),(877,'602682-6',2034,5598,1,5598,52,'PIOLA EMBRAGUE C-15'),(878,'602708-3',2035,10951,1,10951,52,'PIOLA EMBRAGUE XSARA'),(879,'603184-6',2036,2762,1,2762,52,'CORREA 6PK* 750 C-15/BOXER'),(880,'603242-7',2037,13946,1,13946,52,'FAROL TRASERO IZQ. C-15'),(881,'603243-5',2038,13946,1,13946,52,'FAROL TRASERO DER. C-15'),(882,'603279-6',2039,4594,1,4594,52,'FAROL DEL.IZQ. C-15'),(883,'603289-3',2040,4594,1,4594,52,'FAROL DEL.DER. C-15'),(884,'603452-7',2041,12563,1,12563,52,'FAROL TRASERO IZQ. NEMO'),(885,'603453-5',2042,12563,1,12563,52,'FAROL TRASERO DER. NEMO'),(886,'605300-9',2043,1608,2,3216,52,'FUELLE CREM.DIR.IZQ. 504/505/205/306/PARTBER/ZX'),(887,'605503-6',2044,9929,2,19858,52,'MAZA RUEDA C-3/2061.4/301/208'),(888,'606099-4',2045,14656,1,14656,52,'BOMBA FRENO T/BENDIX C-15'),(889,'606274-1',2046,7492,2,14984,52,'SENSOR ABS C-ELYSEE/301'),(890,'606646-1',2047,9501,1,9501,52,'PASTILLA FRENO C-2/C-3'),(891,'607477-4',1460,4822,12,57864,52,'ACEITE DIR. HIDRAULICA SUSP.'),(892,'607494-4',2048,16916,1,16916,52,'AMORTIGUADOR DEL.DER.GAS C-3>06'),(893,'607495-2',2049,16916,1,16916,52,'AMORTIGUADOR DEL.IZQ.GAS C-3>06'),(894,'607850-8',2050,1900,2,3800,52,'GOMA B/ESTABILIZADORA C-2/C-3'),(895,'609410-4',2051,4438,2,8876,52,'AMORTIGUADOR PORTALON C-4>11'),(896,'610185-2',2052,4438,2,8876,52,'ESPEJO DERECHO/IZQUIERDO C-15'),(897,'613346-0',2053,14514,1,14514,53,'MANGUERA CALEFACCION JGO. C-3'),(898,'613564-1',2054,13802,1,13802,53,'MANGUERA INF.RADIADOR 206/307/XSARAII'),(899,'613611-7',2055,9806,1,9806,53,'MANGUERA DEP. A RAD. PARTBERL 1.6HDI'),(900,'709530-9',2056,3643,2,7286,53,'MANILLA ALZAVIDRIO GRIS C-15/VISA'),(901,'205168-0',2057,4318,2,8636,54,'RUTULA AXIAL 307 >05 C-4'),(902,'207691-8',2058,4733,2,9466,54,'RUTULA SUSPENSION 16MM LARGA 306/ZX/PARTNBERL'),(903,'209468-1',2059,5515,1,5515,54,'MANILLA INT.PTA.IZQ. PARTNBERL/ZX'),(904,'209469-k',2060,5568,1,5568,54,'MANILLA INT.PTA.DER. PARTNBERL/ZX'),(905,'210252-8',2061,15548,1,15548,54,'EMP.CULATA 4+2 PARTNBEL 1.6 HDI >11'),(906,'450351',2062,3090,1,3090,55,'FILTRO AIRE C2766'),(907,'451273',2063,5596,1,5596,55,'FILTRO AIRE C2771'),(908,'450377',2064,2758,1,2758,55,'FILTRO AIRE C2964'),(909,'451334',2065,3703,1,3703,55,'FILTRO AIRE C2987'),(910,'451289',2066,3899,1,3899,55,'FILTRO AIRE C3087'),(911,'450429',2067,6448,1,6448,55,'FILTRO AIRE C3173'),(912,'451295',2068,3477,1,3477,55,'FILTRO AIRE C3282'),(913,'450810',2069,6240,1,6240,55,'FILTRO AIRE C33 156'),(914,'451667',2070,4064,1,4064,55,'FILTRO AIRE C33 006'),(915,'451359',2071,4436,1,4436,55,'FILTRO AIRE C3366'),(916,'451294',2072,3269,1,3269,55,'FILTRO AIRE C3485/1'),(917,'451556',2073,4649,1,4649,55,'FILTRO AIRE C3585'),(918,'451459',2074,4740,1,4740,55,'FILTRO AIRE C4371'),(919,'451539',2075,4467,1,4467,55,'FILTRO AIRE C5082/2'),(920,'650611',2076,2277,2,4554,55,'FILTRO ACEITE ELEMENTO HU711/51X'),(921,'650612',2077,2277,4,9108,55,'FILTRO ACEITE ELEMENTO HU716/2X'),(922,'660506',1457,2473,2,4946,55,'FILTRO PETROLEO PU1021X PARTBERL'),(923,'660542',2078,14100,1,14100,55,'FILTRO ACEITE PETROLIO PU1021X'),(924,'660512',2079,5440,1,5440,55,'FILTRO ACEITE PETROLIO PU922X'),(925,'920101',2080,1451,12,17412,55,'LIQUIDO FRENO 355CC'),(926,'HU940043',2081,196,10,1960,56,'AMPOLLETA1/CTO GLOBO CHICO'),(927,'HU940030',2082,212,10,2120,56,'AMPOLLETA1/CTO GLOBO GRANDE'),(928,'HU940026',2083,257,10,2570,56,'AMPOLLETA2/CTO.C/DISP'),(929,'HU950038',2084,1943,10,19430,56,'AMPOLLETA ALTA/BAJA YODO H7'),(930,'HU950000',2085,1508,10,15080,56,'AMPOLLETA H-4 60/55'),(931,'HU940070',2104,168,10,1680,56,'AMPOLLETA COLA PESCADO CHICA'),(932,'HU940050',2086,112,10,1120,56,'AMPOLLETA COLA PESCADO MEDIANA'),(933,'670005',2087,2160,1,2160,56,'FILTRO ACEITE W610/82 SM3 06>'),(934,'HU950037',2103,1117,10,11170,56,'AMPOLLETA H-1'),(935,'670053',2088,2369,1,2369,56,'FILTRO ACEITE W712/8 R19/205GT'),(936,'670048',2089,3630,1,3630,56,'FILTRO ACEITE W712/81'),(937,'670017',2090,2173,1,2173,56,'FILTRO ACEITE W77'),(938,'670080',2091,2369,1,2369,56,'FILTRO ACEITE W815 R21'),(939,'451168',2092,4033,1,4033,56,'FILTRO AIRE C1286/1'),(940,'450147',2093,2565,1,2565,56,'FILTRO AIRE C1440'),(941,'450154',2094,3434,1,3434,56,'FILTRO AIRE C1460'),(942,'450256',2095,2458,1,2458,56,'FILTRO AIRE C2046'),(943,'451239',2096,3689,1,3689,56,'FILTRO AIRE C21.104'),(944,'451100',2097,4351,2,8702,56,'FILTRO AIRE C2159'),(945,'451680',2098,7252,1,7252,56,'FILTRO AIRE C24.017'),(946,'451258',2099,3434,1,3434,56,'FILTRO AIRE C25.101'),(947,'451554',2100,7236,1,7236,56,'FILTRO AIRE C25.115'),(948,'451407',2101,5539,1,5539,56,'FILTRO AIRE C2512'),(949,'450341',2102,3090,1,3090,56,'FILTRO AIRE C2555/2'),(950,'214025',2105,8727,1,8727,57,'CAÑERIA BBA.INYECTORA 1.9'),(951,'0304-340',2106,1210,1,1210,58,'EMP.CARTER 405/PARTBERL1.9/C-15 1.9/BOXER'),(952,'5960-G4A',2107,5300,4,21200,58,'BUJIA EXTRA LARGA 207/RCZ/308/3008/208 1.616VALV'),(953,'R-1199-31 BOLOM',2108,3270,1,3270,58,'BULBO ELECTROVENT.92°/82° R-19/CLIO'),(954,'R-223011',1182,3140,1,3140,58,'PERILLA P/CAMBIO CLIO II LOGAN'),(955,'V-0156',2109,6290,2,12580,58,'LIMPIA INYECTOR DIESEL'),(956,'V-0170',2110,6210,2,12420,58,'LIMPIA INYECTOR BENCINA'),(957,'V-1207-1',2111,1800,3,5400,58,'LIMPIA CARBURADOR 420ML'),(958,'201034-8',2109,8180,1,8180,59,'VALVULA ADMISION JGO.(4) 205/306/106/206>02'),(959,'201812-8',21102,8595,1,8595,59,'VALVULA ADMISION JGO.(4) 206 1.4 03> /C-3BIPPERNEMO'),(960,'202067-K',2112,3482,1,3482,59,'SEGURO PIOLA EMBRAGUE 206'),(961,'204314-9',1656,20798,2,41596,59,'INYECTOR AZUL 206 1.4 1.6'),(962,'210252-8',2061,15548,1,15548,59,'EMP.CULATA 4+2 PARTNBEL 1.6 HDI >11'),(963,'210706-6',2113,12148,2,24296,59,'VALVULA ESCAPE JGO.(4) 2061.616VALV/C-41.616VAL'),(964,'210756-2',1888,2439,1,2439,59,'RETENES VALVULAS (8) 206/307 1.6 16 VAL'),(965,'210859-3',1890,10126,1,10126,59,'RETENES VALVULAS (8) 207/308/3008'),(966,'213606-6',2115,23411,1,23411,59,'RADIADOR 3071.6 00> PARTBERL1.9 04>'),(967,'303130-6',2117,855,10,8550,59,'BUJIA CORTA R-5/12/4S'),(968,'310527-K',2118,6728,1,6728,59,'SOPORTE ESCAPE (TUBO) CLIO II'),(969,'3712652-7',2119,5249,2,10498,59,'ROD.RUEDA DEL. SM3'),(970,'213102-1',2114,2715,2,5430,59,'BULBO ELECTROVENT. 82°/68° UNIVERSAL'),(971,'0807-14',1168,1650,2,3300,60,'RETEN EJE LEVA 35*50*7 PARTBERL1.9 BOX2.5'),(972,'5202-VF',2120,35000,1,35000,60,'AMORTIGUADOR DEL. 301-C-ELYSEE 1.6 18VAL'),(973,'5206-580',2121,33500,1,33500,60,'AMORTIGUADOR TRASERO 301/C-LYSEE'),(974,'R0768-EJGO',2122,11375,4,45500,60,'BOBINA LAPIZ CLIO II/MEGANE 1.6'),(975,'0513-74C',2125,13500,1,13500,61,'PIÑON DISTRIBUCION PARTN/BERL 1.9 DW8'),(976,'0515-R5C',2126,20500,1,20500,61,'POLEA CIGUEÑAL (DAMPER) 6PKA PART/BERTL 04>'),(977,'1174-15B',2127,1700,1,1700,61,'VARILLA ACEITE PATRN 1.9 XUD9'),(978,'1174-46A',2128,1750,1,1750,61,'VARILLA ACEITE PATRN BERL 1.9'),(979,'1174-64A',2129,1650,1,1650,61,'VARILLA ACEITE 206/307/PICAS/XSARA II>05'),(980,'1174-82B',2130,2500,1,2500,61,'VARILLA ACEITE 107/207/206/ PART 1.4 06>'),(981,'1174-C0B',2131,1700,1,1700,61,'VARILLA ACEITE PART/BERL 04>'),(982,'1174-G2A',2132,2500,1,2500,61,'VARILLA ACEITE PART/BERL 1.6 16VAL'),(983,'1174-H0B',2133,2200,1,2200,61,'VARILLA ACEITE PART/BERL 12>'),(984,'1201-C3B',2134,2250,1,2250,61,'TAPA BOMBA AGUA 206/207/307/308/C-4C-3/SAX/XSA'),(985,'1307-HNG',2135,6500,1,6500,61,'DEPOSITO AGUA S/TAPA PARTN BERL >04'),(986,'1307-LQC',2136,6100,1,6100,61,'DEPOSITO AGUA S/TAPA 206 1.4 1.6'),(987,'1307-ZVC',2137,3300,1,3300,61,'MANGUERA DEP. A RADIADOR PARTN BERL 04>'),(988,'1323-23D',2138,7400,1,7400,61,'DEPOSITO AGUA PARTBERL 04>'),(989,'1323-Y4A',2139,5300,1,5300,61,'MANGUERA DEP. A RAD. 308/3008/5008/C-4 PICASS'),(990,'1531-20C',2140,1400,1,1400,61,'TUERCA BBA.COMBUSTIBLE 306 1.6'),(991,'1573-RNA',2141,5500,1,5500,61,'MANGUERA RET.COMBUST.A ESTANQUE 206 BENC'),(992,'1981-0580B',2142,1225,8,9800,61,'GOLILLA INYECTOR C/U 301/PARTN/BERL/C-ELY/208 1.6'),(993,'1982-833A',2143,463,16,7408,61,'PERNO ESPARRAGO C/U PARTN/BERL 1.6 16V'),(994,'5035-19G',2144,2990,2,5980,61,'ROD.CAZOLETA 106/205/305/306/309/301/505/PARTN/MEG'),(995,'6340-A3C',2145,1990,2,3980,61,'FAROL PATENTE 206/PARTN/BERL >12'),(996,'R9260-H',2146,1200,1,1200,61,'TAPA DEP.AGUA 205/505/9/11/18/19'),(997,'1323-X6A',2147,8200,1,8200,62,'DEPOSITO AGUA PARTTEPEE/3008/5008'),(998,'1336-44C',2148,1500,1,1500,62,'TAPA SALIDA AGUA 306'),(999,'1336-A1C',2149,1700,1,1700,62,'TAPA TERMOSTATO C/SANGRADOR 405'),(1000,'1336-C9C',2150,1700,1,1700,62,'TAPA TERMOSTATO C-15/PARTNBERL 1.9'),(1001,'1336-G3D',2151,1900,1,1900,62,'TAPA TERMOSTATO BOXER DIESEL'),(1002,'1336-G4C',2152,1990,1,1990,62,'ACOPLE SALIDA AGUA PARTBERL 1.9'),(1003,'1336-N8C',2153,2300,1,2300,62,'ACOPLE SALIDA AGUA PARTBERL 1.9 04>'),(1004,'1336-P0E',2154,3300,1,3300,62,'ACOPLE SALIDA AGUA PARTBERL 1.9 DW8'),(1005,'1336-P5C',2155,2100,1,2100,62,'ACOPLE SALIDA AGUA 307/XSARA/BOXER HDI 2.0'),(1006,'1434-45',2156,6990,1,6990,62,'MANGUERA AIRE RESONADOR (TURBO) 107/206/207/C-3 1.4 HDI'),(1007,'1798-830A',2157,2150,1,2150,62,'PICARON ESCAPE (MALLA 60*46) PARTN BERL/BOX/XUD9/306 1.4'),(1008,'1806-49A',2158,5100,1,5100,62,'BIELETA SOPORTE MOTOR CENTRAL PARTN BERL 04>'),(1009,'1806-A6E',1102,7700,1,7700,62,'SOPORTE MOTOR TRAS(BIELETA) 301/C-ELYSEE'),(1010,'1982-REPB(C/U)',2160,1075,12,12900,62,'GOLILLAS INYECTOR C/U PARTNBERL1.6 16V 307/XSARA'),(1011,'1982-REPDV4',2161,11500,1,11500,62,'REP.INYECTOR (KIT) 206/207/C-2/C-3/BIPPER/NEMO'),(1012,'2052-Z0C',2162,79900,1,79900,62,'KIT EMBRAGUE PARTN 12> 301C-ELYS/308/208'),(1013,'2105-60A',2163,5300,1,5300,62,'CENTRADOR CAJA (2PERNOS)S/RETEN BIPPER/NEMO 1.3'),(1014,'2452-91C',2164,5200,1,5200,62,'BIELETA P/CAMBIO LARGA 206'),(1015,'R2038-A',2165,5500,2,11000,62,'EMP.CULATA 4M R-19DIESEL/KANGOO'),(1016,'R9262-',2166,1400,1,1400,62,'TAPA DEP.AGUA CLIOII/KANG/MEG/LOG/FLUE'),(1017,'R9266-E',2167,2200,1,2200,62,'TAPA TERMOSTATO (3PERNOS)CLIOII/DUST/LOG/MEG/SAN'),(1018,'1323-86B',2168,8200,1,8200,63,'DEPOSITO AGUA S/TAPA 307/C-3/C-4'),(1019,'1323-CTB',2169,8800,1,8800,63,'DEPOSITO AGUA C/TAPA BIPPER/NEMO'),(1020,'1323-T9B',2170,4400,1,4400,63,'DEPOSITO AGUA 207/C-2/C-3/PICASO.'),(1021,'4246-89E',2171,10800,1,10800,63,'DISCO FRENO JGO. (MACIZO247MM) 205/206/306/ZX1.4/C-15'),(1022,'4246-G6B',2172,11500,1,11500,63,'DISCO FRENO TRASERO JGO. (SOLIDO) 206TODOS/ZX/XASA'),(1023,'4246-R8C',2173,14900,1,14900,63,'DISCO FRENO JGO. (SOLIDO) 2061.4/C-3'),(1024,'4246-W1A',1120,15966,2,31932,63,'DISCO FRENO VENT.(JGO)PART1.91.6 04>2061.6307301C-ELY.'),(1025,'4247-599A',2174,18900,1,18900,63,'TAMBOR FRENO S/ROD.JGO.301/C-ELYSEE'),(1026,'4247-599R',2175,31900,1,31900,63,'TAMBOR FRENO C/ROD.JGO.301/C-ELYSEE'),(1027,'4249-L22C',2176,14800,1,14800,63,'DISCO FRENO VENT.NEMO/BIPER 1.4'),(1028,'R-1713A',1129,14200,1,14200,63,'DISCO FRENO DEL.VENT.(JGO)19ECL/CLIOIIMEGS'),(1029,'R1727-A',2177,16100,1,16100,63,'DISCO FRENO JGO. NEW SYMBOL K7M 14>'),(1030,'203146-9',1309,1266,1,1266,64,'CONDENSADOR DUCELIER 504/505'),(1031,'204613-K',2178,3941,1,3941,64,'PIOLA ACELERADOR (KIT) 306/405/205/305'),(1032,'207578-4',2179,10895,2,21790,64,'AMORTIGUADOR TRASERO 301/C-ELYSEE'),(1033,'301223-9',2180,3268,1,3268,64,'FILTRO ACEITE MEGANEII/KANGOO 1.5'),(1034,'302590-K',2181,5369,1,5369,64,'REP.P/CAMBIO MEGANEII/CLIO/1.9'),(1035,'303600-6',1934,2693,1,2693,64,'PLATINO ARGELITE R-12'),(1036,'310160-6',1586,4641,1,4641,64,'FILTRO POLEN CLIO IV NEW SYMBOL'),(1037,'201419-k',1853,2600,2,5200,65,'RETENES VALVULA 7MM 205/306/CLIO/106'),(1038,'202090-4',1421,3459,1,3459,65,'BULBO MARCHA ATRAS PARTMAXI'),(1039,'202152-8',2182,13272,1,13272,65,'TUBO BOMBA A CIL.EMBRAGUE 301/C-ELY'),(1040,'202617-1',1234,3559,1,3559,65,'BULBO MARCHA ATRAS 208.'),(1041,'203370-4',2184,8728,1,8728,65,'FAROL TRASERO IZQ. PARTNBERL >03'),(1042,'203372-0',2185,8728,1,8728,65,'FAROL TRASERO DER. PARTNBERL >03'),(1043,'203722-K',2186,28129,1,28129,65,'OPTICO IZQUIERDO 301 >16'),(1044,'203724-6',2187,28129,1,28129,65,'OPTICO DERECHO 301 >16'),(1045,'203829-3',1720,10150,1,10150,65,'SENSOR CIGUEÑAL(CAPTOR VOLANTE) 206/C-2C-3C-4'),(1046,'203852-8',2188,18179,1,18179,65,'FAROL TRASERO IZQ. 301 >17'),(1047,'203865-K',2189,18179,1,18179,65,'FAROL TRASERO DER. 301 >17'),(1048,'204003-4',2190,35553,1,35553,65,'ADITIVO FILTRO FAP (GEL DPF) PARTN 12>F'),(1049,'204317-3',2191,11720,1,11720,65,'FILTRO PETROLEO 301/C-ELY/PARTN 12>'),(1050,'206605-k',1839,6381,1,6381,65,'PASTILLA FRENO TRASERA 307/405/MEGANE'),(1051,'207127-4',2001,4479,1,4479,65,'BIELETA B/ESTABILZADORA PARTBERL>11 306.'),(1052,'210077-0',2192,5935,1,5935,65,'CORREA 6PK* 966 301/C-ELYS'),(1053,'210924-7',2193,4557,1,4557,65,'CORREA 6PK*1020 308'),(1054,'212659-1',2194,15086,2,30172,65,'ROD.RUEDA DEL.C/ABS PARTN 12>/307/3008/208'),(1055,'215147-2',2195,8983,1,8983,65,'ESPEJO IZQUIERDO C/PERILLA PARTNBERL >11'),(1056,'301131-3',1378,1559,1,1559,65,'CORREA 9.5*675 19TS'),(1057,'315312-6',2196,11891,1,11891,65,'ESPEJO IZQUIERDO C/PERILLA CLIOII'),(1058,'315313-4',2197,11891,1,11891,65,'ESPEJO DERECHO C/PERILLA CLIOII'),(1059,'1336-Q1F',1062,4500,2,9000,66,'TERMOSTATO 89° RECTO 206 307.'),(1060,'1444-TV',2212,2750,2,5500,66,'FILTRO AIRE C3585 301/C-ELYSE'),(1061,'1628-JFA',2213,22800,1,22800,66,'ELECTROVALVULA 407'),(1062,'1806-A6E',1102,7700,1,7700,66,'SOPORTE MOTOR TRAS(BIELETA) 301/C-ELYSEE'),(1063,'6447-KK',2214,1990,1,1990,66,'FILTRO POLEN CU2940 C-3/307/308/C-4/XARPICAS 05>'),(1064,'6976-06B',2215,1250,1,1250,66,'CHAVETA CIGUEÑAL PARTBERL XUD9/DW8'),(1065,'9736-A0',2216,45200,1,45200,66,'ADITIVO FAP 1 LITRO 301/C-ELYSEE'),(1066,'1109-K0A',2203,9866,1,9866,67,'FILTRO ACEITE EXPERTIV/JUMPY/TRAVELL'),(1067,'4534-40',2204,4193,1,4193,67,'BULBO FRENO 307 05> /C-3/C5/PARTBERL.'),(1068,'4534-482',2205,4924,1,4924,67,'BULBO FRENO 307 06>/2071.416VA/407.'),(1069,'5960-122',2206,4235,4,16940,67,'BUJIA INCANDESCENTE 107/206/C2/C3/BIPPNEMO 1.4HDI'),(1070,'5960-28B',2208,3689,3,11067,67,'BUJIA EXTRA LARGA 208/2008/C-ELYSEE 1.2VT.'),(1071,'5960-L4',2207,4765,4,19060,67,'BUJIA INCANDESCENTE BIPPER/NEMO 1.3HDI 13DTS.'),(1072,'C6-635194',2209,14824,1,14824,67,'FAROL TRASERO IZQ. ZX HATCHA'),(1073,'C6-635195',2210,14824,1,14824,67,'FAROL TRASERO DER. ZX HATCHA'),(1074,'R-1199-40B',2211,5529,1,5529,67,'BUJIA CORTA JGO. L87YC R-4/5/12TL'),(1075,'0831-2480A',2199,51500,1,51500,68,'KIT DIST.(CORREA/TENS/DESL) 2081.2'),(1076,'1444A-01B',2200,8800,1,8800,68,'FILTRO AIRE C29110 308II/3008II/JUMPY.'),(1077,'1901-A3B',2201,9500,1,9500,68,'FILTRO PETROLEO WK853/21 BIPPER/NEMO 1.3HDI 13DTS.'),(1078,'1109-K0A',2203,10500,1,10500,68,'FILTRO ACEITE EXPERTIV/JUMPY/TRAVELL'),(1079,'201120-4',1350,9566,1,9566,69,'CORREA DISTR. 140D PARTBERL1.9 01> C-15BOXER'),(1080,'201415-7',2218,1832,2,3664,69,'FILTRO ACEITE ELEMENTO HU716/2X 301/C-ELYSEE'),(1081,'201780-6',2219,3301,1,3301,69,'TAPA ACEITE PART1.9/1.6 /BIPP/BOX'),(1082,'202125-0',1233,14202,1,14202,69,'CILINDRO EMBRAGUE 301 C-ELYSEE..'),(1083,'204192-8',1723,6212,1,6212,69,'SENSOR MAP 206/106/307'),(1084,'210008-8',2220,75970,1,75970,69,'ADITIVO COMBUSTIBLE FAP(BOLSA FLEXIBLE) 301/C-ELY'),(1085,'213295-8',1018,11788,1,11788,69,'BASE TERMOSTATO C-3. 206.'),(1086,'215018-2',1045,18169,4,72676,69,'ACEITE 5W30 (P/FAP-DPF).'),(1087,'304616-8',1978,11883,1,11883,69,'VALVULA REG.PRESION INYECTOR CLIOII/306/R-19'),(1088,'0249-A90A',2221,1600,2,3200,70,'EMP.TAPA VALVULA JGO.(2) >05 307/2061.6 16VAL'),(1089,'0249-A90A',2222,4500,2,9000,70,'EMP.TAPA VALVULA 06> 307/2061.6 16VAL'),(1090,'1104-36A',2223,2500,1,2500,70,'ORING ENFRIADOR ACEITE JGO. PART-BER-EXP-307 DV6/206-C3'),(1091,'2041-28B',1111,3800,1,3800,70,'ROD.EMPUJE C/PATA 205405306AXZX'),(1092,'3748-90A',2224,8990,3,26970,70,'ROD.RUEDA TRAS.30*62*48 207/307>06/DS3/C3 PICASSO/C4'),(1093,'6438-AVC',2225,3300,2,6600,70,'SAPITO AGUA C/U 206'),(1094,'9736A-00B',2226,5990,3,17970,70,'LIQUIDO BLUE UREA 10LTS BLUE HDI 208/308/508/2008/EXP4'),(1095,'201265-0',1596,2988,1,2988,71,'FILTRO ACEITE 406/4072.0 /208.'),(1096,'201451-3',1332,4901,1,4901,71,'CORREA 6PK*1072 208'),(1097,'201603-6',2227,1990,2,3980,71,'BULBO ACEITE BIPPER/NEMO1.3 HDI'),(1098,'201740-7',1710,2888,1,2888,71,'SOPORTE MOTOR TRAS.70MM PARTBERL.'),(1099,'210349-4',2228,7839,1,7839,71,'FILTRO AIRE BIPPER/NEMO HDI 1,3'),(1100,'210867-4',1573,5328,1,5328,71,'FILTRO AIRE 208 1.2'),(1101,'213672-4',1907,22701,1,22701,71,'RADIADOR C/A/A 206 1.4 1.6'),(1102,'213689-9',1908,11502,1,11502,71,'RESISTENCIA ELECTROVENT.A/ACOND 206'),(1103,'301223-9',2180,3229,1,3229,71,'FILTRO ACEITE MEGANEII/KANGOO 1.5'),(1104,'301272-7',1580,3869,1,3869,71,'FILTRO AIRE MEGIII KANGOOII 1.5.'),(1105,'306544-8',2229,7275,1,7275,71,'PASTILLA FRENO 19/CLIOI MEGANLOG/SAND'),(1106,'306621-5',2230,3959,1,3959,71,'PASTILLA FRENO 19/CLIOI MEGANLOG/SAND'),(1107,'201120-4',1350,9566,1,9566,72,'CORREA DISTR. 140D PARTBERL1.9 01> C-15BOXER'),(1108,'201325-8',1553,888,1,888,72,'EMP.MULT.ESCAPE JGO. 504-505..'),(1109,'202044-0',1051,4308,2,8616,72,'BIELETA P/CAMBIO C/REGU.LARGA PARTNERBERL'),(1110,'202071-8',1050,2878,3,8634,72,'BIELETA P/CAMBIO C/REGUL.CORTA PARTBERL'),(1111,'202199-4',1358,19322,1,19322,72,'DISCO EMBRAGUE 504/505'),(1112,'202625-2',1875,21620,1,21620,72,'PRENSA EMBRAGUE 504 505'),(1113,'202832-8',1989,32893,1,32893,72,'TRANS.IZQUIERDA PARTNE8VAL 12>'),(1114,'203098-5',1238,4373,4,17492,72,'BUJIA INCANDESCENTE PARTNERBERL1.6HDI.'),(1115,'203753-K',2217,24892,1,24892,72,'OPTICO DERECHO 206 03>08'),(1116,'204062-K',1413,4601,1,4601,72,'BOMBA CEBADORA C15 PARTNBERL.'),(1117,'204192-8',1723,6212,1,6212,72,'SENSOR MAP 206/106/307'),(1118,'207216-5',1013,14570,1,14570,72,'BANDEJA IZQUIERDA S/ROTULA 307/C-4'),(1119,'207217-3',1012,14570,1,14570,72,'BANDEJA DERECHA S/ROTULA 307/C-4PART12>.'),(1120,'207286-6',1017,10304,1,10304,72,'BANDEJA IZQUIERDA S/ROTULA 306 PARTBERL.'),(1121,'207586-5',1000,14171,1,14171,72,'AMORTIGUADOR DEL.DER, 306/ZX/XARA.'),(1122,'207601-2',1001,14142,1,14142,72,'AMORTIGUADOR DEL.IZQ. 306/ZX/XARA.'),(1123,'210245-5',1495,1832,1,1832,72,'EMP.TAPA VALVULA INF. 01> PARTBERL C-15'),(1124,'210248-K',1496,1974,1,1974,72,'EMP.TAPA VALVULA SUP. 01> PARTBERL C-15'),(1125,'210254-4',1636,2540,1,2540,72,'EMP.CULATA 306 1.6'),(1126,'210285-4',1566,9039,1,9039,72,'FILTRO POLEN BOXER/308'),(1127,'212686-9',1903,3854,1,3854,72,'ROD.EMPUJE 505/504 STW'),(1128,'204018-2',2231,9046,1,9046,72,'BOMBA BENCINA ELECTRICA 308/207/307'),(1129,'206470-7',2232,3972,1,3972,72,'PASTILLA FRENO 405 93>'),(1130,'215039-5',2233,10475,6,62850,73,'ACEITE CAJA 75W90 SINTETICO YACCO'),(1131,'215039-5',2234,8869,6,53214,73,'ACEITE CAJA 75W80 2LTS MINERAL YACCO'),(1132,'302224-2',2183,9452,1,9452,73,'FUELLE TRANS.L/CAJA C/LATA LOGAN/SANDERO'),(1133,'303684-7',2235,2875,4,11500,73,'BUJIA INCANDESCENTE CLIO DCI/KANGO1.5'),(1134,'303730-4',2236,4683,4,18732,73,'BUJIA INCANDESCENTE DOKKER'),(1135,'305078-5',1784,5278,1,5278,73,'ROTULA AXIAL MEGANE III'),(1136,'313087-8',3199,10963,1,10963,73,'BOMBA AGUA 19 1.6 CLIO..'),(1137,'1103-K4A',2239,3100,1,3100,74,'TAPA FILTRO ACEITE C3/C4/PIC/BER/PAR/307/EXPT/301'),(1138,'1201-G0B',1088,9400,1,9400,74,'BOMBA AGUA 18DTS. 206-C3 1.4 01> SAXO'),(1139,'1346-Z2E',2240,2900,1,2900,74,'MANGUERA SUP.RADIADOR 206'),(1140,'1444-TV',2212,2750,1,2750,74,'FILTRO AIRE C3585 301/C-ELYSE'),(1141,'1806-A6C',1102,7700,2,15400,74,'SOPORTE MOTOR TRAS(BIELETA) 301/C-ELYSEE.'),(1142,'1807-GWC',2241,21500,1,21500,74,'SOPORTE MOTOR DER.208/2008/301 1.6'),(1143,'1901-81E',1077,7900,2,15800,74,'FILTRO PETROLEO WK939/2 PARTBERL1.6HDI.'),(1144,'2452-G1A',2242,2500,2,5000,74,'BIELETA P/CAMBIO 301/307'),(1145,'3521-C8',2003,13990,1,13990,74,'BANDEJA DERECHA 206'),(1146,'5038-855A',2243,5800,2,11600,74,'CAZOLETA C/ROD.(KIT) 307/308/C4 PICASSO/BERL'),(1147,'5962-CLC',2244,1880,4,7520,74,'BUJIA INCANDESCENTE KANGOO 1.9'),(1148,'6340-A3C',2145,1990,1,1990,74,'FAROL PATENTE 206/PARTN/BERL >12'),(1149,'201629-K',2237,4289,1,4289,75,'PERNO ROD.TENSOR DIST. PARTN 1.9 01>'),(1150,'201740-7',1710,2888,1,2888,75,'SOPORTE MOTOR TRAS.70MM PARTBERL.'),(1151,'201786-5',2247,4884,1,4884,75,'SOPORTE ESCAPE 301/207/BOXER'),(1152,'202503-5',2248,11615,1,11615,75,'PIOLA EMBRAGUE C/AUTOREG. PARTNBERL 05>'),(1153,'203071-3',2249,1786,4,7144,75,'BUJIA INCANDESCENTE (CORTA) R-19/BOX/PART >01'),(1154,'204198-7',1246,3955,1,3955,75,'BULBO TEMPERATURA SENSOR AZUL 3 PINES 206/307.'),(1155,'205213-K',2250,5840,1,5840,75,'EXTREMO DIRECCION IZQ. 301/C-ELYSS/207'),(1156,'205214-8',2251,5840,1,5840,75,'EXTREMO DIRECCION DER. 301/C-ELYSS/207'),(1157,'206110-4',2254,9667,2,19334,75,'CILINDRO FRENO TRAS.DER/IZQ. 301/C-ELY/208'),(1158,'207216-5',1013,14570,1,14570,75,'BANDEJA IZQUIERDA S/ROTULA 307/C-4/PART12>.'),(1159,'207287-4',2255,10304,1,10304,75,'BANDEJA DERECHA S/ROT.306/ZX/PARTN'),(1160,'207492-3',2256,10387,2,20774,75,'GOMA CAZOLETA DEL. 301/C-ELYS/207'),(1161,'207550-4',11853,15991,1,15991,75,'BANDEJA DERECHA C/ROT. 301/C-ELYSEE.'),(1162,'207551-2',2257,15991,1,15991,75,'BANDEJA IZQUIERDO C/ROT. 301/C-ELYSEE'),(1163,'207620-9',2252,5420,2,10840,75,'CAZOLETA AMORTIGUADOR DEL. 301/208'),(1164,'210152-1',1371,3312,1,3312,75,'CORREA DISTR.104D 206 02>'),(1165,'210400-8',2258,9391,1,9391,75,'EMP.TAPA VALVULA 1,6 8V.(PARTNER HDI-EXPERT-301-58-5008-2008)'),(1166,'210526-8',2259,9580,1,9580,75,'RETENES VALVULA 26HDI 1,4 TODOS-EXPERT/1,6-PART.-301/1,6 8V'),(1167,'210848-8',1263,7773,1,7773,75,'BULBO ACEITE 301/C-ELYSEE..'),(1168,'302744-9',1779,11472,1,11472,75,'SOPORTE MOTOR CENTRAL MEGANE II'),(1169,'306544-8',2229,7275,1,7275,75,'PASTILLA FRENO 19/CLIOI MEGANLOG/SAND'),(1170,'307372-6',1785,3733,1,3733,75,'ROTULA SUSPENSION R-19/CLIOII/MEGSCENI.'),(1171,'0024557',2260,6230,1,6230,76,'EXTREMO DIRECCION DER. C-3/DS3.'),(1172,'0024558',2261,6230,1,6230,76,'EXTREMO DIRECCION IZQ. C-3/DS3.'),(1173,'PE10028',2262,23010,1,23010,76,'BANDEJA IZQUIERDA 106/SAXO'),(1174,'PE10038',2263,23010,1,23010,76,'BANDEJA DERECHA 106/SAXO'),(1175,'0034424',2281,1877,3,5631,77,'ORING ENFRIADOR ACEITE JGO. PARTN/BERL/301/C-4 ETC'),(1176,'0034686',2334,29900,1,29900,77,'BOMBA BENCINA ELECTRICA COMPLETA 307/C-4'),(1177,'0034713',2335,1510,3,4530,77,'FILTRO ACEITE ELEMENTO HU7033Z 301/208/2008/C-4 1.6BLUE'),(1178,'0152023',2336,6443,1,6443,77,'ROD.EMPUJE SM3 1.5 1.6'),(1179,'4400270',2337,3749,1,3749,77,'RETENES VALVULA 7MM 205/306/CLIO/106'),(1180,'70000072',2338,13532,2,27064,77,'ROD.RUEDA DEL.C/ABS 37*72*33 301/C-ELYS/207/DS3/208/2008'),(1181,'7603132',2339,30670,1,30670,77,'KIT DIST.(CORREA/TENSOR/DESL) 206/307 1.6 16 VAL'),(1182,'7833100',2340,9332,1,9332,77,'ROD.TENSOR C/ALT.60*30*10 206/C-4/XSA'),(1183,'9941326',2341,5570,1,5570,77,'PASTILLA FRENO TRASERA 307/207/C-4'),(1184,'9941479',2342,7970,1,7970,77,'PASTILLA FRENO MEGIII/LAGIII/LATIT'),(1185,'9942170',2343,1443,1,1443,77,'TAPA TERMOSTATO PARTN/BERL/C-15 1.9'),(1186,'9942188',2344,969,2,1938,77,'SEGURO PIOLA EMBRAGUE PARTBERL 1.9'),(1187,'9942268',2345,8837,1,8837,77,'DEPOSITO AGUA C-2/C-3/C-4/207/208/2008'),(1188,'9942272',2346,7972,1,7972,77,'DEPOSITO AGUA 206 1.4 1.6'),(1189,'9942278',2347,1284,1,1284,77,'TAPA ACEITE PART1.9/1.6 /BIPP/BOX'),(1190,'9942421',2348,4016,2,8032,77,'SENSOR NIVEL DEP.AGUA PARTN/BERL 1.9'),(1191,'0034413',2333,9061,1,9061,77,'ENFRIADOR ACEITE 301/C-ELYS/PARTN/C-4 1.6 HDI'),(1192,'0014815',2315,12429,1,12429,78,'KIT EJE LEVA (TENSOR/CADENA) PARTN 1.6 HDI C-4/XSARA/EXPER'),(1193,'0016871',2316,2400,12,28800,78,'SILICONA GRIS 80ML LOCTITE'),(1194,'0023871',2317,7980,2,15960,78,'TRANS.L/RUEDA (PUNTA) 206 1.4 1.6'),(1195,'0023874',2318,14680,1,14680,78,'TRANS.L/CAJA DER. (PUNTA) 206 1.4 1.6'),(1196,'0023875',2319,10800,1,10800,78,'TRANS.L/CAJA IZQ. (PUNTA) 206 1.4 1.6'),(1197,'0024567',2320,3370,2,6740,78,'EXTREMO DIRECCION DER. CLIOII/MEG/KANG/SCEN'),(1198,'0024568',2321,3370,2,6740,78,'EXTREMO DIRECCION IZQ. CLIOII/MEG/KANG/SCEN'),(1199,'0024860',2322,18500,1,18500,78,'BOBINA ELECTRONICA PLANA 206 GRIS..'),(1200,'0029269',2323,41700,1,41700,78,'KIT DIST.(CORREA/TENS/DESL) 301C-ELYSEPARTT12>EXPE'),(1201,'0030444',2324,8898,1,8898,78,'CILINDRO EMBRAGUE 307/C-4/C-3 TU5JP4'),(1202,'0032033',2325,4430,2,8860,78,'RETENES VALVULA 26HDI 1,4 TODOS-EXPERT/1,6-PART.-301/1,6 8V'),(1203,'0032039',2326,1138,2,2276,78,'EMP.MUL.ADM. (ORING JGO) 206/BIPP/207/C-3 1.4'),(1204,'0032043',2327,1620,1,1620,78,'EMP.MULT.ESCAPE 1.6HDI PARTBERL'),(1205,'0032079',2328,800,1,800,78,'EMP.MULT.ADMISION (ORING/JGO) 29.5MM PARTN 1.6 16 VAL C-4 HDI.'),(1206,'0032136',2330,12900,1,12900,78,'TAPA BANCADA TERMINADA PARTN/BERL 1.9'),(1207,'0032333',2331,9900,1,9900,78,'EMP.CULATA 2+5 BERL/PARTN/C-15/XSARA 1.9 DISEL.'),(1208,'0032380',2332,2380,4,9520,78,'EMP.TAPA VALVULA 06> 307/2061.6 16VAL'),(1209,'9942451',2302,2942,1,2942,79,'TUERCA BBA.COMBUSTIBLE 206 1.4'),(1210,'9943638',2303,5752,1,5752,79,'ANILLOS STD. 75MM 3*2*2.5 CROM PART1.6HDI.'),(1211,'9943639',2304,23008,1,23008,79,'ANILLOS 0.60 75MM 3*2*2.5 CROM PART1.6HDI.'),(1212,'9947845',2306,9925,1,9925,79,'GUIAS VALVULAS JGO. PARTN/BERL/C-15/BOX1.9'),(1213,'PE2010',2307,8343,2,16686,79,'AMORTIGUADOR TRASERO 205/306/ZX/XSARA'),(1214,'PE20030',2308,32645,1,32645,79,'KIT EMBRAGUE 205/306/2061.4'),(1215,'PE40000',2309,11250,1,11250,79,'AMORTIGUADOR DEL.IZQ. 306/PARNBERL/ZX'),(1216,'PE40010',2310,11250,1,11250,79,'AMORTIGUADOR DEL.DER. 306/PARNBERL/ZX'),(1217,'PE40498',2285,1338,2,2676,79,'FAROL TAPAB.TRASPARE 206'),(1218,'PE50008',2311,11730,2,23460,79,'AMORTIGUADOR DEL.12MM 504/505'),(1219,'PE51110',2312,2880,2,5760,79,'RUTULA SUSPENSION 16MM LARGA 306/ZX/PARTNBERL'),(1220,'PE51140',2313,2980,4,11920,79,'BIELETA B/ESTABILIZADORA 306/PARTN/ZX'),(1221,'PE58001P',2314,7120,2,14240,79,'PASTILLA FRENO 301/C-ELY/307/206/PARTN 03>'),(1222,'006595',2264,29500,1,29500,80,'MOTOR PARTIDA PARTN/BERL/1.6 DIECEL'),(1223,'009542',2265,860,2,1720,80,'FILTRO ACEITE W712/8 PART/BERL/306/AX/C-15'),(1224,'009634',2266,2030,1,2030,80,'FILTRO AIRE (C.3087) 107/206/C-1/C-2/C-3/1.4 HDI.'),(1225,'0009822',2267,1880,1,1880,80,'FILTRO AIRE C33156 406/1.8 2.0 16V C-5'),(1226,'0009881',2268,2180,1,2180,80,'FILTRO AIRE C4371/1 307 1.6 16V 05/308 1.6 >07'),(1227,'0023173',2269,4100,3,12300,80,'FILTRO PETROLEO 301/C-ELYS/PART 12>'),(1228,'0023566',2270,1540,2,3080,80,'FUELLE TRANS.L/RUEDA K4M CLIOII PLATI'),(1229,'0023583',2271,14000,1,14000,80,'RADIADOR LAGII/MEGII 2.0'),(1230,'0024583',2272,4250,4,17000,80,'ROTULA AXIAL 230MM 301/C-ELYS/207'),(1231,'0027882',2273,3500,1,3500,80,'FILTRO AIRE NEMO/BIPPER 1.3 HDI'),(1232,'0027982',2274,2690,1,2690,80,'FILTRO POLEN CU3448 206'),(1233,'0027995',2275,1830,1,1830,80,'FILTRO POLEN SM3'),(1234,'0028020',2276,11740,1,11740,80,'BANDEJA DERECHA SM3'),(1235,'0028021',2277,11740,1,11740,80,'BANDEJA IZQUIERDA SM3'),(1236,'0031168',2278,2210,1,2210,80,'FILTRO AIRE 1444-VL 207 1.4'),(1237,'0031185',2279,2015,2,4030,80,'FILTRO POLEN (DOBLE) 301/C-ELYS'),(1238,'0034194',2280,2930,1,2930,80,'FILTRO PETROLEO BIPPER/NEMO 1.3'),(1239,'0000624',2286,18500,1,18500,81,'EMP.MOTOR 206/3071.6 16V'),(1240,'0002590',2287,2030,1,2030,81,'EMP.CARTER 205/206/3061.4'),(1241,'0002591',2288,1551,2,3102,81,'EMP.CARTER 206/307/C-41.6 16VAL'),(1242,'0002615',2289,1070,2,2140,81,'EMP.MUL.ADM. (ORING JGO) 206/307/C-4/C-3'),(1243,'0002695',2290,1820,1,1820,81,'EMP.TAPA VALVULA 106/205/206/3061.4'),(1244,'0002696',2291,1201,2,2402,81,'EMP.TAPA VALVULA 206/3071.6 16V >05'),(1245,'0007985',2292,2819,2,5638,81,'ROTULA AXIAL PARTN/BERL 1.6 1.9'),(1246,'0008026',2293,2600,4,10400,81,'BIELETA B/ESTABILIZADORA 206/C-3'),(1247,'0008028',2294,3200,2,6400,81,'BIELETA B/ESTABILIZADORA 307/C-4'),(1248,'0009517',2295,970,2,1940,81,'FILTRO ACEITE ELEMENTO HU711/51X 206/307'),(1249,'0009617',2296,2060,1,2060,81,'FILTRO AIRE C1460 205/306'),(1250,'0009633',2297,2250,1,2250,81,'FILTRO AIRE C25101 3071.6'),(1251,'0009821',2298,1596,2,3192,81,'FILTRO AIRE C2159 206 1.4 1.6'),(1252,'0009881',2268,2180,1,2180,81,'FILTRO AIRE C4371/1 307 1.6 16V 05/308 1.6 >07'),(1253,'0010453',2299,12181,2,24362,81,'AMORTIGUADOR TRASERO 206'),(1254,'0012539',2300,30350,1,30350,81,'MOTOR PARTIDA 205/206/207/C-3/3061.4'),(1255,'0014434',2301,23364,1,23364,81,'KIT EMBRAGUE 205/306/2061.4'),(1256,'0034424',2281,1877,3,5631,82,'ORING ENFRIADOR ACEITE JGO. PARTN/BERL/301/C-4 ETC'),(1257,'9942172',2282,1550,1,1550,82,'TAPA TERMOSTATO 307/4062.0/XARPIC2.0'),(1258,'9942452',2283,2750,1,2750,82,'TUERCA BBA.COMBUSTIBLE PART/307'),(1259,'9946053',2284,6493,1,6493,82,'SENSOR CIGUEÑAL PARTN/BERL/XSARA1.9/406'),(1260,'PE40498',2285,1338,2,2676,82,'FAROL TAPAB.TRASPARE 206'),(1261,'1920-7P',2362,9990,1,9990,83,'SENSOR CIGUEÑAL 306/307'),(1262,'1920-7P',2362,9990,1,9990,84,'SENSOR CIGUEÑAL 306/307'),(1263,'4246-W9B',2253,12700,1,12700,83,'DISCO FRENO TRASERO (JGO) 307'),(1264,'5202-VF',2120,39900,1,39900,83,'AMORTIGUADOR DEL.(JGO) 301-C-ELYSEE 1.6 18VAL..'),(1265,'6340-F0A',2364,2500,2,5000,83,'FARL PATENTE C-3/301/C-ELYSS'),(1266,'6479-E0A',2365,2100,1,2100,83,'FILTRO POLEN CU2040 BIPPER/NEMO 1.3 HDI'),(1267,'R2656-',2366,7700,1,7700,83,'FILTRO POLEN MEGANE III 2.0'),(1268,'1901-81A',2363,11700,1,11700,83,'FILTRO PETROLEO WK939/2 PARTBERL1.6HDI'),(1269,'4246-W9B',2253,12700,1,12700,84,'DISCO FRENO TRASERO (JGO) 307'),(1270,'5202-VF',2120,39900,1,39900,84,'AMORTIGUADOR DEL.(JGO) 301-C-ELYSEE 1.6 18VAL..'),(1271,'6340-F0A',2364,2500,2,5000,84,'FARL PATENTE C-3/301/C-ELYSS'),(1272,'6479-E0A',2365,2100,1,2100,84,'FILTRO POLEN CU2040 BIPPER/NEMO 1.3 HDI'),(1273,'R2656-',2366,7700,1,7700,84,'FILTRO POLEN MEGANE III 2.0'),(1274,'1901-81A',2363,11700,1,11700,84,'FILTRO PETROLEO WK939/2 PARTBERL1.6HDI'),(1275,'201966-3',1600,3211,1,3211,85,'FILTRO AIRE C 3282 PARTN BERT 1.6 HDI'),(1276,'202257-5',1646,4594,1,4594,85,'FUELLE TRANS.L/CAJA PARTN MAXI'),(1277,'203083-7',2238,11730,1,11730,85,'SENSOR CIGUEÑAL 306/307'),(1278,'203996-6',1241,2143,10,21430,85,'BUJIA INCANDESCENTE 01>PARTNBERL C-15 BOXER 1.9.'),(1279,'206440-5',1830,10574,1,10574,85,'PASTILLA FRENO PARTBERTL 12>'),(1280,'207291-2',2367,2040,2,4080,85,'GOMA B/ESTABILIZADORA CENTRAL PARTNBERLI 1.4 1.6/1.9'),(1281,'303829-7',1278,3445,4,13780,85,'BUJIA EXTRA LARGA LAG/MEG III/LAT/KOLE/FLUEN.'),(1282,'310303-k',1589,10284,1,10284,85,'FILTRO AIRE MEGANE III 11>.'),(1283,'310356-0',2368,4972,1,4972,85,'FILTRO POLEN MEGANE III');

/*Table structure for table `marca` */

DROP TABLE IF EXISTS `marca`;

CREATE TABLE `marca` (
  `id` int(11) NOT NULL AUTO_INCREMENT,
  `marca` varchar(100) COLLATE utf8_spanish2_ci DEFAULT NULL,
  PRIMARY KEY (`id`)
) ENGINE=InnoDB AUTO_INCREMENT=121 DEFAULT CHARSET=utf8 COLLATE=utf8_spanish2_ci;

/*Data for the table `marca` */

insert  into `marca`(`id`,`marca`) values (11,'CITROËN'),(15,'FIAT'),(16,'FORD'),(17,'	GEELY'),(18,'	GREAT WALL'),(19,'HONDA'),(20,'HYUNDAI'),(21,'JAC'),(22,'JEEP'),(23,'KIA'),(24,'LIFAN'),(26,'MAZDA'),(27,'MG'),(28,'	MITSUBISHI MOTORS'),(29,'NISSAN'),(30,'OPEL'),(31,'PEUGEOT'),(32,'RENAULT'),(33,'SSANGYONG'),(34,'SUBARU'),(35,'SUZUKI'),(36,'TOYOTA'),(37,'VOLKSWAGEN'),(38,'VOLVO'),(40,'	RENAULT SAMSUNG'),(42,'LADA'),(44,'LAMBORGHINI'),(45,'TUNGSRAM'),(46,'BERU'),(48,'PEUGEOT/CITROEN'),(49,'PEUGEOT/RENAULT/CITROEN'),(50,'NETMOTOR'),(52,'LAUTRETE'),(53,'MECAFILTER'),(54,'TUNISIA'),(55,'CHINO'),(56,'TURCO'),(57,'S/M'),(58,'APEX(INDU)'),(59,'PEUGEOT ORIGINAL'),(60,'FRANCIA'),(61,'ESPAÑA'),(62,'VALEO'),(64,'ITALIANA'),(65,'KOBLA ARGENTINA'),(66,'VERNET ARGENTINO'),(67,'BOSCH'),(68,'MAGNETI MARELLI CHINA'),(69,'MAGNETI MARELLI CHINA'),(70,'RECORD FRANCES'),(71,'HUTCHINSON'),(72,'VICTOR REINZ'),(73,'YACCO FRANCES'),(74,'ARGENTINA'),(75,'PURFLUX'),(76,'TOTAL'),(77,'BRASIL'),(78,'EYQUEM'),(79,'SKF'),(80,'FREMEC ARGENTINA'),(81,'AUTOMOTOR FRANCE'),(82,'FACET'),(83,'USA'),(84,'KOREA'),(85,'CONTINENTAL'),(86,'VALEO KOREA'),(87,'FRANCES ORIG.'),(88,'CONTINENTAL/CHINO'),(89,'FAE'),(90,'MANN'),(91,'AJUSA'),(92,'TARANTO'),(93,'POLONIA'),(94,'MAGNETIMARELLI'),(95,'MAPA'),(96,'SNR'),(97,'SAMSUMG'),(98,'SYNCROMAX'),(99,'ALEMAN'),(100,'JAPON'),(101,'MANN'),(102,'WAGNER'),(103,'LIQUY MOLLY'),(104,'3M'),(105,'PIMAX'),(106,'DEPO'),(107,'FILTRON'),(108,'CHAMPION'),(109,'COLOMBIA'),(110,'TOPRAN ALEMAN'),(111,'ECHELIN'),(112,'STC'),(113,'STP'),(114,'SECO KOREA'),(115,'RIK EUROPA'),(116,'TAIWAN'),(117,'LUCK'),(118,'LOCTITE'),(119,'INTERMOTOR'),(120,'BHORKE CHINO');

/*Table structure for table `productos` */

DROP TABLE IF EXISTS `productos`;

CREATE TABLE `productos` (
  `id` int(10) unsigned NOT NULL AUTO_INCREMENT,
  `codigo` varchar(50) COLLATE utf8_spanish_ci DEFAULT NULL,
  `proveedor` int(3) DEFAULT NULL,
  `codigo_proveedor` varchar(100) COLLATE utf8_spanish_ci DEFAULT NULL,
  `nombre` varchar(100) COLLATE utf8_spanish_ci DEFAULT NULL,
  `descripcion` text COLLATE utf8_spanish_ci DEFAULT NULL,
  `ubicacion` varchar(100) COLLATE utf8_spanish_ci DEFAULT NULL,
  `categoria` int(3) DEFAULT NULL,
  `marca` int(2) DEFAULT NULL,
  `costo` int(11) DEFAULT NULL,
  `stock_m` int(11) DEFAULT NULL,
  `stock` int(11) DEFAULT NULL,
  `margen_contado` int(11) DEFAULT NULL,
  `margen_oferta` int(11) DEFAULT NULL,
  `margen_credito` int(11) DEFAULT NULL,
  `precio_venta` int(11) DEFAULT NULL,
  `descuento` int(11) DEFAULT 0,
  PRIMARY KEY (`id`)
) ENGINE=InnoDB AUTO_INCREMENT=1446 DEFAULT CHARSET=utf8 COLLATE=utf8_spanish_ci;

/*Data for the table `productos` */

insert  into `productos`(`id`,`codigo`,`proveedor`,`codigo_proveedor`,`nombre`,`descripcion`,`ubicacion`,`categoria`,`marca`,`costo`,`stock_m`,`stock`,`margen_contado`,`margen_oferta`,`margen_credito`,`precio_venta`,`descuento`) values (1,'6649',5,'204043-3','ABRAZADERA PORTA FILTRO PETROLEO PARTNER..','ABRAZADERA PARA EL PORTA FILTRO PETROLEO OVALADO PARTNER BERLINGO C15 01 ','',17,48,1489,0,1,105,0,0,3074,0),(2,'9062',5,'213009-2','ACOPLE TOMA BOMBA AGUA.','','',17,48,6008,0,0,105,0,0,14656,0),(3,'1011',0,'301328-6','AJUSTE CAMISA (ORING)','205 18GTX ','',17,49,1360,0,1,105,0,0,0,0),(4,'9704',5,'207589-k','AMORTIGUADOR DEL.DER. 206..','206','',19,50,13508,0,1,110,0,0,28261,0),(5,'9705',5,'207588-1','AMORTIGUADOR DEL.IZQ. 206.','206','',19,50,13508,0,1,0,0,0,0,0),(6,'11534',5,'3707051-3','AMORTIGUADOR DEL.DER. SM3.','206','',20,50,14656,0,1,105,0,0,30533,0),(7,'11533',0,'3707050-5','AMORTIGUADOR DEL.IZQ. SM3','SM3','',20,50,14656,0,1,105,0,0,0,0),(8,'12714',0,'207584-9','AMORTIGUADOR DEL.DER. 308','','',19,50,11529,0,0,105,0,0,0,0),(9,'12713',0,'','AMORTIGUADOR DEL.IZQ. 308','','',19,50,11529,0,0,105,0,0,0,0),(10,'11324',5,'207600-4','AMORTIGUADOR DEL.DER. 307/C-4.','','',19,50,15841,0,1,105,0,0,0,0),(11,'11323',5,'207599-7','AMORTIGUADOR DEL.IZQ. 307/C-4.','','',19,50,15841,0,1,105,0,0,0,0),(12,'1000',0,'207586-5','AMORTIGUADOR DEL.DER, 306/ZX/XARA.','PARTNER BERLINGO','',23,50,14171,0,1,105,0,0,0,0),(13,'1001',5,'207601-2','AMORTIGUADOR DEL.IZQ. 306/ZX/XARA..','PARTNER BERLINGO  ASTA 11','',23,50,14142,0,106,0,0,0,0,0),(14,'12778',0,'607257-7','AMORTIGUADOR DEL.DER. BIPER','','',19,50,26769,0,0,105,0,0,0,0),(15,'12776',0,'207461-3','AMORTIGUADOR DEL.IZQ. BIPER','','',19,50,26769,0,0,105,0,0,0,0),(16,'11638',0,'207581-4','AMORTIGUADOR DEL.DER. C-ELYSEE/301','C-ELYSEE 301','',23,54,26968,0,0,105,0,0,0,0),(17,'11637',0,'207580-6','AMORTIGUADOR.DEL.IZQ. C-ELYSEE/301','','',23,54,26968,0,0,105,0,0,0,0),(18,'12843',5,'207519-9','AMORTIGUADOR DEL.DER. C-ELYSEE/301.','P207 TRENDY-301','',23,50,17835,0,1,105,0,0,0,0),(19,'12844',5,'207520-2','AMORTIGUADOR DEL.IZQ. C-ELYSEE/301.','P207 TRENDY-301','',23,50,17835,0,1,105,0,0,0,0),(20,'1769',0,'307008-5','AMORTIGUADOR DELANTERO 9/11','','',21,50,6890,0,0,105,0,0,0,0),(21,'1777',0,'207177-0','AMORTIGUADOR DELANTERO C-15/205','','',23,50,10947,0,0,105,0,0,0,0),(22,'9284',5,'209008-2','AMORTIGUADOR PORTALON 29/54    206..','206','',19,56,5116,0,2,105,0,0,0,0),(23,'12773',0,'309069-8','AMORTIGUADOR PORTALON HATCHBACK','','',19,55,4959,0,0,105,0,0,0,0),(24,'5602',5,'207053-7','AMORTIGUADOR TRASERO HID. 306..','','',18,77,11898,0,2,105,0,0,0,0),(25,'7423',0,'207587-3','AMORTIGUADOR TRASERO','','',19,50,7825,0,0,105,0,0,0,0),(26,'5489',0,'307318-9','AMORTIGUADOR TRASERO 00.','','',21,57,13657,0,0,105,0,0,0,0),(27,'7894',0,'207164-9','AMORTIGUADOR TRASERO 307','','',19,50,14890,0,0,105,0,0,0,0),(28,'10288',0,'3707033-4','AMORTIGUADOR TRASERO GAS SM3','SM3','',20,50,14890,0,0,105,0,0,0,0),(29,'7512',5,'207457-5','AMORTIGUADOR TRASERO GAS 206.','','',19,56,15400,0,2,105,0,0,0,0),(30,'7641',0,'207606-3','AMORTIGUADOR TRASERO','','',19,50,8185,0,0,105,0,0,0,0),(31,'7895',5,'307091-3','AMORTIGUADOR TRASERO R19.','','',21,50,12551,0,2,105,0,0,0,0),(32,'7832',5,'201016-K','ANILLOS(0.50)82.2MM 2*2*3 00>PARTBERLC-15.','','',23,58,8286,0,1,105,0,0,0,0),(33,'12181',5,'210861-5','ANILLOS STD. 73.7MM 2.5*2*2.5  206.1.4 HDI.','P107-206 (HDI 1,4)-BIPPER HDI 1,4(2,5*2*2,5)/C2/C3 1.4 HDI (TURBO)','',23,58,8351,0,1,105,0,0,0,0),(34,'9600',0,'301063-5','ANILLOS STD. 79.5MM 1.2*1.5*2.5','','',23,58,5881,0,0,105,0,0,0,0),(35,'11936',0,'201010-0','ANILLOS STD. 82.2MM 2*2*3 00>','','',23,58,9160,0,0,105,0,0,0,0),(36,'4987',5,'201044-5','ANILLOS STD. 84MM 1.5*2*4 504 1.8.','','',19,58,9860,0,1,105,0,0,0,0),(37,'6279',5,'201030-5','ANILLOS STD. 88MM 2.0  504/505.','','',19,58,7573,0,1,105,0,0,0,0),(38,'7459',5,'201766-0','ANILLOS STD. 83MM 1.5*1.5*3. CROMA 306/4051.8.','','',19,58,10680,0,1,105,0,0,0,0),(39,'7313',0,'201043-7','ANILLOS STD. 83MM 1.5*1.5*4','','',19,58,8667,0,0,105,0,0,0,0),(40,'8779',5,'201045-3','ANILLOS STD. 86MM 1.5*1.75*3 405/BOX2.0.','','',19,58,7714,0,1,105,0,0,0,0),(41,'9688',5,'201527-7','ANILLOS STD. 75MM 3*2*2.5 CROM PART1.6HDI.','307HDI 1,6-EXPERT HDI 1,6 (75mm.3*2*2,5)','',19,58,10539,0,1,105,0,0,0,0),(42,'11553',0,'210350-8','ANILLOS STD. 78.5MM   206 1.6','','',19,58,17735,0,0,105,0,0,0,0),(43,'5057',5,'301040-6','ANILLOS STD. 80MM 2*2*3  19/KANGOO DIESEL.','MOTOR F8Q  19 1.9DIESEL/KANGOO 1.9 DIESEL','',19,58,7490,0,1,105,0,0,0,0),(44,'3878',5,'301004-K','ANILLOS STD. 75.8MM 1.5*1.75*3  19/CLIO 1.21.4..','','',19,58,7873,0,1,105,0,0,0,0),(45,'11914',0,'215054-9','ANTENA TECHO TRASERA 307','','',23,59,4565,0,0,105,0,0,0,0),(46,'6110',0,'301041-4','AXIAL STD.  EXPRESS','','',21,57,1487,0,0,105,0,0,0,0),(47,'11165',5,'201040-2','AXIAL STD. 3O5GT405PARTBERL1.9..','','',19,57,2961,0,1,105,0,0,0,0),(48,'8205',0,'301590-4','BALANCIN VALVULA C/U','','',19,57,4691,0,0,105,0,0,0,0),(49,'12589',0,'206019-1','BALATAS FRENO TRASERA JGO. C-ELYSEE/301','C-ELYSEE/301','',19,57,4691,0,0,105,0,0,0,0),(50,'1131',5,'307358-0','BANDEJA DERECHA C/ROTULA CLIOII..','C/ROTULA-CLIO II-SYMBOL','',21,56,12072,0,1,105,0,0,0,0),(51,'1004',0,'307358-0','BANDEJA IZQUIERDA C/ROTULA 00.','','',21,57,9350,0,0,105,0,0,0,0),(52,'11853',5,'207550-4','BANDEJA DERECHA C/ROT. 301/C-ELYSEE.','','',23,56,15991,0,1,105,0,0,0,0),(53,'11854',0,'','BANDEJA IZQUIERDA 301/C-ELYSEE.','','',23,56,13856,0,0,105,0,0,0,0),(54,'1005',0,'3707105-6','BANDEJA DERECHA SM3.','','',20,55,12211,0,0,105,0,0,0,0),(55,'1006',0,'3707104-1','AXIAL 0.30 305/405/PARTBERL1.9','','',20,55,12211,0,0,105,0,0,0,0),(56,'1007',0,'207197-5','BOMBA BENCINA SALIDA AL LADO 505 87> 504','','',23,56,9390,0,0,105,0,0,0,0),(57,'1008',0,'207196-7','BULBO FRENO 405 93>106206306PARTNER','PARTNERBERLINGO 01>11 XARAPICASSO','',23,56,9390,0,1,105,0,0,0,0),(58,'1297',5,'307364-5','BANDEJA DERECHA C/ROTULA KANGOO II..','KANGOO 10-PARA ADELANTE','',23,56,20518,0,1,105,0,0,0,0),(59,'1298',5,'307363-7','BANDEJA IZQUIERDA C/ROTULA KANGOO II..','KANGOO 10-PARA ADELANTE','',23,56,20518,0,1,105,0,0,0,0),(60,'1060',5,'207170-3','BANDEJA DERECHA 206 FRANC.','','',19,60,20850,0,1,105,0,0,0,0),(61,'1061',0,'207169-K','BANDEJA IZQUIERDA 206 FRANC.','','',19,60,20850,0,1,105,0,0,0,0),(62,'1009',0,'207145-2','BANDEJA DERECHA 206/207COMPAC.','','',19,55,13799,0,0,105,0,0,0,0),(63,'1010',0,'207146-0','BANDEJA DERECHA 206/207COMPAC.','','',19,55,13799,0,1,105,0,0,0,0),(64,'1012',5,'207217-3','BANDEJA DERECHA S/ROTULA 307/C-4PART12>.','','',23,55,14570,0,1,105,0,0,0,0),(65,'1013',5,'207216-5','BANDEJA IZQUIERDA S/ROTULA 307/C-4/PART12>.','','',23,55,14570,0,1,105,0,0,0,0),(66,'1014',5,'','BANDEJA IZQUIERDA 01>PARTBERL','PARTNERBERLINGO >11 XARA PICASSO','',23,55,11720,0,0,105,0,0,0,0),(67,'1015',5,'','BANDEJA DERECHA 01>PARTBERL','PARTNERBERLINGO >11 XARA PICASSO','',23,55,11720,0,0,105,0,0,0,0),(68,'1016',5,'','BANDEJA DERECHA S/ROTULA 306 PARTBERL','PARTNERBERLINGO >00 306 XARA','',23,55,10782,0,0,105,0,0,0,0),(69,'1017',5,'207286-6','BANDEJA IZQUIERDA S/ROTULA 306 PARTBERL.XARA.','','',23,55,10304,0,1,105,0,0,0,0),(70,'1018',5,'213295-8','BASE TERMOSTATO C-3. 206..','C-3/P206 1,4 BENCINERO','',23,55,11788,0,1,105,0,0,0,0),(71,'1019',5,'207225-4','BIELETA B/ESTABILZADORA  307/C-4/3008PARTN.MAXI/TEPEE.','BIELETA CONTRAPUESTA 307  C-4/P307-3008-PARTN.MAXI/TEPEE','',23,55,2838,0,2,0,0,0,0,0),(72,'1020',5,'207555-5','BIELETA B/ESTABILZADORA 12> PARTBERL','','',23,56,4059,0,0,105,0,0,0,0),(73,'1021',5,'207136-3','BIELETA B/ESTABILZADORA 206 C-3./2008/208.','206  C-3  208','',23,55,3022,0,4,105,0,0,0,0),(74,'1022',5,'207090-1','BIELETA B/ESTABILZADORA C-5','C-5','',23,55,3884,0,0,105,0,0,0,0),(75,'1023',5,'','BIELETA B/ESTABILZADORA DER.C-ELYSEE/301','C-ELYSEE  301','',23,55,4057,0,0,105,0,0,0,0),(76,'1024',5,'','BIELETA B/ESTABILZADORA IZQ.C-ELYSEE/301','C-ELYSEE  301','',23,55,4057,0,0,105,0,0,0,0),(77,'1025',5,'','BIELETA B/ESTABILZADORA  KANGOO','KANGOO','',21,55,4612,0,0,105,0,0,0,0),(78,'2001',5,'207127-4','BIELETA B/ESTABILZADORA PARTBERL>11 306...','PARTNER BERLINGO 306 ZX','',23,56,4479,0,2,105,0,0,0,0),(79,'2002',5,'207109-6','BIELETA B/ESTABILZADORA PARTBERL>11 306..','PARTNER BERLINGO 306 ZX','',23,55,3384,0,2,105,0,0,0,0),(80,'1050',5,'202071-8','BIELETA P/CAMBIO C/REGUL.CORTA PARTBERL','PARTNER BERLINGO 306 ZX','',23,55,2878,0,3,105,0,0,0,0),(81,'5001',5,'202028-9','BIELETA P/CAMBIO CORTA 206..','206','',19,61,6048,0,2,105,0,0,0,0),(82,'1051',5,'202044-0','BIELETA P/CAMBIO C/REGU.LARGA PARTNERBERL','PARTNERBERLINGO','',19,61,4308,0,2,105,0,0,0,0),(83,'1030',5,'305062-9','BIELETA DIRECCION DER. R-12','R-12','',21,56,2790,0,0,105,0,0,0,0),(84,'1031',5,'305061-0','BIELETA DIRECCION IZQ. R-12','R-12','',21,56,2790,0,0,105,0,0,0,0),(85,'1032',5,'203084-5','BOBINA ELECTRONICA 405 93>..','405 93> CUADRADA/405 1,8 93->,306 1,4/1,6 (4 SALIDAS)-205GTI 92->1,4','',23,50,10991,0,1,105,0,0,0,0),(86,'2010',5,'103076-0','BOBINA ELECTRONICA ','','',22,62,22369,0,0,105,0,0,0,0),(87,'1139',5,'303065-2','BOBINA ELECTRONICA K7M 4SALIDAS CLIO/LOGAN.','MOTOR K7M CLIO/LOGAN  1.6 8VALVULAS ','',21,50,12183,0,1,105,0,0,0,0),(88,'1070',5,'203079-9','BOBINA ELECTRONICA PLANA 206/3072.0.','P206 2,0 16V.-307 2,0','',23,50,33267,0,1,105,0,0,0,0),(89,'1094',5,'203009-8','BOBINA ELECTRONICA PLANA 206 GRIS...','C-3 ENCHUFE GRIS/ENCHUFE GRIS-PARTN.1,4 04-HASTA,206 1,4/2,0 (8V.)','',23,50,19715,0,1,105,0,0,0,0),(90,'7652',5,'203131-0','BOBINA ELECTRONICA PLANA EN/PU 2063071.616VALV..','1.6 16VALV C-4/1,6 16v.(206-307-306)','',23,50,28227,0,1,105,0,0,0,0),(91,'7653',5,'203075-6','BOBINA ELECTRONICA PLANA 206 NEGRO..','NEGRO 206 C-3 1.4 PARTNERBERL 1.4 BENCINA/P106 1,1/1,6 -1,6 8V.(36 00->,26)','',23,50,18360,0,1,105,0,0,0,0),(92,'8025',5,'203075-6','BOBINA ELECTRONICA PLANA 206 NEGRO.','206 C-3 1.4 PARTNERBERL 1.4 BENCINA','',23,60,33097,0,1,105,0,0,0,0),(93,'1055',5,'203010-1','BOBINA ELECTRONICA S/BASE 205405ZX','205 405','',23,50,4889,0,0,105,0,0,0,0),(94,'1075',5,'3703081-3','BOBINA LAPIZ  SM3.','SM3','',20,50,12219,0,1,105,0,0,0,0),(95,'2465',5,'303097-0','BOBINA LAPIZ CLIOII/MEGSCENIC1.6.','','',21,46,13189,0,2,105,0,0,0,0),(96,'7769',5,'303008-3','BOBINA LAPIZ CLIOII/MEGSCENIC1.6','','',21,57,7526,0,0,105,0,0,0,0),(97,'8322',5,'303071-7','BOBINA LAPIZ CLIOII/MEGSCENIC1.6.','','',21,57,5390,0,1,105,0,0,0,0),(98,'1080',5,'201258-8','BOMBA ACEITE PARTBERL1.9','BOXER 1.9','',23,50,18999,0,0,105,0,0,0,0),(99,'2573',5,'313092-4','BOMBA AGUA  R19BENC/DIESEL LAGMEG 1.9>99...','KANGOO D.-EXP.D.-ECL.D.','',23,55,11964,0,1,105,0,0,0,0),(100,'3090',5,'213144-7','BOMBA AGUA 504-505.','TERMOSTATO EN LA BOMBA','',19,55,9576,0,1,105,0,0,0,0),(101,'1090',5,'313045-2','BOMBA AGUA 504-505','TERMOSTATO EN LA BOMBA','',19,61,14593,0,0,105,0,0,0,0),(102,'6390',5,'213137-4','BOMBA AGUA 404..','TERMOSTATO EN LA MANGUERA','',19,50,10838,0,1,105,0,0,0,0),(103,'1073',5,'3713257-8','BOMBA AGUA SM3..','SM3','',20,50,10031,0,1,105,0,0,0,0),(104,'3199',5,'313087-8','BOMBA AGUA 19 1.6 CLIO..','19 CLIO 1.6','',21,50,10963,0,1,105,0,0,0,0),(105,'1092',5,'313127-0','BOMBA AGUA CLIOII MEGSCE 00>','CLIO II MEGANE SCENICS 1.6 16VALV  00>','',21,50,14475,0,0,105,0,0,0,0),(106,'1093',5,'213017-3','BOMBA AGUA 307 1.6 HDI PARTBERL','PARTNERBERLINGO 1.6 HDI XARA PICASSO 1.6HDI','',23,50,9690,0,0,105,0,0,0,0),(107,'9948',5,'213033-5','BOMBA AGUA 307 1.6 HDI PARTBERL','PARTNERBERLINGO 1.6 HDI XARA PICASSO 1.6HDI','',23,61,14285,0,0,105,0,0,0,0),(108,'1095',5,'213042-4','BOMBA AGUA 3061.6 8VALV 106..','306 1.6 8VALV ZX1.6/1,6/206 1,6/106/306(TODOS 1,6)/AXGT/C15 1.4/XSA.I 1.6 8VALV','',23,50,6933,0,1,105,0,0,0,0),(109,'1097',5,'213073-4','BOMBA AGUA 3061.6 8VALV 106.','306 1.6 8VALV ZX1.6','',23,61,13257,0,1,105,0,0,0,0),(110,'1132',5,'213088-2','BOMBA AGUA 206 1.4 HDI C-3 HDI..','206 1.4 HDI C-3 1.4 HDI/P206HDI-BOXER HDI 2,0-208HDI 1,4','',23,61,16801,0,1,105,0,0,0,0),(111,'4930',5,'213021-1','BOMBA AGUA 2053061.4 PARTZX1.4....','206 1.4 HASTA EL AÑO 00 AX','',23,64,11662,0,2,105,0,0,0,0),(112,'2427',5,'213139-0','BOMBA AGUA 2053061.4 PARTZX1.4..','206 1.4 >00 AX/P306XN-106 1,4-206 1,4-PARTN ','',23,50,7467,0,1,105,0,0,0,0),(113,'1002',6,'1336-N80','ACOPLE SALIDA AGUA 04> PARTNERBERL','','',23,57,4460,0,2,106,0,0,0,0),(114,'1003',6,'1336-P01','ACOPLE SALIDA AGUA 01>04 PARTNERBERLINGO','','',23,57,4250,0,0,105,0,0,0,0),(115,'1133',6,'4241-K50','BALATAS FRENO TRAS.S/ABS JGO. 2061.4.','','',19,64,10067,0,1,105,0,0,0,0),(116,'1134',6,'5087-270','BIELETA B/ESTAB.C/BUJE OJO OJO  405.','','',19,57,8160,0,107,105,0,0,0,0),(117,'1135',6,'0118-A6 ','AXIAL 0.30    305/405/PARTBERL1.9','','',23,57,2990,0,1,105,0,0,0,0),(118,'1141',6,'1450-760','BOMBA BENCINA SALIDA AL LADO 505 87>  504','','',19,65,12590,0,1,105,0,0,0,0),(119,'1137',0,'4534-110','BULBO FRENO 405 93>106206306PARTNER','','',23,66,2580,0,1,105,0,0,0,0),(120,'1026',6,'4534-441','BULBO FRENO 206 01>PARTBERL04>.','','',23,66,2750,0,1,105,0,0,0,0),(121,'1027',6,'5038-E7','CAZOLETA AMORTIGUADOR DEL. 207','','',23,57,7150,0,4,105,0,0,0,0),(122,'1028',6,'5960-83A','BUJIA EXTRA LARGA 2071.416VALV 308EP6','','',23,67,2430,0,16,105,0,0,0,0),(123,'1029',6,'5960-E60','BUJIA INCANDESCENTE 1.6 8VAL 12> PARTBERL/EXPERT','','',23,64,3570,0,16,105,0,0,0,0),(124,'1033',6,'5970-E60','BOBINA LAPIZ 207/3081.616VAL','','',23,69,16650,0,8,105,0,0,0,0),(125,'1034',6,'6561-97A','ANTENA (CORTA) 206','','',19,31,6820,0,2,105,0,0,0,0),(126,'1035',6,'C5-503891','CAZOLETA AMORTIGUADOR DEL. C2/C3 >05','','',22,57,7390,0,4,105,0,0,0,0),(127,'1036',6,'C5-5038F50','CAZOLETA AMORTIGUADOR DEL. C2/C3 05>','','',22,57,6290,0,4,105,0,0,0,0),(128,'1037',0,'R-108033','AMORTIGUADOR TRASERO JGO.(IZQ/DER) LOGAN/SANDERO','','',21,70,40010,0,2,105,0,0,0,0),(129,'1038',6,'R-11871','BULBO MARCHA ATRAS 19/21/CLIO/TWIN/KANGO','','',21,66,3570,0,2,105,0,0,0,0),(130,'1039',6,'R-1199-18','BOMBA BENCINA S/RETORNO R-12/18TL','','',21,65,12590,0,2,105,0,0,0,0),(131,'1040',6,'R-1199-181','BOMBA BENCINA C/RETORNO R-12/18TL','','',21,65,12590,0,2,105,0,0,0,0),(132,'1041',6,'R-12140','CORREA 6PK*1400 KANGOO1.9 F8Q>08','','COLGADA',21,71,5500,0,2,105,0,0,0,0),(133,'1042',6,'R-1299-847','CAZOLETA AMORTIGUADOR DEL. LOG/SANDE/DUSTER/DOKE','','',21,57,6890,0,4,105,0,0,0,0),(134,'1043',6,'V-2004','SILICONA GRIS 70ML VICTOR REINZ (GLASER).','MEJOR QUE LA LOCTITE','',24,72,2600,0,12,105,0,0,0,0),(135,'1044',5,'209079-1','AMORTIGUADOR PORTALON 72/39 PARTNE1.9 04> 1.6.','','',23,57,3621,0,2,105,0,0,0,0),(136,'1144',5,'209079-1','AMORTIGUADOR PORTALON PARTNERMAXI','','',23,57,3621,0,0,105,0,0,0,0),(137,'1045',5,'215018-2','ACEITE 5W30 (P/FAP-DPF).','','',3,73,18169,0,2,105,0,0,0,0),(138,'1046',5,'215044-1','ACEITE CAJA CAMBIO AUTOMATICA ATF 4HP20 AL4.','','',23,31,10501,0,13,105,0,0,0,0),(139,'1047',5,'307042-5','AMORTIGUADOR DELANTERO   CLIO 1.2.','','',21,50,13770,0,2,105,0,0,0,0),(140,'1048',5,'307094-8','AMORTIGUADOR TRASERO   R-12TL.','','',21,50,5890,0,2,105,0,0,0,0),(141,'1049',7,'0342-E0D','EMP.MULT.ADMISION ORING JGO. 206 1.4 01>C-3','','',23,57,1681,0,1,105,0,0,0,0),(142,'1052',0,'R-9868-D','VALVULA ADMISION (JGO.8) K4M CLIO1.616VALV','CLIO II MEGANE SCENICS 1.6 16VALV','',21,74,16723,0,1,105,0,0,0,0),(143,'1053',7,'R9870-D','VALVULA ESCAPE (JGO.8) K4M CLIO1.616VALV','CLIO II MEGANE SCENICS 1.6 16VALV','',21,74,18318,0,1,105,0,0,0,0),(144,'1054',7,'1109-40','FILTRO ACEITE W716/1(208EB2) 205405306C-15','PARTNER BERLINGO 1.9 (W712/8)','',23,57,2521,0,1,105,0,0,0,0),(145,'1056',7,'1109-40A','FILTRO ACEITE W716/1(208EB2) 205405306C-15','PARTNER BERLINGO 1.9 (W712/8)','',23,55,1933,0,1,105,0,0,0,0),(146,'1057',7,'1109-S5J','FILTRO ACEITE ELEM.HU716/2X 301C-ELYSEE.','PARTNER 1.6HDI','',23,57,1849,0,2,105,0,0,0,0),(147,'1058',7,'1444-TVB','FILTRO AIRE C3585','','',23,75,5462,0,1,105,0,0,0,0),(148,'1059',7,'1444-TVF','FILTRO AIRE C3585','','',23,56,3361,0,0,105,0,0,0,0),(149,'1138',7,'1901-20','FILTRO BENCINA C/PESTAÑA 206307CLIOMEG','','',26,75,2857,0,1,105,0,0,0,0),(150,'1063',7,'1901-20C','FILTRO BENCINA C/PESTAÑA 206307CLIOMEG','','',26,55,1681,0,2,105,0,0,0,0),(151,'1064',7,'3817-09A','EXTREMO DIRECCION 5455254536/911PART','PARTNBERL ETC. 307/C-4 2005>','',26,56,2521,0,4,105,0,0,0,0),(152,'1065',7,'3817-14','EXTREMO DIRECCION IZQ.307>05 206','206 307 C-4','',23,56,2521,0,1,105,0,0,0,0),(153,'1066',7,'3817-16','EXTREMO DIRECCION DER.307>05 206','206 307 C-4','',23,56,2521,0,1,105,0,0,0,0),(154,'1067',7,'6447-2080B','FILTRO POLEN 301/C-ELYSEE','EN DOS PARTES','',23,75,3361,0,2,105,0,0,0,0),(155,'1068',7,'8148-YCC','ESPEJO IZQUIERDO MANUAL 206','','',19,57,8395,0,1,105,0,0,0,0),(156,'1069',7,'R2702-B','FILTRO PETROLEO KANGOO1.5 11>','','',21,57,10084,0,1,105,0,0,0,0),(157,'1140',7,'0204-123KITA','PERNO CULATA  PARTNBERLINGO 1.9','','',23,57,8571,0,1,105,0,0,0,0),(158,'1071',7,'0204-C5KITA','PEDRNO CULATA PARTBERL 1.6HDI','','',23,57,8824,0,1,105,0,0,0,0),(159,'1072',7,'0831-TU3-BBA','KIT DIST.1CORREA1TENS+BOMBA AGUA C-3/2061.4 01>','','',23,61,33529,0,1,105,0,0,0,0),(160,'1074',7,'1192-W0C','MANGUERA GASES RESPIRADERO 206 307 1.6 ','','',23,31,21008,0,0,105,0,0,0,0),(161,'1145',7,'1192-W0C','MANGUERA GASES RESPIRADERO 206 307 1.6 ','','',23,31,21008,0,0,105,0,0,0,0),(162,'1076',7,'1574-Q5C','MANGUERA INYECTORES PARTBERL1.6HDI','','',23,31,12185,0,1,105,0,0,0,0),(163,'1077',7,'1901-81E','FILTRO PETROLEO WK939/2 PARTBERL1.6HDI..','','',23,56,7900,0,2,105,0,0,0,0),(164,'1078',7,'1906-E6A','FILTRO PETROLEO 301/C-ELYSEE PART 12>','','',23,75,10924,0,0,105,0,0,0,0),(165,'1079',7,'1982-633A','TUERCA INYECTOR JGO.(8UNID) PARTBERL 1.6HDI','','',23,57,4622,0,2,105,0,0,0,0),(166,'1081',7,'1982-REPB','GOLILLAS INYECTOR JGO.(12PZAS) PARTBERL1.6HDI','','',23,57,14706,0,1,105,0,0,0,0),(167,'1082',7,'1984-E0F','INYECTOR BENCINA AZUL 206 1.4','','',19,55,11345,0,2,105,0,0,0,0),(168,'1083',7,'2150-CYD','PIOLA EMBRAGUE C/AUTOREG.PARTBERL 1.6HDI 07>','','',23,64,12437,0,1,105,0,0,0,0),(169,'1084',7,'5132-A672B','KIT ROD.SUSP.TRAS. 2061.4 1.6','','',19,57,8403,0,2,105,0,0,0,0),(170,'1085',7,'R2703-C','FILTRO PETROLEO KANGO 1.5 >10 PLASTICO.','','',21,57,7983,0,1,105,0,0,0,0),(171,'1086',7,'1001-560','BOMBA ACEITE  PARTBERL 1.9 C-15 BOXER 1.9','','',23,57,24790,0,1,105,0,0,0,0),(172,'1087',7,'1001-F2C','BOMBA ACEITE  1.6HDI PARTBERL','','',23,57,25042,0,1,105,0,0,0,0),(173,'1088',7,'1201-G0B','BOMBA AGUA 18DTS.  206-C3 1.4 01> SAXO','','',23,57,9400,0,1,105,0,0,0,0),(174,'1089',7,'1201-G1','BOMBA AGUA  PARTBERL1.6 HDI 301C-ELYSEE','','',23,57,13445,0,1,105,0,0,0,0),(175,'1091',7,'2452-81A','BIELETA P/CAMBIO LARGA C/REG. 206 PARTNERBERL','','',23,57,2941,0,2,105,0,0,0,0),(176,'1146',7,'2452-81A','BIELETA P/CAMBIO LARGA C/REG. 206 PARTNERBERL','','',23,57,2941,0,0,105,0,0,0,0),(177,'2000',7,'2454-G5D','BIELETA P/CAMBIO CORTA PLASTI 206 ','','',23,57,3361,0,2,105,0,0,0,0),(178,'1142',7,'3520-G8','BANDEJA IZQUIERDA  206','','',19,56,15966,0,1,105,0,0,0,0),(179,'2003',7,'3521-C8','BANDEJA DERECHA  206','','',19,56,13990,0,1,105,0,0,0,0),(180,'2004',7,'3520-R77','BANDEJA IZQUIERDA S/ROTULA 301 C-ELYSEE','','',23,56,16387,0,1,105,0,0,0,0),(181,'2005',7,'3521-N88','BANDEJA DERECHA S/ROTULA  301 C-ELYSEE','','',23,56,16387,0,1,105,0,0,0,0),(182,'2006',7,'4241-1180A','BALATAS TRASERAS JGO. 301 C-ELYSEE','','',23,57,14202,0,1,105,0,0,0,0),(183,'2007',7,'9730-AEE','ACEITE CAJA AUTOMATICA 1LT TOTAL AT42','','',23,76,5042,0,6,105,0,0,0,0),(184,'2008',7,'R0727-A','BOMBA AGUA K4M CLIOII 1.616VALV MEGSCEN','20 DEINTES','',21,61,14118,0,1,105,0,0,0,0),(185,'2009',7,'0948-A9C','VALVULA ADMISION JGO.(8) 2063071.616VALV C-4','','',23,74,16639,0,1,105,0,0,0,0),(186,'1143',7,'1103-J5A','TAPA FILTRO ACEITE HU612X','','',23,57,3109,0,1,105,0,0,0,0),(187,'2011',7,'','TAPA FILTRO ACEITE HU711/51X','','',23,57,3361,0,1,105,0,0,0,0),(188,'2012',7,'1306-C7F','TAPA RADIADOR LILA  306PARTBERL','','',19,57,2101,0,2,105,0,0,0,0),(189,'2013',7,'1306-E4G','TAPA RADIADOR C/HILO 206307C3C4XARA','','',23,57,1681,0,2,105,0,0,0,0),(190,'100000',0,'222','HGHGJGJ','','',3,17,55,0,0,105,0,0,0,0),(191,'200000',7,'222555','KJNKJJLKJ','','',5,17,6566,0,0,105,0,0,0,0),(192,'1062',7,'1336-Q1F','TERMOSTATO 89° RECTO 206 307.','','',23,57,4500,0,2,105,0,0,0,0),(193,'1096',7,'1336-Z0','TERMOSTATO','','',23,57,8992,0,0,105,0,0,0,0),(194,'2020',1,'9555-555','PRODUCTO DE PRUEBA HOY.','PRODUCTO DE PRUEBA','A1',14,47,50000,0,20,105,0,0,0,0),(195,'2021',4,'5546464-64','PRUEBA DOS','PRUEBA2','A1',15,18,10000,10,23,105,0,0,0,0),(196,'1098',7,'5751-C8D','TENSOR CORREA ALT.C/A/A 206 1.4 1.6','','',19,57,17479,1,1,105,0,0,0,0),(197,'1099',7,'1844-47','SOPORTE MOTOR DERECHO(PERA) PARTNER BERLINGO ZX','','',23,57,8067,1,1,105,0,0,0,0),(198,'1100',7,'1807-56B','SOPORTE MOTOR TRAS 65MM 205 306 206 ZX','','',23,57,3361,1,1,105,0,0,0,0),(199,'1101',7,'1807-46B','SOPORTE MOTOR TRAS 70MM 205 306 206 ZX PART BERL','','',23,57,3193,1,1,105,0,0,0,0),(200,'1102',7,'1806-A6C','SOPORTE MOTOR TRAS(BIELETA) 301/C-ELYSEE.','','',23,57,7700,1,2,105,0,0,0,0),(201,'1103',7,'1336-Z0F','TERMOSTATO 89° CUADRADO 206 1.6 307','','',23,57,8992,1,1,105,0,0,0,0),(202,'1104',7,'1336-Q2D','TERMOSTATO 89° CURVO 206 307 XARA','','',23,57,5882,1,1,105,0,0,0,0),(203,'1105',7,'0236-21','RETEN EJE LEVA 36*50*8  106205206405 C-3','SAXO PARTNER BERLINGO 1.9','',23,60,1261,0,2,105,0,0,0,0),(204,'1106',7,'0236-21TU3','KIT RETENES(EJE LEVA/DIST.)36*50*8/42*66*8','','',23,60,4034,0,2,105,0,0,0,0),(205,'1107',7,'0956-18','RETENES VALVULA 8MM  R-19/405/PARTBERL1.9','306 ZX 1.8  305GT','',23,60,2605,0,1,105,0,0,0,0),(206,'1108',7,'1330-P9B','RADIADOR  207/208/2008/301 1.6','','',23,55,29412,0,1,105,0,0,0,0),(207,'1109',7,'1330-W2E','RADIADOR  PARTBERL 1.6HDI','','',23,55,23723,0,1,105,0,0,0,0),(208,'1110',7,'1911-44A','PORTA FILTRO PETROLEO PARTBERL 1.9','OVALADO PARA PU1021X','',23,75,24790,0,1,105,0,0,0,0),(209,'1111',7,'2041-28B','ROD.EMPUJE C/PATA 205405306AXZX','C-15 PARTNER >03 206 1.4 1.6','',23,64,3800,0,1,105,0,0,0,0),(210,'1112',7,'2041-28B','ROD.EMPUJE S/PATA PART 04> 307','PARTNER BERLINGO 1.9 04> 1.6HDI ','',23,64,4370,0,1,105,0,0,0,0),(211,'1113',7,'2150-CXC','PIOLA EMBRAGUE PARTBERL 1.9 05> ','PARTNER BERLINGO 1.9 05>','',23,64,11681,0,1,105,0,0,0,0),(212,'1114',7,'6346-79C','PORTA AMPOLLETA PARTNER BERLINGO >11','PARTNER BERLINGO ','',23,31,8319,0,2,105,0,0,0,0),(213,'1115',7,'R7711','RETEN EJE LEVA 28*42*5 CLIOII MEG SCEN K4M','K4M','',21,60,1681,0,4,105,0,0,0,0),(214,'1116',7,'R77111-A','KIT RETENES(2EJE LEVA/1DIST) 28*42*5 CLIOII MEG SCEN K4M','K4M MEG SCEN CLIO II','',21,60,4034,0,2,105,0,0,0,0),(215,'1117',7,'R-8155-B','ROD.RUEDA TRASERA 9/11/19CLIO106205206306','ZX 106 205 206 306','',21,60,4286,0,2,105,0,0,0,0),(216,'1118',7,'0249-22C','EMP.TAPA VALVULA 206/306 1.41.6 ZX205GT','AXZX 106 205 206 306 PART1.4 C-3 1.4 BENC','',21,56,2941,0,2,105,0,0,0,0),(217,'1119',7,'1018-66E','CHUPADOR ACEITE PARTBERL1.6HDI 301C-ELYSEE','301 C-ELYSEE HDI','',23,31,8824,0,1,105,0,0,0,0),(218,'1120',0,'4246-W1A','DISCO FRENO VENT.(JGO)PART1.91.6 04>2061.6307301C-ELY.','301 C-ELYSEE HDI ','',23,57,15966,0,3,105,0,0,0,0),(219,'1121',7,'4252-40B','PASTILLA FRENO PART04> 3072061.6XARAPIC301','301 C-ELYSEE HDI C-4','',23,57,7143,0,2,105,0,0,0,0),(220,'1122',7,'4534-44D','BULBO FRENO PARTBERL04> 206 01>','','',23,57,4622,0,1,105,0,0,0,0),(221,'1123',7,'5038-244','CAZOLETA C/ROD. PARTBERL 306 ZX','','',23,57,12353,0,2,105,0,0,0,0),(222,'1124',7,'5038-244','CAZOLETA  PARTBERL 306 ZX','','',23,57,9832,0,2,105,0,0,0,0),(223,'1125',7,'5210-19','CAZOLETA  205 405 C-15','','',23,57,3782,0,2,105,0,0,0,0),(224,'1126',7,'5961-21','BUJIA DELGADA C/RESIS 254536ZXCLIO 2061.4','206 1.4 106 C-3','',23,78,1092,0,12,105,0,0,0,0),(225,'1127',7,'5962-7X','BUJIA EXTRA LARGA 16MM 206307C4XAR1.6','307 1.6 2.0 ','',23,78,1597,0,10,105,0,0,0,0),(226,'1128',7,'8148-XYC','ESPEJO DERECHO MANUAL 206','206','',19,57,8395,0,1,105,0,0,0,0),(227,'1129',7,'R-1713A','DISCO FRENO DEL.VENT.(JGO)19ECL/CLIOIIMEGS','CLIO II MEG','',21,57,14200,0,1,105,0,0,0,0),(228,'1130',7,'R64555A','PASTILLA FRENO 9/11/19CLIO/CLIOIIMEG','CLIO II MEG','',21,57,7143,0,0,105,0,0,0,0),(229,'1147',6,'0113-942','METAL BANCADA 0.30   405406605/PARTBER1.9ZX','','',23,57,9440,0,1,105,0,0,0,0),(230,'1148',6,'0197-A61','EMP.MOTOR 106/2061.4/PART/SAXO/C-31.4.','','',23,61,23620,0,2,105,0,0,0,0),(231,'1149',6,'0209-S41A','EMP.CULATA 4M     PARTBERL BOXERXUD9 >02 C-15XUD9/XUD7.','','',23,61,4690,0,1,105,0,0,0,0),(232,'1150',6,'0831-W2C','KIT DIST.(CORREA/TENS/DESL) 301C-ELYSEPART12>EXPERT','','',23,31,38000,0,3,105,0,0,0,0),(233,'1151',6,'1109-T3','FILTRO ACEITE ELEM. 308/3008(T9) 1.6','','',23,54,5500,0,1,105,0,0,0,0),(234,'1152',6,'1109-X30','FILTRO ACEITE ELEM.HU711/51X   206/307/C2/C3/C4','','',23,54,1730,0,3,105,0,0,0,0),(235,'1153',6,'1201-G9A','BOMBA AGUA PART1.6HDI/301C-ELYSE/3071.6HDI.','','',23,79,11970,0,3,105,0,0,0,0),(236,'1154',6,'1307-HNA','DEPOSITO AGUA PARTBERL 1.9>04','','',23,57,11250,0,1,105,0,0,0,0),(237,'1155',6,'1323-11B','DEPOSITO AGUA PARTBERL   2061.4 1.6.','','',19,59,11800,0,1,105,0,0,0,0),(238,'1156',6,'1343-GHA','MANGUERA RAD.SUP.  PARTBERL1.6HDI PICASSO','','',23,57,3650,0,1,105,0,0,0,0),(239,'1157',6,'1351-JG1','MANGUERA RAD.INF.  PARTBERL1.6HDI PICASSO','','',23,57,3530,0,1,105,0,0,0,0),(240,'1158',6,'1351-Z4','MANGUERA RAD.INF.  3061.41.6 00>XARA','','',23,57,12590,0,1,105,0,0,0,0),(241,'1159',6,'1444-3088','FILTRO AIRE  308(T9) 1.6 BLUE HDI 3008','','',23,54,5500,0,1,105,0,0,0,0),(242,'1160',6,'1444-VL0','FILTRO AIRE  207 1.4/ C-3 II 12>','','',23,54,4870,0,1,105,0,0,0,0),(243,'1161',6,'1579-Q4A','MANGUERA FILTRO PETROLEO(RETORNO) PARTBERL','','',23,31,8990,0,1,105,0,0,0,0),(244,'1162',6,'1618-C91','ELECTROVALVULA EGR/TURBO  307/PARTBER/C-4','','',23,74,21080,0,1,105,0,0,0,0),(245,'1163',6,'2117-58','HORQUILLA EMBRAGUE PARTBERL 1.6 1.9 04>','','',23,57,7870,0,1,105,0,0,0,0),(246,'1164',6,'6447-KK0','FILTRO POLEN 308/307/RCZ','','',23,57,5500,0,1,105,0,0,0,0),(247,'1165',6,'6976-06A','CHAVETA CIGUEÑAL  PART/405/406','','',23,57,2110,0,1,105,0,0,0,0),(248,'1166',6,'0326-271','RETEN DIST.40*55*7   PARTBERL1.6HDI 206/307','','',23,60,2740,0,2,105,0,0,0,0),(249,'1167',6,'0514-74','RETEN CIG. 85*105*9  106205GT306307 R-191.6','','',23,60,5620,0,1,105,0,0,0,0),(250,'1168',6,'0807-14','RETEN EJE LEVA 35*50*7 PARTBERL1.9 BOX2.5','','',23,60,1650,0,3,105,0,0,0,0),(251,'1169',6,'1104-360','ORING ENFRIADOR (JGO) PARTBERL','','',23,60,2350,0,0,105,0,0,0,0),(252,'1170',6,'1174-75A','VARILLA ACEITE  2061.4 PARTBERL1.4','','',23,60,5090,0,1,105,0,0,0,0),(253,'1171',6,'1330-38A','RADIADOR C/A/A  206 1.4 1.6','','',23,55,20240,0,1,105,0,0,0,0),(254,'1172',6,'1798-405','PICARON ESCAPE 405/605/309','','',23,57,3140,0,1,105,0,0,0,0),(255,'1173',6,'2150-EC0','PIOLA EMBRAGUE C/AUTOREG. 206 05> 1.41.6','','',23,60,8400,0,3,105,0,0,0,0),(256,'1174',6,'2150-EEA','PIOLA EMBRAGUE C/AUTOREG. 2061.4HDI 04>207 COMP','','',23,80,18330,0,1,105,0,0,0,0),(257,'1175',6,'3121-26','RETEN TRANS.DER.29.85*47*10  106205206306405PARTBERL','','',23,60,1050,0,3,105,0,0,0,0),(258,'1176',6,'3121-27','RETEN TRANS.IZQ.40*58*10  106205206306405PARTBERL','','',23,60,2090,0,3,105,0,0,0,0),(259,'1177',6,'3252-04A','PERNO SEGURO ROD.TRANS. 106205306','','',23,60,1580,0,2,105,0,0,0,0),(260,'1178',6,'4253-93','PASTILLA FRENO 3081.6/3008 1.6','','',23,57,17840,0,1,105,0,0,0,0),(261,'1179',6,'5802-W5B','MOTOR PARTIDA    PARTBERL 1.9','','',23,57,46950,0,1,105,0,0,0,0),(262,'1180',6,'5927-001A','PLATINO FEMSACO  404/504','','',19,74,1950,0,2,105,0,0,0,0),(263,'1181',6,'R-11888','BULBO D/HIDRAULICA CLIOIIMEGSCEN','','',21,32,14170,0,1,105,0,0,0,0),(264,'1182',6,'R-223011','PERILLA P/CAMBIO   CLIO II LOGAN','','',21,32,3140,0,1,105,0,0,0,0),(265,'1183',6,'R-2399-32','RETEN EJE LEVA 30*42*6  CLIO/EXPRESS 1.21.4 ENERGY','','',21,32,1660,0,2,105,0,0,0,0),(266,'1184',6,'R-2399-60','RETEN EJE LEVA 25*42*6  19/KANGOO 1.9DIESEL','','',21,32,2350,0,2,105,0,0,0,0),(267,'1185',6,'0258-55A','TAPA ACEITE  206306 1.4 1.6   205/309','','',19,57,2510,0,1,105,0,0,0,0),(268,'1186',6,'1174-490','VARILLA ACEITE 106/306/205/309 1.4','','',19,57,2830,0,1,105,0,0,0,0),(269,'1187',6,'1174-E66','VARILLA ACEITE      PARTBERL 1.6HDI 307/C-4','','',19,57,3930,0,1,105,0,0,0,0),(270,'1188',6,'1508-C5','TAPA PETROLEO','','',19,57,10080,0,1,105,0,0,0,0),(271,'1189',6,'1807-250','SOPORTE MOTOR 504/505','','',19,57,2060,0,2,105,0,0,0,0),(272,'1190',6,'1920-AQ2','VALVULA IAC   206/306 1.4','','',19,55,12590,0,1,105,0,0,0,0),(273,'1191',6,'3350-181','ROD.RUEDA DEL.35*66*32  106/AX (LLANTA 3PERNOS)','','',19,55,5370,0,2,105,0,0,0,0),(274,'1192',6,'3748-A1B','ROD.RUEDA TRAS. 301/C-ELYSEE /208/C3PICASSO','','',23,79,9770,0,3,105,0,0,0,0),(275,'1193',6,'3812-C5','ROTULA AXIAL  206/207 COMPACT','','',19,57,3740,0,2,105,0,0,0,0),(276,'1194',6,'5751-380','TENSOR ALTERNADOR C/PATA  PARTBERL  XUD9 >99','','',19,57,9450,0,1,105,0,0,0,0),(277,'1195',6,'5937-050','ROTOR DISTRIBUIDOR  404/504/505.','','',19,82,1570,0,2,105,0,0,0,0),(278,'1196',6,'5937-29','ROTOR DISTRIBUIDOR ENC./ELECT  505(MARELLI).','','',19,82,3070,0,1,105,0,0,0,0),(279,'1197',6,'5937-47','ROTOR DISTRIBUIDOR DUCEL. 405/205/505','','',19,82,2540,0,1,105,0,0,0,0),(280,'1198',6,'5941-200','TAPA DISTRIBUIDOR DUCEL. 504/505  305','','',19,82,6290,0,1,105,0,0,0,0),(281,'1199',6,'5941-350','TAPA DISTRIBUIDOR DUCEL. 205/405','','',19,82,7720,0,1,105,0,0,0,0),(282,'1200',6,'5941-43A','TAPA DISTRIBUIDOR ENC/ELECT 505  (MARELLI)','','',19,82,6760,0,1,105,0,0,0,0),(283,'1201',6,'6453-405A','ROD.COMPRESOR A/AC  405/206/307 (35*55)','','',19,55,4980,0,1,105,0,0,0,0),(284,'1202',6,'R-207817','TPS (SENSOR)  CLIOII/MEG 1.6 16V K4M','','',19,55,8110,0,1,105,0,0,0,0),(285,'1203',6,'R-2312-4','ROTOR DISTRIBUIDOR DUCEL 19ECLAIRE ','','',19,82,4100,0,1,105,0,0,0,0),(286,'1204',6,'R-2573-1','TAPA DISTRIBUIDOR DUCEL 19/CLIO 1.4  ENERGY','','',19,82,8170,0,1,105,0,0,0,0),(287,'1205',6,'0606-80','METAL BIELA STD. PARTBERL 1.9 XUD9/DW8 405/605','','',23,57,4748,0,1,105,0,0,0,0),(288,'1206',6,'1308-CP1','RESISTENCIA ELECTROVENT.  C-4 106 307/308 PARTTEPEE','','',23,55,7042,0,1,105,0,0,0,0),(289,'1207',6,'1797-74','PICARON ESCAPE JGO.  206/307 1.6 16VAL','','',23,31,8807,0,1,105,0,0,0,0),(290,'1208',6,'1798-83','PICARON ESCAPE JGO.  206/ 1.4 PARTBERT 1.4','','',23,31,13218,0,1,105,0,0,0,0),(291,'1209',6,'3248-030A','SEGURO HOMOSINETICA DER. 106/205/306/405/206','','',23,57,3513,0,1,105,0,0,0,0),(292,'1210',6,'3622-30','TUERCA PERNO RUTULA MUÑON 106/206','','',23,57,866,0,2,105,0,0,0,0),(293,'1211',6,'4015-091','BULBO D-HIDRAULICO  206 1.4 1.6 PART 1.4','','',23,31,13008,0,1,105,0,0,0,0),(294,'1212',6,'R-22316','REP.P/CAMBIO KIT  19/MEG/CLIO ','','',21,74,4513,0,1,105,0,0,0,0),(295,'1213',6,'R-256501','SELLOS CULATA (JGO) K4M CLIOII/MEGSCENI','','',21,32,3950,0,2,105,0,0,0,0),(296,'1214',6,'0249-A4','EMP.TAPA VALVULA INF. 206 2.0 307/406 2.0.','','',23,57,4748,0,1,105,0,0,0,0),(297,'1215',6,'0249-A51','EMP.TAPA VALVULA SUP. 206 2.0 307/406 2.0','','',23,57,3773,0,1,105,0,0,0,0),(298,'1216',6,'0606-81','METAL BIELA 0.30  PARTBERT 1.9 XUD9/DW8/405/406','','',23,57,6395,0,1,105,0,0,0,0),(299,'1217',6,'2452-390','BIELETA P/CAMBIO  505 87>','','',19,57,2555,0,1,105,0,0,0,0),(300,'1218',6,'3287-A9','FUELLE TRANS.L/CAJA PARTBERT 1.6 HDI 308 1.6','','',23,57,2630,0,2,105,0,0,0,0),(301,'1219',6,'3307-560','MAZA RUEDA DEL.  206 1.6 2.0 307/306 1.6 405','','',23,57,9689,0,2,105,0,0,0,0),(302,'1220',6,'3523-400','BUJE BANDEJA          405','USA UNO POR LADO','',23,57,1555,0,2,105,0,0,0,0),(303,'1221',6,'4599-41A','EMP.DEPRESOR (JGO.GOMA) PARTBERL 1.6 HDI.','','',23,57,7613,0,1,105,0,0,0,0),(304,'1222',6,'C1-1343LC0','MANGUERA SUP.RADIADOR C-3 1.4 TU3JP','','',22,57,3807,0,1,105,0,0,0,0),(305,'1223',6,'R-299-8711','ROD.CAZOLETA  CLIOII KANGOO DUSTER ','','',21,57,4235,0,2,105,0,0,0,0),(306,'1224',6,'R-2091310','METAL BIELA STD.  CLIOII/MEGANE K4M','','',21,57,6345,0,1,105,0,0,0,0),(307,'1225',5,'201493-9','BULBO ACEITE  306/106/205/405.','26 1,4-PARTN.1,4-16 1,4 00->','',23,66,1726,0,1,105,0,0,0,0),(308,'1226',5,'201497-1','BULBO ACEITE  205/405/ZX.','','',23,99,2322,0,1,105,0,0,0,0),(309,'1227',5,'201969-8','BULBO ACEITE 206PARTBERL307...','ENCHUFE GRIS CON SACADITO /PARTN.HDI 1,6-206HDI 1,4-BIPPER TODOS-107-EXP.HDI 1,6/C3/XSA/C4/PIC','',23,66,2647,0,2,105,0,0,0,0),(310,'1228',5,'202075-0','BOMBA EMBRAGUE  301 C-ELYSEE.','','',23,31,20352,0,1,105,0,0,0,0),(311,'1229',5,'202076-9','BULBO MARCHA ATRAS  BOXER HDI PARTBERL..','CORTO(BOXER HDI 2,0-PARTNER D.DW8->07)','',23,66,3778,0,1,105,0,0,0,0),(312,'1230',5,'202083-1','BULBO MARCHA ATRAS CORTO/306/205/309/405.','CORTO','',23,66,3385,0,1,105,0,0,0,0),(313,'1231',5,'202110-2','CENTRADOR CAJA C/RETEN  206.','PART.1,4-205 1,4-306 1,4-206 1,4','',23,60,4049,0,1,105,0,0,0,0),(314,'1232',5,'202113-7','BULBO MARCHA ATRAS LARGO  206.','406 02->,36 00->,26-27-37-46-38-3008-BIPP-TRAV-NEW EXPERTER/ENCHUFE GRIS CON SACADITO','',23,66,4399,0,1,105,0,0,0,0),(315,'1233',5,'202125-0','CILINDRO EMBRAGUE  301 C-ELYSEE..','','',23,31,14202,0,1,105,0,0,0,0),(316,'1234',5,'202617-1','BULBO MARCHA ATRAS LARGO  208..','ENCHUFE GRIS CON SACADITO Y HILO LARGO/406 02->,36 00->,26-27-37-46-38-3008-BIPP-TRAV-NEW EXPERTER','',23,66,3559,0,2,105,0,0,0,0),(317,'1235',5,'202671-6','CENTRADOR CAJA C/RETEN  PARNERBERL..','C/CENTRADOR -P106-307-PARTNER D.(TODAS)-EXPERT-406','',23,60,5883,0,1,105,0,0,0,0),(318,'1236',5,'203059-4','BUJIA EXTRA LARGA 16V. 3008 301.','3008-308-207-208-2008-301(1,6 bencinero )','',23,46,6824,0,4,105,0,0,0,0),(319,'1237',5,'203093-4','BUJIA DELGADA C/RESIST. 206 1.4 205306405 CLIO ZX.','CL.1,6 00->,26 1,4-PART.1,4-BOXER 2,0 BENCINA','',23,46,1101,0,10,105,0,0,0,0),(320,'1238',5,'203098-5','BUJIA INCANDESCENTE PARTNERBERL1.6HDI.','PARTN.HDI 1,6-37HDI 1,6-EXPERT HDI1,6-27HDI-47HD','',23,64,4373,0,14,105,0,0,0,0),(321,'1239',5,'203101-9','BUJIA DELGADA C/RESIST.2 ELECTRODOS 205/405/BIPPER.','CLIO 1,6 16V.00->,MEG.16V.-NEW SYMBOL 1,6 8.','',23,62,1801,0,10,105,0,0,0,0),(322,'1240',5,'203405-0','CABLE BUJIA  405/P305GT1,6/309.','P305GT1,6','',23,109,9429,0,1,105,0,0,0,0),(323,'1241',5,'203996-6','BUJIA INCANDESCENTE 01>PARTNBERL C-15 BOXER 1.9.','','',23,64,2143,0,12,105,0,0,0,0),(324,'1242',5,'204047-6','BOMBA BENCINA COMPLETA  206.','P206 1,6->04, P206 1,4->02 (BASE CHICA)','',19,55,27719,0,1,105,0,0,0,0),(325,'1243',5,'204065-4','BOMBA BENCINA COMPLETA  206 03>.','206 03-08','',19,55,25167,0,1,105,0,0,0,0),(326,'1244',5,'204068-9','BOMBA BENCINA ELECTRICA  PARTNER 1.4/3061.6.','','',19,55,14365,0,1,105,0,0,0,0),(327,'1245',5,'204069-7','BOMBA BENCINA ELECTRICA  C-15 306/205.','','',19,55,12191,0,1,105,0,0,0,0),(328,'1246',5,'204198-7','BULBO TEMPERATURA SENSOR AZUL 3 PINES  206/307.','P307 2,0-PARTNER BENCINA-BIPPER 1,4 BENC.','',19,66,3955,0,1,105,0,0,0,0),(329,'1247',5,'206059-0','BULBO FRENO      PARTNER/206/207.','PARTNER-206 1,4/1,6 16V.','',19,66,5377,0,1,105,0,0,0,0),(330,'1248',5,'206073-6','BULBO FRENO   PARTNER/407/308/3008.','ENCHUFE VERDE /BIPPER TODOS-EXPERT HDI 37-27-38-3008 MAXI/TEPEE','',19,66,3378,0,0,105,0,0,0,0),(331,'1249',5,'206086-8','BOMBA FRENO T/BENDIX       405.','2 SALIDAS','',19,64,20834,0,1,105,0,0,0,0),(332,'1250',5,'206098-1','CILINDRO FRENO DER.           405','','',19,64,7590,0,1,105,0,0,0,0),(333,'1251',5,'206102-3','CILINDRO FRENO DER.  AX 306/205/SAXO.','','',19,64,7765,0,1,105,0,0,0,0),(334,'1252',5,'206123-6','CILINDRO FRENO DER.   505','','',19,64,3888,0,1,105,0,0,0,0),(335,'1253',5,'207155-K','BIELETA B/ESTABILIZA DEL.  406/C5/XANTIA II.','','',19,55,2213,0,2,105,0,0,0,0),(336,'1254',5,'207295-5','CAZOLETA AMORTIGUADOR  205/405.','','',19,55,3949,0,2,105,0,0,0,0),(337,'1255',5,'207297-1','GOMA B/ESTABILIZA    206.','','',19,60,3021,0,3,105,0,0,0,0),(338,'1256',5,'207379-K','BIELETA B/ESTABIL.TRASERA IZQ.  206.','','',19,57,5201,0,1,105,0,0,0,0),(339,'1257',5,'207380-3','BIELETA B/ESTABIL.TRASERA DER.  206','','',19,57,5201,0,1,105,0,0,0,0),(340,'1258',5,'207401-K','CAZOLETA AMORTIGUADOR    307/C-4','','',19,57,5413,0,2,105,0,0,0,0),(341,'1259',5,'207490-7','BANDEJA IZQUIERDA S/ROTULA   306 ZX PARTBERL >00','','',19,56,10354,0,1,105,0,0,0,0),(342,'1260',5,'207502-4','BIELETA B/ESTABILIZADORA IZQ.  301/C-ELYSEE.','P207-301-2008','',19,56,4500,0,0,105,0,0,0,0),(343,'1261',5,'207549-0','BIELETA B/ESTABILIZADORA DER.  301/C-ELYSEE.','P207-301-2008','',19,56,4500,0,0,105,0,0,0,0),(344,'1262',5,'210187-4','BULBO ACEITE  BOXER III PUMA HDI 2,2.','BOXER III PUMA HDI 2,2/JUMPER III PUMA HDI 2,2','',19,66,3174,0,1,105,0,0,0,0),(345,'1263',5,'210848-8','BULBO ACEITE    301/C-ELYSEE...','P301 HDI 1,6','',19,31,7773,0,2,105,0,0,0,0),(346,'1264',5,'213045-9','BOMBA AGUA BOXER PARTBERL 01> C-15BERL.00>/C15.02>/XSARA 1.9 DIESEL.','','',19,61,14515,0,1,105,0,0,0,0),(347,'1265',5,'213077-7','BOMBA AGUA C/P306 1,8 8V.-P405 1,8/2,0 92->(CATALITICOS)PEST..','','',19,61,15250,0,1,105,0,0,0,0),(348,'1266',5,'213086-6','BOMBA AGUA C/PESTAÑA  PARTN.D.>00,406 2,0-605-BOXER XUD9.','','',19,61,14327,0,1,105,0,0,0,0),(349,'1267',5,'213163-3','BULBO TEMPERATURA SENSOR 206 PARTBERL.','VERDE 2 PINES ATORNILLADO/VERDE/PARTNER D.-07-P206 2,0-406 HDI','',19,61,2965,0,2,105,0,0,0,0),(350,'1268',5,'213169-2','BULBO TEMPERATURA SENSOR 206.','1 PIN P106 1,6 00-,P206 1,6 8V.(0242-78)/','',19,66,4972,0,1,105,0,0,0,0),(351,'1269',5,'213712-7','BULBO TEMPERATURA SENSOR 206 106.','verde del P206 1,4','',19,66,4231,0,1,105,0,0,0,0),(352,'1270',5,'301504-1','BULBO ACEITE  R-5/205/405.','1PIN SIN ENCHUFE','',19,66,2307,0,1,105,0,0,0,0),(353,'1271',5,'301517-3','BULBO PRESION ACEITE CLIOII MEGAN SCENISS.','','',23,66,2722,0,1,105,0,0,0,0),(354,'1272',5,'302054-1','BULBO MARCHA ATRAS LOGAN MEGANE III.','MEG.III/LAT./FLUEN./CL.III (1,6/2,0 16V.) **2 PINES AZUL**','',23,66,4488,0,1,105,0,0,0,0),(355,'1273',5,'302086-K','BULBO MARCHA ATRAS 3 PINES NEW SYMBOL.','MEG.II LAG.II ** 3 PINES VERDE**-CAPTUR DCI 1,5','',21,61,8292,0,1,105,0,0,0,0),(356,'1274',5,'303369-4','CABLE BUJIA   4/5/ 91118TL.','','',21,83,4253,0,1,105,0,0,0,0),(357,'1275',5,'303389-9','CABLE BUJIA   CLIOII 00>.','MEG.1,6/SCEN.1,6-CLIO 00','',21,60,13761,0,1,105,0,0,0,0),(358,'1276',5,'303395-2','CABLE BUJIA   CLIO 1.2 1.4 EXPRESS.','','',21,83,5725,0,1,105,0,0,0,0),(359,'1277',5,'303389-8','BUJIA LARGA 19ECLAIRE 91118 504/505','','',21,46,1086,0,10,105,0,0,0,0),(360,'1278',5,'303829-7','BUJIA EXTRA LARGA LAG/MEG III/LAT/KOLE/FLUEN.','','',21,46,3445,0,0,105,0,0,0,0),(361,'1279',5,'305704-6','BUJE BIELETA DIRECCION  R/12TL','','',21,61,1304,0,2,105,0,0,0,0),(362,'1280',5,'306055-1','BOMBA FRENO T/BENDIX   R/19 MEGANE.','AX/ZX TODOS LOS MODELOS','',21,64,13133,0,1,105,0,0,0,0),(363,'1281',5,'306099-3','CILINDRO FRENO IZQ. CLIO>952061.41.6.','TWINGO-CLIO->95,P306-206 1,4/1,6','',19,64,7653,0,1,105,0,0,0,0),(364,'1282',5,'306100-0','CILINDRO FRENO DER. CLIO>952061.41.6.','TWINGO-CLIO->95,P306-206 1,4/1,6','',19,64,7653,0,1,105,0,0,0,0),(365,'1283',5,'306126-4','CILINDRO FRENO TRASERO   R/5','','',21,64,4192,0,2,105,0,0,0,0),(366,'1284',5,'306137-K','CILINDRO FRENO IZQ R9111819 ECLAIRE.','','',21,64,3879,0,1,105,0,0,0,0),(367,'1285',5,'306138-8','CILINDRO FRENO DER. R9111819 ECLAIRE','','',21,64,3879,0,1,105,0,0,0,0),(368,'1286',5,'307348-3','BANDEJA IZQUIERDA C/ROTULA  CLIOII.','C/ROTULA-CLIO II-SYMBOL','',21,56,12072,0,1,105,0,0,0,0),(369,'1287',5,'307350-5','CAZOLETA AMORTIGUADOR  CLIOII.','CLIO 1,6 16V.00-,LOGAN -KNGOO.SAND.','',21,56,5578,0,2,105,0,0,0,0),(370,'1288',5,'307718-7','BUJE BANDEJA SUPERIOR R-12/18TL','','',21,61,1457,0,4,105,0,0,0,0),(371,'1289',5,'307740-3','BUJE BANDEJA INFERIOR R-12/18TL','','',21,61,1583,0,4,105,0,0,0,0),(372,'1290',5,'313692-2','BULBO TEMPERATURA SENSOR   CLIOII MEGANE 00>.','','',21,66,4445,0,1,105,0,0,0,0),(373,'1291',5,'313812-7','BULBO TEMPERATURA 2 PATAS 19/MEGANE.','ENCHUFE CAFE','',21,66,7981,0,1,105,0,0,0,0),(374,'1292',5,'3704056-8','BOMBA BENCINA ELECTRICA     SM3.','SM3 1,5/1,6-SM5 1,8/2,0','',21,55,8743,0,1,105,0,0,0,0),(375,'1293',5,'3707302-4','CAZOLETA AMORTIGUADOR DEL. SM3 TODOS.','','',21,97,10320,0,2,105,0,0,0,0),(376,'1294',5,'201001-1','CORREA 6PK* 870    BOXER PUMA','','',19,71,3884,0,1,105,0,0,0,0),(377,'1295',5,'201092-5','CORREA 6PK* 730   PARTNBER','','',19,84,2990,0,1,105,0,0,0,0),(378,'1296',5,'201097-6','CORREA 4PK* 755   BOXER PUMA','','',19,84,2773,0,1,105,0,0,0,0),(379,'1299',5,'201127-1','CORREA 6PK* 805   307','','',19,71,3555,0,1,105,0,0,0,0),(380,'1300',5,'201133-6','CORREA 5PK*1253   306','','',19,84,3591,0,1,105,0,0,0,0),(381,'1301',5,'201135-2','CORREA 6PK* 866   PARTNER ','','',19,84,3654,0,1,105,0,0,0,0),(382,'1302',5,'201140-9','CORREA 4PK* 955  205','','',19,84,2663,0,1,105,0,0,0,0),(383,'1303',5,'201152-2','CORREA 5PK* 881    306','','',19,84,2826,0,2,105,0,0,0,0),(384,'1304',5,'201159-K','CORREA 4PK* 855    306','','',19,84,2163,0,1,105,0,0,0,0),(385,'1305',5,'201199-9','CORREA 5PK*1218    306','','',19,84,4314,0,1,105,0,0,0,0),(386,'1306',5,'201468-8','CORREA 6PK* 975   PARTNER TEPE','','',19,71,3664,0,2,105,0,0,0,0),(387,'1307',5,'201883-7','CORREA 6PK* 903   301','','',19,71,4500,0,1,105,0,0,0,0),(388,'1308',5,'203048-9','COMANDO LUCES    505','','',19,55,4253,0,1,105,0,0,0,0),(389,'1309',5,'203146-9','CONDENSADOR DUCELIER 504/505','','',19,60,1266,0,2,105,0,0,0,0),(390,'1310',5,'203172-8','COMANDO LUCES   405','','',19,56,12882,0,1,105,0,0,0,0),(391,'1311',5,'203772-6','COMANDO LUCES   405','','',19,55,4891,0,1,105,0,0,0,0),(392,'1312',5,'303180-2','COMANDO LUCES   R-19/CLIO ','','',21,55,4250,0,1,105,0,0,0,0),(393,'1313',5,'206101-5','CILINDRO FRENO IZQ.  306','','',19,64,7765,0,1,105,0,0,0,0),(394,'1314',5,'206115-5','CILINDRO FRENO TRASERO DER/IZQ  PARTNER TODAS','','',19,64,6906,0,2,105,0,0,0,0),(395,'1315',5,'209330-8','CILINDRO PUERTA JGO.  205','','',19,55,3273,0,1,105,0,0,0,0),(396,'1316',5,'209331-9','CILINDRO PUERTA JGO. (PUERTAS Y MALETA)  206','','',19,55,12193,0,1,105,0,0,0,0),(397,'1317',5,'301344-8','CORREA 5PK*1105 S/A/A  CLIOII','','',19,85,3891,0,2,105,0,0,0,0),(398,'1318',5,'209211-5','CILINDRO PUERTA JGO. PARTNER ','','',23,62,25633,0,0,105,0,0,0,0),(399,'1319',5,'306098-5','CILINDRO FRENO TRASERO IZQ/DER  CLIOII','','',21,64,8105,0,2,105,0,0,0,0),(400,'1320',5,'309201-1','CILINDRO PUERTA JGO. CLIO II','','',21,64,13752,0,1,105,0,0,0,0),(401,'1321',5,'3701250-5','CORREA 3PK* 865  SM3','','',21,85,2303,0,2,105,0,0,0,0),(402,'1322',5,'310127-4','CORREA 5PK*1750 C/A/A  CLIOII','','',21,85,5533,0,2,105,0,0,0,0),(403,'1323',5,'310097-9','CORREA 5PK*1200 C/A/A  MEGANE II','','',21,71,5090,0,1,105,0,0,0,0),(404,'1324',5,'201084-4','CORREA 6PK*1212 C/A/A 107','','',21,71,4993,0,1,105,0,0,0,0),(405,'1325',5,'201118-2','CORREA 6PK*1564 C/A/A 206 1.4 1.6','','',21,84,4849,0,2,105,0,0,0,0),(406,'1326',5,'201138-7','CORREA 6PK*1110 PARTNER SM3','','',21,84,3391,0,1,105,0,0,0,0),(407,'1327',5,'201148-4','CORREA 6PK*1063 405','','',21,84,3596,0,1,105,0,0,0,0),(408,'1328',5,'201149-2','CORREA 6PK*1437 PARTNERBERL 1.9','','',21,84,4659,0,2,105,0,0,0,0),(409,'1329',5,'201164-6','CORREA 6PK*1660 306','','',21,84,4891,0,1,105,0,0,0,0),(410,'1330',5,'201364-9','CORREA 6PK*1200 307','','',21,71,6567,0,1,105,0,0,0,0),(411,'1331',5,'201365-7','CORREA 6PK*1147 307','','',21,84,3862,0,1,105,0,0,0,0),(412,'1332',5,'201451-3','CORREA 6PK*1072 208','','',21,71,4901,0,1,105,0,0,0,0),(413,'1333',5,'201452-1','CORREA 6PK*1454 S/A/A 206 1.4 1.6.','','',21,71,5492,0,3,105,0,0,0,0),(414,'1334',5,'201535-8','CORREA 6PK*1460 206','','',21,85,4690,0,1,105,0,0,0,0),(415,'1335',5,'201559-5','CORREA 6PK*1125 307','','',21,71,5803,0,1,105,0,0,0,0),(416,'1336',5,'201671-0','CORREA 6PK*1682 C/A/A PARTNER','','',23,71,7210,0,1,105,0,0,0,0),(417,'1337',5,'201701-6','CORREA 6PK*1725 206','','',23,71,6588,0,1,105,0,0,0,0),(418,'1338',5,'201930-2','CORREA 6PK*1355 S/A/A PARTN 1.6 HDI','','',23,84,4660,0,2,105,0,0,0,0),(419,'1339',5,'210151-3','CORREA 6PK*1710 C/A/A PARTN MAXI','','',23,85,5395,0,2,105,0,0,0,0),(420,'1340',5,'210887-9','CORREA 6PK*1388  PARTBERL.','','',23,85,3718,0,1,105,0,0,0,0),(421,'1341',5,'210889-5','CORREA 6PK*1603 C/A/A 406','','',23,85,5308,0,1,105,0,0,0,0),(422,'1342',5,'301104-6','CORREA 6PK*1500 MEGANE','','',23,84,5533,0,1,105,0,0,0,0),(423,'1343',5,'301106-2','CORREA 6PK*1180 19ECLAIRE','','',23,84,3990,0,1,105,0,0,0,0),(424,'1344',5,'301109-2','CORREA 6PK*1650  MEGANE..','','',23,84,4891,0,1,105,0,0,0,0),(425,'1345',5,'301341-3','CORREA 6PK*1400   KANGOO 1.19.','','',23,71,5424,0,1,105,0,0,0,0),(426,'1346',5,'213289-3','TERMOSTATO PARTNER MAXI','','',23,57,20626,0,2,105,0,0,0,0),(427,'1347',5,'201090-9','CORREA DISTR. 108D  AX/206 >01','','',23,71,6992,0,1,105,0,0,0,0),(428,'1348',5,'201095-K','CORREA DISTR. 141D*25  BOXER HDI','','',23,71,11646,0,1,105,0,0,0,0),(429,'1349',5,'201096-8','CORREA DISTR. 134D  206307 1.616VALV C-4','','',23,71,11866,0,1,105,0,0,0,0),(430,'1350',5,'201120-4','CORREA DISTR. 140D PARTBERL1.9 01> C-15BOXER','','',23,85,9566,0,2,105,0,0,0,0),(431,'1351',5,'201154-9','CORREA DISTR. 114D   306405','','',23,85,7708,0,1,105,0,0,0,0),(432,'1352',5,'201158-1','CORREA DISTR. 101D  3061.6 ZX','','',23,71,7708,0,1,105,0,0,0,0),(433,'1353',5,'201598-6','CORREA DISTR. 136D  PARTBERL>00 C-15','','',23,71,7210,0,1,105,0,0,0,0),(434,'1354',5,'201141-7','CORREA 9.5* 710    205','','',23,84,1501,0,1,105,0,0,0,0),(435,'1355',5,'201144-1','CORREA 9.5*1175     505','','',23,84,1990,0,1,105,0,0,0,0),(436,'1356',5,'201232-4','EMP.CARTER       206 1.4 205 GT 306','','',23,57,4176,0,1,105,0,0,0,0),(437,'1357',5,'202171-4','DISCO EMBRAGUE C-15AXZX205206306 1.4','','',23,56,12190,0,1,105,0,0,0,0),(438,'1358',5,'202199-4','DISCO EMBRAGUE     504/505','','',23,56,19322,0,1,105,0,0,0,0),(439,'1359',5,'203041-1','CHAPA CONTATO   206>03','','',23,55,8712,0,1,105,0,0,0,0),(440,'1360',5,'203063-2','CHAPA CONTATO  505 85>','','',23,55,3101,0,1,105,0,0,0,0),(441,'1361',5,'203118-3','CHAPA CONTATO  405 ','','',23,55,3101,0,1,105,0,0,0,0),(442,'1362',5,'203122-1','CHAPA CONTATO  205','','',23,55,5891,0,1,105,0,0,0,0),(443,'1363',5,'203124-8','CHAPA CONTATO  306','','',23,55,5424,0,1,105,0,0,0,0),(444,'1364',5,'203420-4','ELIMINADOR CACHIMBA JGO.   505.','','',23,74,8894,0,2,105,0,0,0,0),(445,'1365',5,'204221-5','ELECTRO VALVULA BBA.INY.AVANCE','','',23,64,31990,0,1,105,0,0,0,0),(446,'1366',5,'206165-1','DISCO FRENO DEL.','','',23,50,8254,0,2,105,0,0,0,0),(447,'1367',5,'206198-8','DISCO FRENO DEL.VENT.  405/SANT/PART>03 ','','',23,50,9974,0,2,105,0,0,0,0),(448,'1368',5,'206217-8','DISCO FRENO DEL.VENT. PARTNER MAXI','','',23,50,10060,0,2,105,0,0,0,0),(449,'1369',5,'206245-3','DISCO FRENO DEL.VENT. 206/307/PART 1.6 1.9 05>301/C-ELYSEE','','',23,50,11110,0,2,105,0,0,0,0),(450,'1370',5,'210110-6','CORREA 6PK*1739   PARTNER ','','',23,71,8820,0,1,105,0,0,0,0),(451,'1371',5,'210152-1','CORREA  DISTR.104D 206 02>','','',23,85,3312,0,1,105,0,0,0,0),(452,'1372',5,'210918-2','CORREA  DISTR.141D.  PARTNER ','','',23,85,14472,0,1,105,0,0,0,0),(453,'1373',5,'301078-3','CORREA  DISTR.132D.  K4M/CLIOII/MEGAN SCEN','','',21,71,11866,0,1,105,0,0,0,0),(454,'1374',5,'301093-7','CORREA  DISTR.95D   CLIO 1.2 MEG ','','',21,71,7272,0,1,105,0,0,0,0),(455,'1375',5,'301098-8','CORREA  DISTR.153D  19DIESEL KANGOO','','',21,71,9429,0,1,105,0,0,0,0),(456,'1376',5,'301099-6','CORREA  DISTR.151D   KANGOO 1.9','','',21,71,8942,0,1,105,0,0,0,0),(457,'1377',5,'301105-4','CORREA  DISTR.96D.  NEW SYMBOL 8 VAL','','',21,71,7765,0,1,105,0,0,0,0),(458,'1378',5,'301131-3','CORREA 9.5*675     19TS','','',21,84,1559,0,1,105,0,0,0,0),(459,'1379',5,'213175-7','DEPOSITO AGUA 301 C-ELYSEE','','',21,57,11054,0,1,105,0,0,0,0),(460,'1380',5,'213195-1','BULBO TEMPERATURA SENSOR 206','','',21,66,6429,0,1,105,0,0,0,0),(461,'1381',5,'213287-7','DEPOSITO AGUA PARTNER MAXI ','','',21,57,13465,0,1,105,0,0,0,0),(462,'1382',5,'302157-2','DISCO EMBRIAGUE CLIOII','','',21,56,11671,0,1,105,0,0,0,0),(463,'1383',5,'303121-7','CHAPA CONTACTO 18TL TRAFIC','','',21,55,3391,0,1,105,0,0,0,0),(464,'1384',5,'303168-3','CHAPA CONTACTO   R-5','','',21,55,3761,0,1,105,0,0,0,0),(465,'1385',5,'303381-3','CHAPA CONTACTO   R-19','','',21,55,4399,0,1,105,0,0,0,0),(466,'1386',5,'304052-6','ELECTROVALVULA T/BOSCH CORTE PARTBER C-15','','',21,64,9796,0,1,105,0,0,0,0),(467,'1387',5,'304107-7','ELECTROVALVULA T/LUCA CORTE PARTBER C-15.','','',21,64,4387,0,1,105,0,0,0,0),(468,'1388',5,'304155-7','ELECTROVALVULA  BBA.INY.AVANCE KANGOO','','',21,64,37655,0,1,105,0,0,0,0),(469,'1389',5,'305022-K','CRUCETA DIRECCION R12','','',21,57,2308,0,1,105,0,0,0,0),(470,'1390',5,'305023-8','CRUCETA DIRECCION   R9/11','','',21,57,1682,0,1,105,0,0,0,0),(471,'1391',5,'306170-1','DISCO FRENO DEL.  19 1.6 CLIO','','',21,50,7223,0,2,105,0,0,0,0),(472,'1392',5,'306171-K','DISCO FRENO DEL.VENT. MEGANE III','','',21,50,10469,0,2,105,0,0,0,0),(473,'1393',5,'306193-0','DISCO FRENO VENT.19ECL/CLIOIIMEGS.','R-CLIO 00-, KANGOO,ECL.1,8','',21,50,12599,0,2,105,0,0,0,0),(474,'1394',5,'310101-0','CORREA 6PK*1805   KOLEOS 2.5.','','',21,85,6632,0,1,105,0,0,0,0),(475,'1395',5,'310128-2','CORREA 6PK*1750     MEGANECLIOII.','MEG.1,6-SCN.1,6-LOG.1,6(C/AIRE)-406HDI 2,0','',21,85,6200,0,1,105,0,0,0,0),(476,'1396',5,'313203-k','DEPOSITO AGUA   MEGANE SCENIC.','','',21,56,5111,0,1,105,0,0,0,0),(477,'1397',5,'313205-6','DEPOSITO AGUA   R-19.','CON TAPA.- 19-ECL.1,8-ECL.D.1,9','',21,57,4193,0,1,105,0,0,0,0),(478,'1398',5,'313217-k','DEPOSITO AGUA   MEGANE 1.6 2.0.','','',21,56,9989,0,1,105,0,0,0,0),(479,'1399',5,'3702073-7','DISCO EMBRAGUE  SM3 1.6','','',21,86,13537,0,1,105,0,0,0,0),(480,'1400',5,'3706350-9','DISCO FRENO DEL.VENT.  SM3','','',21,50,8913,0,2,105,0,0,0,0),(481,'1401',5,'201726-1','KIT DIST.(CORREA/TENS/DESL). PART12>301C-ELYSEE.','','',23,98,35000,0,1,105,0,0,0,0),(482,'1402',0,'7603259','KIT DIST.(CORREA/TENS/DESL).PARTBERL 1.6HDI.','CORREA 137 D','',23,99,26600,0,1,105,0,0,0,0),(483,'1403',0,'0014570','KIT EMBRAGUE PARTBERL 1.9 >03 405..','ESTE PRODUCTO ES DE REFAX','',23,84,26000,0,1,105,0,0,0,0),(484,'9660',5,'202389-k','KIT EMBRAGUE S/ROD. PARTBERL 1.9 04>.','','',23,56,30300,0,1,105,0,0,0,0),(485,'1404',5,'302421-0','KIT EMBRAGUE S/ROD.  CLIO 1.2 1.4.','','',21,56,14500,0,1,105,0,0,0,0),(486,'1405',0,'','EMP.MOTOR  405 >92...','','',23,74,17500,0,1,105,0,0,0,0),(487,'1406',0,'','EMP.MOTOR     504 1.8.','','',23,74,8100,0,0,105,0,0,0,0),(488,'1407',5,'207008-1','BIELETA B/ESTABILIZADOR EXPERT.','','',23,74,5500,0,2,105,0,0,0,0),(489,'1408',5,'213040-8','BOMBA AGUA 18DTS. 206-C3 1.4 01> SAXO.','','',23,55,8900,0,2,105,0,0,0,0),(490,'1409',5,'213046-7','BOMBA AGUA 19DTS. 206307 1.6 16VAL.','','',23,64,15200,0,1,105,0,0,0,0),(491,'1410',0,'','KIT EMBRAGUE S/ROD BOXER PARTNBERL1.6HDI.','','',23,56,13100,0,0,105,0,0,0,0),(492,'1411',5,'202401-2','KIT EMBRAGUE S/ROD BOXER PARTNBERL1.6HDI.','307 2.0 HDI','',23,56,55000,0,1,105,0,0,0,0),(493,'1412',5,'204045-K','BOMBA BENCINA ELECTRICA  405/505','','',19,55,15000,0,1,105,0,0,0,0),(494,'1413',5,'204062-K','BOMBA CEBADORA  C15  PARTNBERL.','','',19,56,4601,0,1,105,0,0,0,0),(495,'1414',5,'206087-6','BOMBA FRENOT/BENDIX  306 1.4','','',19,64,14500,0,1,105,0,0,0,0),(496,'1415',5,'207144-6','BRAZO SUSP.DERECHO  C-15 205','','',19,55,6600,0,1,105,0,0,0,0),(497,'1416',5,'207143-6','BRAZO SUSP. IZQUIERDO  C-15 205','','',19,55,6600,0,1,105,0,0,0,0),(498,'1417',5,'207107-K','BUJE BANDEJA TRAS. 19MM  306ZX','','',19,61,6000,0,2,105,0,0,0,0),(499,'1418',0,'9944926','BUJIA DELGADA C/RESIST. 205405306206 1.4CLIO','','',21,32,1380,0,10,105,0,0,0,0),(500,'1419',5,'203902-8','BUJIA EXTRA LARGA PTA. PLAT. 3EL 207 1.4 16VA.','C-3 2010 EN ADELAN','',21,46,6125,0,4,105,0,0,0,0),(501,'1420',5,'203986-9','BUJIA INCANDESCENTE PART 12> 301/2008/.','301/PARTN.-5008-508-2008-208-308-3008(HDI 1,6 8V.)/HDI 1,6 8valv. c-elysee/berl 2012/c3picasso/ds3/ds4/ 11,5 vo','',23,64,4943,0,14,105,0,0,0,0),(502,'1421',5,'202090-4','BULBO MARCHA ATRAS PARTBERL.','ENCHUFE GRIS CON SACADITO .HILO CORTO','',23,66,3459,0,1,105,0,0,0,0),(503,'1422',5,'213161-7','BULBO TEMPERATURA SENSOR 106','','',23,64,6000,0,1,105,0,0,0,0),(504,'1423',0,'33190','BULBO TEMPERATURA SENSOR 306106','','',23,64,6000,0,1,105,0,0,0,0),(505,'1424',5,'213716-K','BULBO TEMPERATURA CAFE 306405 ','','',23,64,3000,0,1,105,0,0,0,0),(506,'1425',5,'3713330-2','BULBO TEMPERATURA SENSOR SM3 ','','',23,64,5500,0,1,105,0,0,0,0),(507,'1426',5,'606153-2','CILINDRO FRENO TRASERO C-15 ','','',23,64,7500,0,2,105,0,0,0,0),(508,'1427',6,'1401-10','BASE CARBURADOR 404504505.','','',19,74,5000,0,1,105,0,0,0,0),(509,'1428',6,'1131-042','BULBO ACEITE.','','',19,74,3000,0,0,105,0,0,0,0),(510,'1429',5,'313195-5','FILTRO POLEN DUSTER 2.0.','','',19,107,6696,0,1,105,0,0,0,0),(511,'1430',6,'1109-CJ0','FILTRO ACEITE ELEMENTO BIPPER NEMO 1.3HDI.','','',19,54,2800,0,1,105,0,0,0,0),(512,'1431',6,'R-158802','FUELLE TRANS L/CAJA IZQ. C/ROD CLIO/19 25.5MM.','','',21,57,7000,0,1,105,0,0,0,0),(513,'1432',6,'4745-N4','PIOLA FRENO MANO (C/TAMBOR)206','','',19,57,4800,0,1,105,0,0,0,0),(514,'1433',6,'0956-451','RETENES VALVULA 406 1.8 2.0','','',19,57,10000,0,1,105,0,0,0,0),(515,'1434',6,'0956-051','RETENES VALVULA SILICONA 504505','','',19,57,1500,0,1,105,0,0,0,0),(516,'1435',6,'R-2326A','RETENES VALVULA SILICONA R-1218TL 911','','',21,57,1800,0,1,105,0,0,0,0),(517,'1436',6,'3750-18','ROD.RUEDA DEL. (JGO.1 RUEDA)505504.','','',19,60,8200,0,1,105,0,0,0,0),(518,'1437',6,'3350-308A','ROD.RUEDA DEL. C/ABS 308(T9).','','',19,79,16400,0,2,105,0,0,0,0),(519,'1438',6,'3347-05A','ROD.TRANS DER. BOXER','','',19,57,2000,0,1,105,0,0,0,0),(520,'1439',6,'R-1176-00','ROTULA AXIAL LARGA KANG. 99> CLIOIIMEGSCENI.','','',19,61,5300,0,1,105,0,0,0,0),(521,'1440',6,'3640-620','ROTULA SUSPENCION 207/3012/208/C3PICAS.','','',19,61,6500,0,1,105,0,0,0,0),(522,'1441',0,'','ROD.RUEDA DEL. 6206 2RS','','',19,57,3300,0,4,105,0,0,0,0),(523,'1442',0,'24890','BULBO FRENO 2 PINES KANGOO','','',19,89,4500,0,1,105,0,0,0,0),(524,'1443',0,'12630','BULBO ACEITE MEGANSCEN ','','',19,89,2500,0,1,105,0,0,0,0),(525,'1444',5,'306079-9','BULBO FRENO CLIOII 00>LOGAN/KANGO.','','',21,74,4500,0,1,105,0,0,0,0),(526,'1445',0,'34100','BULBO TEMPERATURA C/L/REL.2PAT','','',21,89,6000,0,1,105,0,0,0,0),(527,'1446',0,'','PLATINO DUCELLIER  5-18GTS','','',21,74,1500,0,4,105,0,0,0,0),(528,'1447',0,'','PLATINO DUCELLIER  2PZA.  504-18TL','','',21,74,1500,0,4,105,0,0,0,0),(529,'1448',0,'670001','FILTRO ACEITE W67/80.','','',21,90,1800,0,1,105,0,0,0,0),(530,'1449',0,'670094','FILTRO ACEITE W914/2','','',21,90,2200,0,1,105,0,0,0,0),(531,'1450',0,'670095','FILTRO ACEITE W914/3','','',21,90,2300,0,1,105,0,0,0,0),(532,'1451',0,'670100','FILTRO ACEITE W914/7','','',21,90,2200,0,1,105,0,0,0,0),(533,'1452',0,'660007','FILTRO BENCINA CHICO WK 31/2','','',21,90,750,0,2,105,0,0,0,0),(534,'1453',0,'','FILTRO BENCINA.','','',21,90,750,0,0,105,0,0,0,0),(535,'1454',0,'660059','FILTRO BENCINA GRANDE WK48/3.','','',21,90,1500,0,1,105,0,0,0,0),(536,'1455',0,'660314','FILTRO BENCINA MEDIANO WK29/5','','',21,90,1600,0,2,105,0,0,0,0),(537,'1456',0,'660062','FILTRO PETROLEO P716/1X EXPRESS','','',21,90,3300,0,1,105,0,0,0,0),(538,'1457',0,'660506','FILTRO PETROLEO PU1021X PARTBERL ','','',21,90,2473,0,3,105,0,0,0,0),(539,'1458',0,'660505','FILTRO PETROLEO PU822X  KANGO ','','',21,90,1800,0,1,105,0,0,0,0),(540,'1459',0,'','FUELLE TRANS. L/RUEDA  EXPERTPARTBERL','','',21,57,2800,0,2,105,0,0,0,0),(541,'1460',5,'607477-4','ACEITE DIR. HIDRAULICA SUSP. ','','',22,73,4822,0,14,105,0,0,0,0),(542,'1461',5,'201204-9','EMP.TAPA VALVULA  3061.8 405 93> ZX 1.8','','',23,91,6390,0,1,105,0,0,0,0),(543,'1462',5,'201205-7','EMP.ESCAPE BAJADA 306 1.4','','',23,91,992,0,2,105,0,0,0,0),(544,'1463',5,'201224-3','EMP.CULATA   306','','',23,91,8418,0,1,105,0,0,0,0),(545,'1464',5,'201226-K','EMP.MULT.ADMISION  405','','',23,91,1472,0,1,105,0,0,0,0),(546,'1465',5,'201230-8','EMP.MULT.ADMISION  3061.42051.4106.','','',23,91,1055,0,4,105,0,0,0,0),(547,'1466',5,'201233-2','EMP.CULATA   PARTDIESEL','','',23,56,2025,0,1,105,0,0,0,0),(548,'1467',5,'201240-5','EMP.TAPA VALVULA 2061.4306205GT AX ZX 106','','',23,91,4350,0,1,105,0,0,0,0),(549,'1468',5,'201240-5','EMP.MULT.ADM/ESC   PARTBERL1.9.','','',23,91,5385,0,2,105,0,0,0,0),(550,'1469',5,'201240-5','EMP.MULT.ADMISION   206','','',23,91,3201,0,1,105,0,0,0,0),(551,'1470',5,'201284-7','EMP.CULATA   206','','',23,56,2539,0,2,105,0,0,0,0),(552,'1471',5,'201296-0','EMP.CULATA   306','','',23,56,2550,0,1,105,0,0,0,0),(553,'1472',5,'201314-2','EMP.CULATA         PARTBERL','','',23,56,10951,0,1,105,0,0,0,0),(554,'1473',5,'201384-3','EMP.CULATA         206','','',23,91,11866,0,1,105,0,0,0,0),(555,'1474',5,'201404-1','EMP.MOTOR 205GT3061.4 2061.4>00','','',23,56,8151,0,1,105,0,0,0,0),(556,'1475',5,'201408-4','EMP.TAPA VALVULA  PARTBERL1.9>99 C-15.','','',23,56,1665,0,1,105,0,0,0,0),(557,'1476',5,'201445-9','EMP.MOTOR  504/505 2.0.','','',23,56,9860,0,1,105,0,0,0,0),(558,'1477',5,'2014503-K','EMP.MULT/ESCAPE  206','','',23,91,5984,0,1,105,0,0,0,0),(559,'1478',5,'201554-4','EMP.CULATA      PARTBERL','','',23,56,11531,0,1,105,0,0,0,0),(560,'1479',5,'201561-7','EMP.CULATA      PARTBERL','','',23,56,11242,0,1,105,0,0,0,0),(561,'1480',5,'201574-9','EMP.CULATA      PARTBERL','','',23,56,11866,0,1,105,0,0,0,0),(562,'1481',5,'201783-0','EMP.CULATA      207','','',23,56,12893,0,1,105,0,0,0,0),(563,'1482',5,'201889-6','EMP.TAPA VALVULA  PARTBERL 1.6HDI 307','','',23,91,4382,0,2,105,0,0,0,0),(564,'1483',5,'203182-5','FAROL DEL.DER.   405','','',19,57,2972,0,1,105,0,0,0,0),(565,'1484',5,'205123-0','EXTREMO DIRECCION   BOXER','','',19,56,5201,0,2,105,0,0,0,0),(566,'1485',5,'205127-3','EXTREMO DIRECCION DER.  405','','',19,56,3258,0,1,105,0,0,0,0),(567,'1486',5,'205203-2','EXTREMO DIRECCION IZQ.  406.','','',19,56,4662,0,1,105,0,0,0,0),(568,'1487',5,'205204-0','EXTREMO DIRECCION DER.  406.','','',19,56,4571,0,1,105,0,0,0,0),(569,'1488',5,'202509-1','EXTREMO DIRECCION 504504911205PARTBERL','','',19,56,3378,0,2,105,0,0,0,0),(570,'1489',5,'210204-8','ENFRIADOR ACEITE PARTBERL 1.6HDI','','',19,56,11295,0,1,105,0,0,0,0),(571,'1490',5,'210211-0','EMP.CULATA  2063071.616VALV','','',19,56,10905,0,1,105,0,0,0,0),(572,'1491',5,'210212-9','EMP.TAPA VALVULA(TAPA PLASTICA)2063071.616V 05>','','',19,91,11001,0,2,105,0,0,0,0),(573,'1492',5,'210224-2','EMP.ESCAPE INFERIOR(CUADRADA) 206307','','',19,56,2946,0,1,105,0,0,0,0),(574,'1493',5,'210231-5','EMP.MULT.ESCAPE   405 ZX','','',19,56,1944,0,1,105,0,0,0,0),(575,'1494',5,'210240-4','EMP.CULATA   206','','',19,56,12548,0,1,105,0,0,0,0),(576,'1495',5,'210245-5','EMP.TAPA VALVULA INF. 01> PARTBERL C-15','','',19,56,1832,0,2,105,0,0,0,0),(577,'1496',5,'210248-K','EMP.TAPA VALVULA SUP. 01> PARTBERL C-15','','',19,56,1974,0,2,105,0,0,0,0),(578,'1497',5,'210250-1','EMP.CULATA 2+3 PART1.6 16V >11.','PARTNER HDI 1,6-EXPERT HDI 1,6 (16V..)','',19,56,15660,0,1,106,0,0,0,0),(579,'1498',5,'210251-K','EMP.CULATA 2+1  PART1.6 16V 08>11.','PARTNER HDI 1,6-EXPERT HDI 1,6 (16V..)','',19,56,15660,0,1,106,0,0,0,0),(580,'1499',5,'210256-0','EMP.CULATA    4053063091.61.81.9','','',19,56,2753,0,1,106,0,0,0,0),(581,'1500',5,'210450-4','EMP.MOTOR S/EMP.CUL.C/RETENES  PARTBERL01> C-15 1.9','','',19,56,19860,0,1,106,0,0,0,0),(582,'1501',5,'210934-4','EMP.TAPA VALVULA JGO.    308 ','','',19,91,13708,0,1,106,0,0,0,0),(583,'1502',5,'210935-2','EMP.CULATA METALICA  308','','',19,91,27032,0,1,105,0,0,0,0),(584,'1503',5,'210936-0','EMP.TAPA VALVULA  301','','',19,91,17990,0,1,105,0,0,0,0),(585,'1504',5,'215155-3','ESPEJO IZQUIERDO C/PERILLA  306','','',19,55,10458,0,1,105,0,0,0,0),(586,'1505',5,'215156-1','ESPEJO DERECHO C/PERILLA  306','','',19,55,10458,0,1,105,0,0,0,0),(587,'1506',5,'301159-3','EMP.TAPA VALVULA GOMA   TRAFIC','','',21,57,978,0,1,105,0,0,0,0),(588,'1507',5,'301176-3','EMP.TAPA VALVULA  R-19 ECLA/DIESEL KANGOO','','',21,61,3308,0,1,105,0,0,0,0),(589,'1508',5,'301197-6','EMP.CULATA R-12/18TL','','',21,56,2493,0,1,105,0,0,0,0),(590,'1509',5,'301201-8','EMP.ESCAPE   R-12TL','','',21,56,522,0,1,105,0,0,0,0),(591,'1510',5,'301227-1','EMP.CULATA  R-19 1.21.4/CLIO1.2 1.4 ENERGY','','',21,56,3530,0,1,105,0,0,0,0),(592,'1511',5,'301233-6','EMP.CULATA  R-18TX 2.0 TRAFICC','','',21,56,2875,0,1,105,0,0,0,0),(593,'1512',5,'301260-3','EMP.CULATA  R-19 1.6','','',21,56,2830,0,1,105,0,0,0,0),(594,'1513',5,'301283-2','EMP.CULATA  CLIOIIMEGSCE 00> K4M..','','',21,56,9969,0,2,105,0,0,0,0),(595,'1514',5,'301379-0','EMP.MOTOR S/EMP.CULATA 19DIES/KANGOO','','',21,56,7697,0,1,106,0,0,0,0),(596,'1515',5,'301385-5','EMP.MOTOR S/RETENES 191.21.4 CLIO 1.21.4','','',21,56,11160,0,1,106,0,0,0,0),(597,'1516',5,'301445-2','EMP.MULT.ESCAPE  191.2 1.4 CLIO','','',21,56,4209,0,1,106,0,0,0,0),(598,'1517',5,'301461-4','EMP.MOTOR S/RETENES  CLIOIIMEGSCE 00> K4M','','',21,56,15483,0,1,106,0,0,0,0),(599,'1518',5,'303231-0','FAROL DEL.DER.  R-12TL','','',21,56,6038,0,1,106,0,0,0,0),(600,'1519',5,'303459-3','FAROL DEL.DER.  R-19','','',21,56,2907,0,1,106,0,0,0,0),(601,'1520',5,'305831-K','EXTREMO DIRECCION IZQ. KANGOOII','','',21,56,6045,0,1,106,0,0,0,0),(602,'1521',5,'305832-8','EXTREMO DIRECCION DER. KANGOOII','','',21,56,6045,0,1,106,0,0,0,0),(603,'1522',5,'305833-6','EXTREMO DIRECCION IZQ. CLIOIIKANGO','','',21,56,3341,0,1,106,0,0,0,0),(604,'1523',5,'305834-4','EXTREMO DIRECCION DER. CLIOIIKANGO','','',21,56,3341,0,1,106,0,0,0,0),(605,'1524',5,'305846-8','EXTREMO DIRECCION IZQ.  MEGANEII','','',21,56,5349,0,1,106,0,0,0,0),(606,'1525',5,'305847-6','EXTREMO DIRECCION DER.  MEGANEII','','',21,56,5349,0,1,106,0,0,0,0),(607,'1526',5,'310175-4','EMP.MULT.ADMISION ORING JGO. CLIOII MEGASCE','','',21,56,2322,0,1,106,0,0,0,0),(608,'1527',5,'310271-8','EMP.MULT.ADMISION 19 1.2 1.4 CLIO','','',21,56,2266,0,1,106,0,0,0,0),(609,'1528',5,'310275-0','EMP.CULATA 1.85MM 3MUESCAS R-19DIESEL/KANGOO','','',21,56,5424,0,1,106,0,0,0,0),(610,'1529',5,'3701284-K','EMP.CULATA  SM3','','',20,56,18262,0,1,105,0,0,0,0),(611,'1530',5,'3705253-1','EXTREMO DIRECCION  SM3','','',20,84,11730,0,2,105,0,0,0,0),(612,'1531',0,'35550','BULBO TEMPERATURA CITROEN/PEUGEOT.','ENCHUFE NEGRO ,GRUESO ,1 PIN GOLILLA MORADA','',21,89,4712,0,1,105,0,0,0,0),(613,'1532',0,'','BULBO TEMPERATURA C/L/REL.2PAT.','','',21,57,8262,0,0,105,0,0,0,0),(614,'1533',5,'213306-7','BULBO TEMPERATURA SENSOR 206HDI.','COLOR VERDE SIN HILO 2PINES /PART.D-37D.-26HDI-PART.HDI 1,6-EXPER.HDI-31HDI 1,6-38/ C3/C2 1.4 HDI/PICASSO/C4 PICASSO 1.8/2.0 BENCINERO','',23,66,2683,0,1,105,0,0,0,0),(615,'1534',0,'33706','BULBO TEMPERATURA SENSOR 307HDI.','COLOR VERDE SIN HILO 2PINES /PART.D-37D.-26HDI-PART.HDI 1,6-EXPER.HDI-31HDI 1,6-38/ C3/C2 1.4 HDI/PICASSO/C4 PICASSO 1.8/2.0 BENCINERO','',23,89,6986,0,1,105,0,0,0,0),(616,'1535',5,'203730-0','CABLE BUJIA 504/505','','',23,83,4517,0,1,105,0,0,0,0),(617,'1536',6,'0816-J2','CADENA DISTRIBUCION 308 1.6.','','',19,31,24690,0,1,105,0,0,0,0),(618,'1537',5,'306165-5','CILINDRO FRENO DER/IZQ C/LLAVE MEGANSCENI.','MEGANE 1,6 C/ABS C/LLAVE','',21,64,9611,0,1,105,0,0,0,0),(619,'1538',5,'103-010','CILINDRO PUERTA JGO. 306.','','',19,55,1980,0,1,105,0,0,0,0),(620,'1539',5,'303178-0','COMANDO LUCES R-12TL.','','',21,74,25972,0,1,105,0,0,0,0),(621,'1540',5,'203065-9','COMANDO LUCES AX/ZX/BX/205/309.','','',23,55,5090,0,1,105,0,0,0,0),(622,'1541',5,'210970-0','TENSOR DISTRIBUCION C15BENC405306205','','',23,60,8498,0,1,105,0,0,0,0),(623,'1542',5,'303159-4','COMANDO LUCES/BOC/INT/LIMP. R-5.','','',21,55,5290,0,1,105,0,0,0,0),(624,'1543',5,'','CONDENSADOR DUCELLIER EMB. 505','','',19,74,750,0,1,105,0,0,0,0),(625,'1544',5,'','CORREA 6PK* 750  C-15 1.9.','','',19,71,5221,0,0,105,0,0,0,0),(626,'1545',0,'','EMP.CARTER 12/18TL..','','',21,92,2186,0,2,105,0,0,0,0),(627,'1546',0,'','EMP.CULATA R-5/4L.','','',21,92,2500,0,2,105,0,0,0,0),(628,'1547',0,'','EMP.CULATA ZXCIT.AX 1062053061.4','','',23,92,3500,0,2,105,0,0,0,0),(629,'1548',0,'','EMP.CULATA 504 1.8','','',23,92,3500,0,2,105,0,0,0,0),(630,'1549',5,'210353-3','EMP.CULATA 5 M  1.9>00 BOXER PARTBERL.','','',23,56,2164,0,1,105,0,0,0,0),(631,'1550',5,'','EMP.ESCAPE 3 PERNOS 505','','',23,56,800,0,2,105,0,0,0,0),(632,'1551',5,'','EMP.MULT.ADMISION 2.0 504/505','','',19,56,1000,0,2,105,0,0,0,0),(633,'1552',5,'','EMP.MULT.ESCAPE R-18TX2.0 TRAFICC','','',21,92,1300,0,2,105,0,0,0,0),(634,'1553',5,'201325-8','EMP.MULT.ESCAPE JGO. 504-505..','','',19,57,888,0,1,105,0,0,0,0),(635,'1554',5,'201251-0','EMP.MULT.ESCAPE JGO. 206/306/2051.4','','',19,57,1500,0,1,105,0,0,0,0),(636,'1555',5,'210229-3','EMP.MULT.ESCAPE JGO. 1.6HDI PARTBERL','ORING USA 4CHICOS Y 4 GRANDES','',19,57,2500,0,1,105,0,0,0,0),(637,'1556',5,'610348-0','EMP.MULT.ESCAPE JGO. 1.6HDI PARTBERL','ORING USA 4CHICOS Y 4 GRANDES','',19,57,2500,0,1,105,0,0,0,0),(638,'1557',5,'','EMP.MULT.ESCAPE 1.6HDI PARTBERL.','','',19,57,2000,0,1,105,0,0,0,0),(639,'1558',5,'','EMP.MULT.ESCAPE 206/3072.0','','',19,57,2600,0,1,105,0,0,0,0),(640,'1559',5,'','EMP.MULT.ADM/ESC  9/11','','',21,57,2000,0,2,105,0,0,0,0),(641,'1560',5,'203501-4','FAROL TRASERO IZQ.  PARTNERBERL..','','',23,55,9952,0,1,105,0,0,0,0),(642,'1561',5,'203502-2','FAROL TRASERO DER.  PARTNERBERL.','','',23,55,9952,0,1,105,0,0,0,0),(643,'1562',5,'203625-8','PLATINO DUCELLIER C/LARGO.','','',23,62,2344,0,2,105,0,0,0,0),(644,'1563',5,'204265-7','FILTRO BENCINA GRANDE 205/405','','',23,52,4265,0,1,105,0,0,0,0),(645,'1564',5,'204266-5','FILTRO BENCINA S/PESTAÑA  306/ZX','','',23,52,3048,0,1,105,0,0,0,0),(646,'1565',5,'210284-6','FILTRO POLEN   208','','',23,52,6435,0,1,105,0,0,0,0),(647,'1565',5,'210284-6','FILTRO POLEN   208','','',23,52,6435,0,0,105,0,0,0,0),(648,'1565',5,'210284-6','FILTRO POLEN   208','','',23,52,6435,0,0,105,0,0,0,0),(649,'1565',5,'210284-6','FILTRO POLEN   208','','',23,52,6435,0,0,105,0,0,0,0),(650,'1565',5,'210284-6','FILTRO POLEN   208','','',23,52,6435,0,0,105,0,0,0,0),(651,'1565',5,'210284-6','FILTRO POLEN   208','','',23,52,6435,0,0,105,0,0,0,0),(652,'1565',5,'210284-6','FILTRO POLEN   208','','',23,52,6435,0,0,105,0,0,0,0),(653,'1565',5,'210284-6','FILTRO POLEN   208','','',23,52,6435,0,0,105,0,0,0,0),(654,'1565',5,'210284-6','FILTRO POLEN   208','','',23,52,6435,0,0,105,0,0,0,0),(655,'1565',5,'210284-6','FILTRO POLEN   208','','',23,52,6435,0,0,105,0,0,0,0),(656,'1565',5,'210284-6','FILTRO POLEN   208','','',23,52,6435,0,0,105,0,0,0,0),(657,'1565',5,'210284-6','FILTRO POLEN   208','','',23,52,6435,0,0,105,0,0,0,0),(658,'1565',5,'210284-6','FILTRO POLEN   208','','',23,52,6435,0,0,105,0,0,0,0),(659,'1565',5,'210284-6','FILTRO POLEN   208','','',23,52,6435,0,0,105,0,0,0,0),(660,'1565',5,'210284-6','FILTRO POLEN   208','','',23,52,6435,0,0,105,0,0,0,0),(661,'1565',5,'210284-6','FILTRO POLEN   208','','',23,52,6435,0,0,105,0,0,0,0),(662,'1565',5,'210284-6','FILTRO POLEN   208','','',23,52,6435,0,0,105,0,0,0,0),(663,'1565',5,'210284-6','FILTRO POLEN   208','','',23,52,6435,0,0,105,0,0,0,0),(664,'1565',5,'210284-6','FILTRO POLEN   208','','',23,52,6435,0,0,105,0,0,0,0),(665,'1565',5,'210284-6','FILTRO POLEN   208','','',23,52,6435,0,0,105,0,0,0,0),(666,'1565',5,'210284-6','FILTRO POLEN   208','','',23,52,6435,0,0,105,0,0,0,0),(667,'1565',5,'210284-6','FILTRO POLEN   208','','',23,52,6435,0,0,105,0,0,0,0),(668,'1565',5,'210284-6','FILTRO POLEN   208','','',23,52,6435,0,0,105,0,0,0,0),(669,'1565',5,'210284-6','FILTRO POLEN   208','','',23,52,6435,0,0,105,0,0,0,0),(670,'1565',5,'210284-6','FILTRO POLEN   208','','',23,52,6435,0,0,105,0,0,0,0),(671,'1565',5,'210284-6','FILTRO POLEN   208','','',23,52,6435,0,0,105,0,0,0,0),(672,'1565',5,'210284-6','FILTRO POLEN   208','','',23,52,6435,0,0,105,0,0,0,0),(673,'1566',5,'210285-4','FILTRO POLEN   BOXER/308','','',23,52,9039,0,1,105,0,0,0,0),(674,'1567',5,'210290-0','FILTRO POLEN   EXPERT','','',23,52,5353,0,1,105,0,0,0,0),(675,'1568',5,'210309-5','FILTRO POLEN   206','','',23,56,3306,0,1,105,0,0,0,0),(676,'1569',5,'201274-k','FILTRO POLEN   206','','',23,62,6435,0,1,105,0,0,0,0),(677,'1570',5,'210329-k','FILTRO AIRE  PARTN MAXI 13>1.6','','',23,52,5612,0,1,105,0,0,0,0),(678,'1571',5,'210336-2','FILTRO ACEITE ELEMENTO  2008/PARTN MAXI','','',23,52,4055,0,1,105,0,0,0,0),(679,'1572',5,'210830-5','FILTRO POLEN  301/C-ELYCEE ','','',23,52,2024,0,1,105,0,0,0,0),(680,'1573',5,'210867-4','FILTRO AIRE   208 1.2.','','',23,52,5328,0,2,105,0,0,0,0),(681,'1574',5,'210890-9','FILTRO POLEN   308','','',23,62,10559,0,1,105,0,0,0,0),(682,'1575',5,'301002-3','FILTRO POLEN   MEGANE II','','',23,62,8738,0,1,105,0,0,0,0),(683,'1576',5,'301084-8','FILTRO AIRE  MASTER 2.3','','',23,52,5991,0,1,105,0,0,0,0),(684,'1577',5,'301212-3','FILTRO AIRE    CLIO 1.2  1.4/19 1.4','','',23,52,3430,0,1,105,0,0,0,0),(685,'1578',5,'301215-8','FILTRO AIRE   LOGAN CLIO II 8VAL 00>','','',23,52,3955,0,1,105,0,0,0,0),(686,'1579',5,'301217-4','FILTRO AIRE  CLIOII MEGSCEN 00> 1.6 16VAL K4M','','',21,52,2533,0,1,105,0,0,0,0),(687,'1580',5,'301272-7','FILTRO AIRE  MEGIII KANGOOII 1.5.','','',21,52,3869,0,1,105,0,0,0,0),(688,'1581',5,'301339-1','CORREA 6PK*1500  CLIO','','',21,71,9332,0,1,105,0,0,0,0),(689,'1582',5,'303216-7','FAROL TAPAB. BLANCO CLIOII','','',21,57,3229,0,2,105,0,0,0,0),(690,'1583',5,'303442-9','FAROL DEL.DER. MEGANE >01','','',21,57,4788,0,1,105,0,0,0,0),(691,'1584',5,'310156-8','FILTRO AIRE NEW SYMBOL  14>','','',21,52,4275,0,1,105,0,0,0,0),(692,'1585',5,'310158-4','FILTRO AIRE CLIO IV 1.2','','',21,62,13353,0,1,105,0,0,0,0),(693,'1586',5,'310160-6','FILTRO POLEN CLIO IV NEW SYMBOL','','',21,52,4641,0,1,105,0,0,0,0),(694,'1587',5,'310170-3','FILTRO ACEITE CAPTUR DOKKER.','','',21,52,3762,0,1,105,0,0,0,0),(695,'1588',5,'310291-2','FILTRO POLEN MEGANE III ','','',21,62,10584,0,0,105,0,0,0,0),(696,'1589',5,'310303-k','FILTRO AIRE  MEGANE III 11>.','','',21,53,10284,0,0,105,0,0,0,0),(697,'1590',5,'310307-2','FILTRO POLEN LOGAN CLIO II ','','',21,52,3401,0,1,105,0,0,0,0),(698,'1591',5,'310321-8','FILTRO ACEITE ELEMENTO  MASTER /ALASKAN','','',21,52,3805,0,1,105,0,0,0,0),(699,'1592',5,'3701326-9','FILTRO POLEN   SM3/SCENIC 1.6 C/LLAVE 00-03.','','',21,84,3372,0,2,105,0,0,0,0),(700,'1593',5,'201009-7','FILTRO AIRE C-3 1.4 10>','','',21,52,3139,0,1,105,0,0,0,0),(701,'1594',5,'201173-5','FILTRO AIRE  C/TAPA 205/306','','',21,52,3258,0,1,105,0,0,0,0),(702,'1595',5,'201247-2','EMP.TAPA VALVULA PARTN BERL >00 C-15','','',21,91,4992,0,1,105,0,0,0,0),(703,'1596',5,'201265-0','FILTRO ACEITE  406/4072.0 /208.','P26 1,4>01,406HDI-407HDI-PART.D.>07-BOXER (TODOS)-28 1,2/PIC 2.0 HDI/JUMPER','',21,53,2988,0,1,105,0,0,0,0),(704,'1597',5,'201267-7','FILTRO ACEITE  ELEMENTO HU612X   206 C-3','','',21,52,2598,0,1,105,0,0,0,0),(705,'1598',5,'201276-6','FILTRO AIRE   306 1.6 01>','','',19,52,3301,0,1,105,0,0,0,0),(706,'1599',5,'201570-6','FILTRO POLEN T/MARELLI 308','','',19,62,9617,0,1,105,0,0,0,0),(707,'1600',5,'201966-3','FILTRO AIRE C 3282  PARTN BERT 1.6 HDI','','',19,93,3211,0,1,105,0,0,0,0),(708,'1601',5,'203204-k','FAROL TAPAB.  206 (PUNTO BLANCO)','','',19,57,1719,0,2,105,0,0,0,0),(709,'1602',5,'203210-4','FAROL TAPAB.  AMBAR 306','','',19,57,1508,0,2,105,0,0,0,0),(710,'1603',5,'203224-4','FAROL DEL.IZQ.  PARTNER >03','','',19,57,3266,0,1,105,0,0,0,0),(711,'1604',5,'203229-5','FAROL TAPAB. AMBAR PARTN ','','',19,57,2274,0,2,105,0,0,0,0),(712,'1605',5,'203330-9','FAROL TAPAB. BLANCO PARTNER ','','',19,57,2292,0,2,105,0,0,0,0),(713,'1606',5,'203264-3','FAROL TAPAB. TRASPARE  206','','',19,57,1652,0,2,105,0,0,0,0),(714,'1607',5,'203341-0','FAROL DEL.IZQ.  505','','',19,57,1887,0,1,105,0,0,0,0),(715,'1608',5,'203342-9','FAROL DEL.DER  505','','',19,57,1887,0,1,105,0,0,0,0),(716,'1609',5,'203364-k','FAROL DEL.DER  205','','',19,57,3571,0,1,105,0,0,0,0),(717,'1610',5,'203365-8','FAROL DEL.IZQ.  306','','',19,57,4884,0,1,105,0,0,0,0),(718,'1611',5,'203366-6','FAROL DEL.DER.  306  ','','',19,57,4788,0,1,105,0,0,0,0),(719,'1612',5,'203448-4','FAROL TRASERO IZQ.  206 05>','','',19,57,12359,0,1,105,0,0,0,0),(720,'1613',5,'203449-2','FAROL TRASERO DER.  206  05>','','',19,57,12359,0,1,105,0,0,0,0),(721,'1614',5,'203450-6','FAROL PATENTE PARTN 206 ','','',19,57,2768,0,0,105,0,0,0,0),(722,'1615',0,'','EMP.MULT.ADM/ESC.  R-12/18TL.','','',21,92,1700,0,2,105,0,0,0,0),(723,'1616',0,'','EMP.TAPA DISTRIBUCION 504/505..','','',21,57,800,0,0,105,0,0,0,0),(724,'1617',0,'','EMP.TAPA VALVULA  504/505.','','',21,92,1500,0,3,105,0,0,0,0),(725,'1618',0,'','EMP.TAPA VALVULA  206 1.4HDI','','',21,57,1500,0,1,105,0,0,0,0),(726,'1619',0,'','FILTRO AIRE  208 1.2.','','',19,57,3500,0,0,105,0,0,0,0),(727,'1620',0,'','FILTRO AIRE  EXPERT2.0HDI 13>','','',19,52,6100,0,1,105,0,0,0,0),(728,'1621',0,'','FILTRO AIRE  2071.4 TRENDY 16VAL','','',19,52,3800,0,1,105,0,0,0,0),(729,'1622',0,'','FILTRO AIRE  207 C-3 1444-VL','','',19,52,2600,0,1,105,0,0,0,0),(730,'1623',0,'','FILTRO ACEITE ELEMENTO HU7033Z','','',19,90,4300,0,1,105,0,0,0,0),(731,'1624',0,'','FILTRO ACEITE ELEMENTO MASTER','','',19,52,3100,0,1,105,0,0,0,0),(732,'1625',0,'','FILTRO PETROLEO BF702X/PU723X','','',19,90,7500,0,1,105,0,0,0,0),(733,'1626',0,'','HORQUILLA EMBRAGUE BOXHDI','','',19,57,5200,0,1,105,0,0,0,0),(734,'1627',5,'304386-k','INYECTOR MULTIPUNTO CLIOIIMEGSCE.','','',19,94,16893,0,4,105,0,0,0,0),(735,'1628',5,'307155-3','BUJE SUSPENSION TRAS.43*77*28  R-19CLIO','','',21,57,3500,0,2,105,0,0,0,0),(736,'1629',5,'213097-7','BULBO ELECTROVENT. 97/92º 2PAT  106306','','',23,66,3000,0,1,105,0,0,0,0),(737,'1630',5,'206093-0','BULBO FRENO CORTO  206','','',23,66,2500,0,1,105,0,0,0,0),(738,'1631',5,'210838-0','CORREA 6PK*1090   307HDI','','',23,71,4500,0,1,105,0,0,0,0),(739,'1632',5,'201654-0','CORREA 6PK*1739 C/A/A XASARA ','','',23,71,4500,0,1,105,0,0,0,0),(740,'1633',5,'203126-4','CHAPA CONTACTO PARTBERL >03','','',23,55,5500,0,2,105,0,0,0,0),(741,'1634',5,'203108-6','CHAPA CONTACTO 205309','','',23,55,3000,0,1,105,0,0,0,0),(742,'1635',5,'201202-2','EMP.CULATA   306 1.6','','',23,91,12000,0,1,105,0,0,0,0),(743,'1636',5,'210254-4','EMP.CULATA   306 1.6','','',23,56,2540,0,1,105,0,0,0,0),(744,'1637',5,'210241-2','EMP.CULATA 4 M 2061.4HDI','','',23,56,10390,0,1,105,0,0,0,0),(745,'1638',5,'301150-k','EMP.TAPA VALVULA  12/18TL','','',23,56,500,0,1,105,0,0,0,0),(746,'1639',5,'101400-5','EMP.MOTOR VISA/2CV','','',23,91,14000,0,1,105,0,0,0,0),(747,'1640',5,'305753-4','EXTREMO DIRECCION  R-5','','',23,55,2000,0,2,105,0,0,0,0),(748,'1641',5,'','FILTRO PETROLEO 308/3008.','','',23,52,8000,0,1,105,0,0,0,0),(749,'1642',5,'','MAZA RUEDA DEL. 106 91> 205','','',23,50,6200,0,1,105,0,0,0,0),(750,'1643',5,'201487-4','MANGUERA GASES  106/206','','',19,31,13923,0,1,105,0,0,0,0),(751,'1644',5,'201501-3','GUAS VALVULA (4)?? EXPERT ','','',19,31,7988,0,2,105,0,0,0,0),(752,'1645',5,'202238-9','HORQUILLA EMBRAGUE  206 1.4 1.6','','',19,31,9312,0,1,105,0,0,0,0),(753,'1646',5,'202257-5','FUELLE TRANS.L/CAJA  PARTN MAXI ','','',19,31,4594,0,2,105,0,0,0,0),(754,'1647',5,'202271-0','FUELLE TRANS.L/CAJA  206 1.4 1.6','','',19,31,2370,0,2,105,0,0,0,0),(755,'1648',5,'202272-9','FUELLE TRANS.L/RUEDA  206','','',19,31,3010,0,2,105,0,0,0,0),(756,'1649',5,'202292-3','FUELLE TRANS.L/RUEDA  206','','',19,31,3163,0,2,105,0,0,0,0),(757,'1650',5,'202302-4','KIT EMBRAGUE COMP. PART 1.6 8VAL 12> 301/C-ELYSEE.','','',19,95,67877,0,1,105,0,0,0,0),(758,'1651',5,'202390-3','KIT EMBRAGUE S/ROD. 306 206 1.6 8VAL >99','','',19,95,35816,0,1,105,0,0,0,0),(759,'1652',5,'202393-8','KIT EMBRAGUE S/ROD. 206307C-4 1.6 16VALV BENC','','',19,95,36576,0,1,105,0,0,0,0),(760,'1653',5,'202471-3','KIT EMBRAGUE COMP. 207COMPAC BIPPER/NEMO','','',19,95,41568,0,1,105,0,0,0,0),(761,'1654',5,'203285-6','INT.ALZAVIDRIO S/LUZ 405/505','','',19,89,4391,0,2,105,0,0,0,0),(762,'1655',5,'204295-9','FILTRO PETROLEO  308','','',19,57,11887,0,2,105,0,0,0,0),(763,'1656',5,'204314-9','INYECTOR AZUL 206 1.4 1.6','','',19,31,20798,0,2,105,0,0,0,0),(764,'1657',5,'205242-3','FUELLE CREM.DIR.DER. PARTBERL505405','','',19,31,1603,0,2,105,0,0,0,0),(765,'1658',5,'205554-6','MAZA RUEDA DEL. 306/106 91>','','',19,31,6986,0,1,105,0,0,0,0),(766,'1659',5,'207093-6','GOMA B/ESTB.CENTRAL AZUL 205','','',19,31,520,0,2,105,0,0,0,0),(767,'1660',5,'207396-k','GOMA B/ESTB.LAT. EXPERT','','',19,31,4277,0,2,105,0,0,0,0),(768,'1661',5,'209035-k','MANILLA EXT.PTA.CORREDERA  PARTBERL','','',19,56,8891,0,1,105,0,0,0,0),(769,'1662',5,'209237-9','LOGO MASCARA 206','','',19,56,3828,0,1,105,0,0,0,0),(770,'1663',5,'209348-0','MANILLA PTA.EXT.IZQ.  504','','',19,56,5204,0,1,105,0,0,0,0),(771,'1664',5,'209382-0','MANILLA PTA.EXT.DER./PORTON  PARTBERL','','',19,56,5588,0,1,105,0,0,0,0),(772,'1665',5,'209392-8','MASCARA  206','','',19,57,4815,0,1,105,0,0,0,0),(773,'1666',5,'209454-1','MANILLA ALZA VIDRIO NEG.  PARTBERL','','',19,57,1990,0,2,105,0,0,0,0),(774,'1667',5,'210303-6','GUAS VALVULA BOXER (4) ??? BOXERPARTBERL','','',19,57,6728,0,2,105,0,0,0,0),(775,'1668',5,'212304-5','KIT ROD.SUSP.TRASERA  PARTBERL','','',19,50,9069,0,2,105,0,0,0,0),(776,'1669',5,'212305-3','KIT ROD.SUSP.TRASERA  306','','',19,50,5612,0,2,105,0,0,0,0),(777,'1670',5,'213301-6','MANGUERA SUP.RADIADOR PARTBERL','','',19,57,4233,0,1,105,0,0,0,0),(778,'1671',5,'213347-4','MANGUERA DEP. A RAD.SUP. PARTBERL','','',19,31,3835,0,1,105,0,0,0,0),(779,'1672',5,'213374-1','MANGUERA SUP.RADIADOR  405 93>','','',19,57,9527,0,1,105,0,0,0,0),(780,'1673',5,'213404-7','MANGUERA INF.RADIADOR DOBLE  PARTBERL','','',19,57,19942,0,1,105,0,0,0,0),(781,'1674',5,'213414-4','MANGUERA INF.RADIADOR  206','','',19,57,7067,0,1,105,0,0,0,0),(782,'1675',5,'213416-0','MANGUERA DEP. A RAD.SUP.  206','','',19,31,2798,0,1,105,0,0,0,0),(783,'1676',5,'213454-3','MANGUERA SUP.RADIADOR  1.6HDI PARTBERL','','',19,31,2946,0,1,105,0,0,0,0),(784,'1677',5,'213500-0','MANGUERA SUP.RADIADOR  307 1.6 ???','','',19,31,3840,0,1,105,0,0,0,0),(785,'1678',5,'213501-9','MANGUERA SUP.RADIADOR  206','','',19,57,3990,0,0,105,0,0,0,0),(786,'1679',5,'213945-6','MANGUERA DEP. A RAD. PARTBERL','','',19,31,4074,0,1,105,0,0,0,0),(787,'1680',5,'301557-2','METAL BIELA STD. 4S/12/18TL CLIOII','','',19,57,4165,0,1,105,0,0,0,0),(788,'1681',5,'302226-9','FUELLE TRANS.L/RUEDA COMP.  LOGAN ','','',19,57,6295,0,2,105,0,0,0,0),(789,'1682',5,'302247-1','FUELLE TRANS.L/RUEDA   CLIOII','','',19,57,2891,0,2,105,0,0,0,0),(790,'1683',5,'302252-8','FUELLE TRANS.L/CAJA IZQ.C/ROD. R-19/25.5MM.','','',21,57,7513,0,1,105,0,0,0,0),(791,'1684',5,'302414-8','KIT EMBRAGUE S/ROD. CLIOII','','',19,95,35681,0,1,105,0,0,0,0),(792,'1685',5,'302415-6','KIT EMBRAGUE S/ROD. KANGOO1.9','','',19,95,41160,0,1,105,0,0,0,0),(793,'1686',5,'302441-5','KIT EMBRAGUE S/ROD. MEGANEIII','','',21,95,41913,0,1,105,0,0,0,0),(794,'1687',5,'303308-2','INT.LUZ EMERGENCIA  CLIO II','','',21,55,3391,0,1,105,0,0,0,0),(795,'1688',5,'303322-8','INT.LUZ EMERGENCIA KANGOO','','',21,55,2590,0,1,105,0,0,0,0),(796,'1689',5,'303941-2','INT.ALZAVIDRIO 5 PINES CLIO II','','',21,55,2947,0,1,105,0,0,0,0),(797,'1690',5,'304263-4','FILTRO PETROLEO DOKKER CLIOIV CAPTUR','','',21,52,10310,0,1,105,0,0,0,0),(798,'1691',5,'305218-4','FUELLE CREM.DIR.IZQ. CLIOII','','',21,57,2652,0,1,105,0,0,0,0),(799,'1692',5,'305219-2','FUELLE CREM.DIR.DER.  CLIOII','','',21,57,2652,0,1,105,0,0,0,0),(800,'1693',5,'305220-6','FUELLE CREM.DIR.  4S ','','',21,57,1130,0,2,105,0,0,0,0),(801,'1694',5,'305482-9','MAZA RUEDA DEL.  R-12/18','','',21,57,6462,0,2,105,0,0,0,0),(802,'1695',5,'305484-5','MAZA RUEDA DEL.  CLIOII','','',21,57,5937,0,2,105,0,0,0,0),(803,'1696',5,'307228-2','GOMA B/ESTABIL.CENTRAL   MEGANE','','',21,57,879,0,2,105,0,0,0,0),(804,'1697',5,'307252-5','GOMA B/ESTABIL.PUNTA  R-19/MEGANE','','',21,57,1321,0,2,105,0,0,0,0),(805,'1698',5,'307660-1','GOMA B/ESTABIL.PUNTA  CLIOIIMEGA','','',21,57,2512,0,2,105,0,0,0,0),(806,'1699',5,'309345-k','MANILLA INT.PTA.DER.  R-19/MEGAN','','',21,57,1576,0,1,105,0,0,0,0),(807,'1700',5,'309368-9','MANILLA ALZAVIDRIO CLIOII MEG SCENIC','','',21,57,1652,0,2,105,0,0,0,0),(808,'1701',5,'313401-6','MANGUERA CALEFACCION CORTA CLIO II','','',21,57,8209,0,1,105,0,0,0,0),(809,'1702',5,'313422-9','MANGUERA CALEFACCION INF.DOBLE KANGOO 1.9','','',21,57,15808,0,1,105,0,0,0,0),(810,'1703',5,'313430-k','MANGUERA DEP. A RAD. MEGANEII','','',21,57,4209,0,1,105,0,0,0,0),(811,'1704',5,'3713622-0','MANGUERA INF.RADIADOR  SM3','','',21,57,6356,0,1,105,0,0,0,0),(812,'1705',0,'201660-5','TENSOR CORREA ALTERNADOR PARTBERL1.9 00>BOXERHDI3072.0HDI','','',19,96,23292,0,1,105,0,0,0,0),(813,'1706',5,'201714-8','SOPORTE MOTOR DERECHO(PERA GRANDE)PARTBERL C-15 ','','',19,57,5935,0,1,105,0,0,0,0),(814,'1707',5,'201718-0','SOPORTE MOTOR IZQUIERDO 306205405.','','',19,57,2773,0,2,105,0,0,0,0),(815,'1708',5,'201719-9','SOPORTE MOTOR DERECHO(PERA CHICO) 205405306','','',19,57,4851,0,0,105,0,0,0,0),(816,'1709',5,'201732-6','SOPORTE MOTOR TRAS.65MM  306206205','','',19,57,2773,0,1,105,0,0,0,0),(817,'1710',5,'201740-7','SOPORTE MOTOR TRAS.70MM  PARTBERL.','','',19,57,2888,0,1,105,0,0,0,0),(818,'1711',5,'201742-3','SOPORTE ESCAPE  205/405','','',19,57,745,0,2,105,0,0,0,0),(819,'1712',5,'201798-9','TENSOR CADENA DISTRIB.  504/505','','',19,57,4368,0,1,105,0,0,0,0),(820,'1713',5,'201946-9','SOPORTE MOTOR IZQUIERDO  PARTBERLIN','','',19,57,6992,0,1,105,0,0,0,0),(821,'1714',5,'202347-4','PIÑON CUENTAKILOMETRO(SINFIN)  405206/PARTNER','','',19,31,4373,0,1,105,0,0,0,0),(822,'1715',5,'202720-8','SEGURO TRANSMISION PART/205/306/106/405ZX','','',19,57,2351,0,2,105,0,0,0,0),(823,'1716',5,'202732-1','SEGURO PIOLA EMBRAGUE  PARTBERL 1.9','','',19,57,2424,0,1,105,0,0,0,0),(824,'1717',5,'202732-1','SEGURO PIOLA EMBRAGUE  PARTBERL 1.9','','',19,57,2424,0,0,105,0,0,0,0),(825,'1718',5,'203691-6','SENSOR CIGUEÑAL(CAPTOR VOLANTE) BOXER','','',19,31,8301,0,1,105,0,0,0,0),(826,'1719',5,'203751-3','SENSOR CUENTAKILOMETRO 3VIAS 306206307PARTBER','','',19,57,3801,0,1,105,0,0,0,0),(827,'1720',5,'203829-3','SENSOR CIGUEÑAL(CAPTOR VOLANTE) 206/C-2C-3C-4','','',19,57,10150,0,1,105,0,0,0,0),(828,'1721',5,'204121-9','SENSOR CIGUEÑAL(CAPTOR VOLANTE) 206','','',19,57,6369,0,1,105,0,0,0,0),(829,'1722',5,'204167-7','SENSOR OXIGENO 4VIAS  PARTBERL 206/307','','',19,50,13952,0,2,105,0,0,0,0),(830,'1723',5,'204192-8','SENSOR MAP   206/106/307','','',19,50,6212,0,2,105,0,0,0,0),(831,'1724',5,'204204-5','SENSOR FILTRO PETROLEO(DETECTOR AGUA) PARTBERL 1.9 02>','','',19,31,16839,0,1,105,0,0,0,0),(832,'1725',5,'204296-7','TUERCA BBA.COMBUSTIBLE 206','','',19,31,2751,0,1,105,0,0,0,0),(833,'1726',5,'204699-7','TUERCA BBA.COMBUSTIBLE PARTBERL','','',19,31,2138,0,1,105,0,0,0,0),(834,'1727',5,'204418-8','SENSOR PETROLEO PARTBERL1.6HDI/308/3008','','',19,31,24458,0,1,105,0,0,0,0),(835,'1728',5,'204693-8','SENSOR GOLPETEO  206/PARTBERL','','',19,50,9340,0,1,105,0,0,0,0),(836,'1729',5,'205060-9','ROTULA AXIAL  504','','',19,55,2092,0,2,105,0,0,0,0),(837,'1730',5,'205061-7','ROTULA AXIAL 205/309 C-15/XANTIA','','',19,55,2201,0,2,105,0,0,0,0),(838,'1731',5,'205072-2','ROTULA AXIAL 206/207COMPAC','','',19,55,3036,0,2,105,0,0,0,0),(839,'1732',5,'205093-5','ROTULA AXIAL 308/3008/5008/C-4 12>/DS4','','',19,56,4688,0,2,105,0,0,0,0),(840,'1733',5,'205125-7','ROTULA AXIAL 307 06> C-4','','',19,56,4704,0,2,105,0,0,0,0),(841,'1734',5,'205170-2','ROTULA AXIAL 206/207COMPACT','','',19,56,4272,0,2,105,0,0,0,0),(842,'1735',5,'205177-k','ROTULA AXIAL 306ZX/PARTBER1.91.6XARA','','',19,56,3781,0,2,105,0,0,0,0),(843,'1736',5,'207111-8','BUJE BANDEJA(P/PATO)  405','','',19,56,3142,0,2,105,0,0,0,0),(844,'1737',5,'207352-8','BANDEJA IZQUIERDA  PARTBERL 01>11','','',19,55,16856,0,1,105,0,0,0,0),(845,'1738',5,'207352-8','BANDEJA DERECHA PARTBERL 01>11 ','','',19,55,16856,0,1,105,0,0,0,0),(846,'1739',5,'207706-k','ROTULA SUSPENSION 405 97> ','','',19,56,4528,0,2,105,0,0,0,0),(847,'1740',5,'207706-k','ROTULA SUSPENSION CORTA 16MM PARTBERL','','',19,56,5177,0,4,105,0,0,0,0),(848,'1741',5,'207732-9','ROTULA SUSPENSION CORTA 18MM  PARTBERL306','','',19,56,4226,0,2,105,0,0,0,0),(849,'1742',5,'207745-0','ROTULA SUSPENSION LARGA 18MM  PARTBERL','','',19,56,4192,0,2,105,0,0,0,0),(850,'1743',5,'207729-9','ROTULA SUSPENSION 16MM  106/AX','','',19,56,4193,0,2,105,0,0,0,0),(851,'1744',5,'207740-k','ROTULA SUSPENSION 16MM  BOXER HDI','','',19,56,5558,0,2,105,0,0,0,0),(852,'1745',5,'207752-3','ROTULA SUSPENSION  504/505','','',19,56,2407,0,2,105,0,0,0,0),(853,'1746',5,'207758-2','ROTULA SUSPENSION  307/PARTBERL MAXITEPEE 12> ','','',19,56,4274,0,2,105,0,0,0,0),(854,'1747',5,'207778-7','ROTULA SUSPENSION  301/C-ELYSEE/208/2008/C-4CACTUS','','',19,56,6945,0,2,105,0,0,0,0),(855,'1748',5,'210428-8','ROTULA MOTOR T/BIELETA  301/C-ELYSEE ','','',19,56,7030,0,1,105,0,0,0,0),(856,'1749',5,'210502-0','SOPORTE MOTOR ANCLAJE(PERA) PARTBERL.','','',19,56,7288,0,2,105,0,0,0,0),(857,'1750',5,'210557-8','SOPORTE MOTOR ANCLAJE(JGO) 206','','',19,56,4361,0,1,105,0,0,0,0),(858,'1751',5,'210594-2','TENSOR CORREA ALT.C/A/A 3072.0/407/XARAPI2.0','','',19,96,26914,0,0,105,0,0,0,0),(859,'1752',5,'210673-6','TENSOR CORREA ALT.SUP.PART1.6HDI/EXPERT','','',19,96,20749,0,0,105,0,0,0,0),(860,'1753',5,'210821-6','SOPORTE MOTOR IZQ. 206/307','','',19,56,3366,0,0,105,0,0,0,0),(861,'1754',5,'210855-0','SOPORTE MOTOR ANCLAJE(PERA) PARTBE1.6HDI','','',19,56,6216,0,0,105,0,0,0,0),(862,'1755',5,'210945-k','SOPORTE MOTOR DERECHO SUP. 3071.6/C-4','','',19,61,23461,0,0,105,0,0,0,0),(863,'1756',5,'213333-9','TENSOR CORREA ALT. PARTMAX12>301/C-ELYSEE','','',19,56,12946,0,0,105,0,0,0,0),(864,'1757',5,'212496-3','TENSOR CORREA ALT. PARTBERL1.6HDI EXPERT ','','',19,50,10699,0,0,105,0,0,0,0),(865,'1758',5,'212504-8','TENSOR CORREA ALT. PARTBERL1.9 BOXER','','',19,50,10947,0,0,105,0,0,0,0),(866,'1759',5,'212527-7','TENSOR CORREA ALT. C/A/A BIPPER/NEMO 1.3HDI','','',19,31,25894,0,0,105,0,0,0,0),(867,'1760',5,'212591-9','TENSOR CORREA DISTRIB. 206 1.4 01> BIPPER','','',19,96,16102,0,0,105,0,0,0,0),(868,'1761',5,'212599-4','TENSOR CORREA ALT.C/A/A  206/207COMPAC BIPPER 1.4','','',19,50,9989,0,0,105,0,0,0,0),(869,'1762',5,'212633-8','TENSOR CORREA ALT.C/A/A  301 1.6BEN 2071.416V C-2/C-3/-C4','','',19,31,26255,0,0,105,0,0,0,0),(870,'1763',5,'212779-2','TENSOR CORREA ALT.S/A/A  2061.4 1.6','','',19,50,7131,0,0,105,0,0,0,0),(871,'1764',5,'212785-7','TENSOR CORREA ALTER.C/SOPORTE  306 1.4 1.6','','',19,50,8653,0,0,105,0,0,0,0),(872,'1765',5,'213158-7','SENSOR FILTRO PETROLEO WK939/2  PARTBERL1.6HDI.','','',19,31,19993,0,2,105,0,0,0,0),(873,'1766',5,'213479-9','TAPA TERMOSTATO  PARTBERL 1.9','','',19,61,2449,0,0,105,0,0,0,0),(874,'1767',5,'213735-6','TAPA RADIADOR LILA  PARTBERL 1.9','','',19,31,6115,0,0,105,0,0,0,0),(875,'1768',5,'213758-5','TAPA RADIADOR  206307 C-3 C-4','','',19,61,2688,0,-1,105,0,0,0,0),(876,'1770',5,'301759-1','SOPORTE MOTOR DER. R-19ECLAIR CLIO1.6 >99.','','',19,61,7712,0,1,105,0,0,0,0),(877,'1771',5,'301765-6','SOPORTE ESCAPE  R-19.','','',19,61,747,0,4,105,0,0,0,0),(878,'1772',5,'301792-3','TAPA ACEITE  R-19.','','',19,56,1525,0,1,105,0,0,0,0),(879,'1773',5,'301702-8','SOPORTE MOTOR DER.C/TACO 00> MEG SCEN.','','',21,56,11891,0,1,105,0,0,0,0),(880,'1774',5,'301818-0','TENSOR CORREA DIST.INF. R-19 MEG>00','','',21,56,8722,0,1,105,0,0,0,0),(881,'1775',5,'301822-9','TENSOR CORREA DIST.SUP. R-19/MEG>00','','',21,56,8690,0,1,105,0,0,0,0),(882,'1776',5,'301824-5','TENSOR CORREA DIST. 8VAL CLIOIIMEGKANGOSYMBOL 00>','','',21,96,14130,0,1,105,0,0,0,0),(883,'1778',5,'301830-K','TENSOR CORREA ALT.S/A/A CLIOII','','',21,96,14689,0,1,105,0,0,0,0),(884,'1779',5,'302744-9','SOPORTE MOTOR CENTRAL MEGANE II','','',21,57,11472,0,1,105,0,0,0,0),(885,'1780',5,'303717-7','SENSOR CUENTAKILOMETRO CLIOII MEG SCEN','','',21,50,9611,0,2,105,0,0,0,0),(886,'1781',5,'303756-8','TAPA DISTRIBUIDOR T/BOSCH','','',21,74,1890,0,1,105,0,0,0,0),(887,'1782',5,'303758-4','TAPA DISTRIBUIDOR C/FIJO  R-12','','',21,74,2785,0,1,105,0,0,0,0),(888,'1783',5,'303762-2','TAPA DISTRIBUIDOR C/FLOTANTE  R-12','','',21,74,2507,0,1,105,0,0,0,0),(889,'1784',5,'305078-5','ROTULA AXIAL  MEGANE III','','',21,56,5278,0,3,105,0,0,0,0),(890,'1785',5,'307372-6','ROTULA SUSPENSION R-19/CLIOII/MEGSCENI.','','',21,56,3733,0,2,105,0,0,0,0),(891,'1786',5,'307638-5','ROTULA SUSPENSION  NEWSYMBOL/DOKKER','','',21,57,5241,0,2,105,0,0,0,0),(892,'1787',5,'307679-2','ROTULA SUPERIOR   R-12/18TL','','',21,57,2711,0,2,105,0,0,0,0),(893,'1788',5,'307681-4','ROTULA SUPERIOR   R-5/4S','','',21,57,2932,0,2,105,0,0,0,0),(894,'1789',5,'307695-4','ROTULA INFERIOR DER. R-5','','',21,57,2621,0,1,105,0,0,0,0),(895,'1790',5,'307704-7','ROTULA INFERIOR IZQ.  R-5','','',21,57,2664,0,1,105,0,0,0,0),(896,'1791',5,'310577-6','SOPORTE  MOTOR CENTRAL CLIOIIMEGSCE','','',21,57,5352,0,1,105,0,0,0,0),(897,'1792',5,'310605-5','TENSOR CORREA ALT.C/A/A CLIOII MEGSCE 00>','','',21,57,25604,0,1,105,0,0,0,0),(898,'1793',5,'310650-0','TENSOR CORREA DISTRIB. CLIOII1.616V 00>','','',21,55,7170,0,1,105,0,0,0,0),(899,'1794',5,'310664-0','SOPORTE MOTOR DER.C/TACO 00> CLIOII KANG1.6','','',21,55,14503,0,1,105,0,0,0,0),(900,'1795',5,'312640-4','TENSOR CORREA DISTRIB. 191.4/CLIO1.2/EXPRESS','','',21,96,9571,0,1,105,0,0,0,0),(901,'1796',5,'313782-1','TAPA DEPOSITO AGUA CLIOII','','',21,57,2874,0,1,105,0,0,0,0),(902,'1797',5,'313798-8','TAPA DEPOSITO AGUA 19/CLIO/205','','',21,57,1890,0,1,105,0,0,0,0),(903,'1798',5,'','METAL BIELA STD. 205106306ZX 1.4','','',19,57,4900,0,1,105,0,0,0,0),(904,'1799',5,'','MODULO ENCENDIDO 205/405/309','','',19,50,6000,0,1,105,0,0,0,0),(905,'1800',5,'','MOTOR ELECTROVENTILADOR C/A/A 206','','',19,50,17500,0,1,105,0,0,0,0),(906,'1801',5,'','PASTILLA FRENO C/LATA KANGO1.6/2061.4','','',19,56,7300,0,1,105,0,0,0,0),(907,'1802',5,'','PLATINO CITRONETA 2CV','','',19,57,3100,0,1,105,0,0,0,0),(908,'1803',5,'','PLATINO DUCELLIER 2PZA. 504','','',19,62,2000,0,1,105,0,0,0,0),(909,'1804',5,'','RETEN CIG. 80*100*13 R-19 1.6','','',19,57,2500,0,1,105,0,0,0,0),(910,'1805',5,'','ROD.RUEDA TRAS.INT. 32005 EXT=504/505','','',19,57,3000,0,2,105,0,0,0,0),(911,'1806',5,'','ROTULA AXIAL','','',19,57,5000,0,2,105,0,0,0,0),(912,'1807',5,'','ROTULA AXIAL R-19/505','','',19,57,3500,0,2,105,0,0,0,0),(913,'1808',5,'','ROTULA AXIAL KANG99>CLIOIIMEGSCE','','',19,57,4300,0,2,105,0,0,0,0),(914,'1809',5,'','SENSOR CIGUEÑAL 301HDI/C-ELYSEE','','',19,56,9200,0,1,105,0,0,0,0),(915,'1810',5,'','SOPORTE MOTOR CENTRAL TRAS.R-19/CLIO','','',19,56,5200,0,1,105,0,0,0,0),(916,'1811',5,'','SOPORTE MOTOR IZQ. R-19/CLIO','','',19,61,4500,0,1,105,0,0,0,0),(917,'1812',5,'','TAPA DEPOSITO AGUA R-19/205','','',19,57,2200,0,1,105,0,0,0,0),(918,'1813',5,'','TERMINAL ENGANCHE PIOLA EMBR. PARTBERL','','',19,57,2500,0,1,105,0,0,0,0),(919,'1814',5,'','VALVULA IAC ','','',19,50,5500,0,1,105,0,0,0,0),(920,'1815',0,'','MANGUERA INF.RADIADOR 504/505 2.0','','',19,57,3300,0,1,105,0,0,0,0),(921,'1816',0,'','MANGUERA SUP.RADIADOR 504/505 2.0','','',19,57,3600,0,1,105,0,0,0,0),(922,'1817',5,'','ROTULA SUSPENSION 16MM 306/PARTBERLZX','','',19,56,3600,0,2,105,0,0,0,0),(923,'1818',5,'','PASTILLA FRENO  C-2/C-3HDI','','',19,0,13600,0,1,105,0,0,0,0),(924,'1819',5,'','PASTILLA FRENO  SM31.5 1.6','','',21,64,14000,0,1,105,0,0,0,0),(925,'1820',5,'','PASTILLA FRENO  1.6HDI','','',21,56,7300,0,1,105,0,0,0,0),(926,'1821',5,'','TAPA TERMOSTATO  205 106 3061.4','','',21,57,3000,0,1,105,0,0,0,0),(927,'1822',5,'','TAPA ACEITE CLIOII','','',21,57,2700,0,1,105,0,0,0,0),(928,'1823',5,'313807-0','TAPA TERMOSTATO CLIO II MEGSCEN ','','',21,57,3108,0,0,105,0,0,0,0),(929,'1824',5,'3701602-0','S OPORTE MOTOR TRASERO SM3','','',21,97,24311,0,1,105,0,0,0,0),(930,'1825',5,'201620-6','PERNO CULATA JGO  405/306 1.8 ','','',19,91,10991,0,1,105,0,0,0,0),(931,'1826',5,'201624-9','PERNO CULATA JGO  205/206/306 BIPPER','','',19,91,10274,0,1,105,0,0,0,0),(932,'1827',5,'204709-8','PERNO INYECTOR (ESPARRAGO) 301/C-ELY PART 1.6 HDI','','',19,31,1191,0,4,105,0,0,0,0),(933,'1828',5,'206413-8','PASTILLA FRENO PARTBERL >02','','',19,56,9496,0,1,105,0,0,0,0),(934,'1829',5,'206439-1','PASTILLA FRENO TRASERA PARTN 1.6 HDI MAXI','','',19,56,8901,0,1,105,0,0,0,0),(935,'1830',5,'206440-5','PASTILLA FRENO PARTBERTL 12>','','',19,56,10574,0,1,105,0,0,0,0),(936,'1831',5,'206452-9','PASTILLA FRENO BIPPER NEMO ','','',19,56,7704,0,1,105,0,0,0,0),(937,'1832',5,'206466-9','PASTILLA FRENO TRASERA EXPERT 1.6 HDI','','',19,56,13468,0,1,105,0,0,0,0),(938,'1833',5,'206480-4','PASTILLA FRENO TRASERA 207','','',19,62,16759,0,1,105,0,0,0,0),(939,'1834',5,'206484-7','PASTILLA FRENO EXPERT 1.6 HDI','','',19,56,11812,0,1,105,0,0,0,0),(940,'1835',5,'206496-0','PASTILLA FRENO TRASERA 308/208','','',19,62,14818,0,1,105,0,0,0,0),(941,'1836',5,'206590-8','PASTILLA FRENO 301/C-ELY/307/206/PARTN 03>','','',19,62,14570,0,1,105,0,0,0,0),(942,'1837',5,'206592-4','PASTILLA FRENO 301/C-ELY/307/206/PARTN 03>','','',19,56,8791,0,1,105,0,0,0,0),(943,'1838',5,'206602-5','PASTILLA FRENO 306/PARTN BERTL >02','','',19,56,7490,0,1,105,0,0,0,0),(944,'1839',5,'206605-k','PASTILLA FRENO TRASERA 307/405/MEGANE ','','',19,56,6381,0,1,105,0,0,0,0),(945,'1840',5,'206627-0','PASTILLA FRENO TRASERA 307 HDI 2.0','','',19,62,13249,0,1,105,0,0,0,0),(946,'1841',5,'206624-6','PASTILLA FRENO   307 HDI 2.0','','',19,56,11844,0,1,105,0,0,0,0),(947,'1842',5,'301500-9','PERNO CULATA JGO CLIOII MEG SCEN ','','',21,91,9992,0,1,105,0,0,0,0),(948,'1843',5,'306466-2','PASTILLA FRENO 1.2 16>  CLIO IV.','','',21,56,12990,0,2,105,0,0,0,0),(949,'1844',5,'306545-6','PASTILLA FRENO TRASERA R-19 /306 1.8','','',21,56,7447,0,1,105,0,0,0,0),(950,'1845',5,'306546-4','PASTILLA FRENO NEW SYMBOL 14>','','',21,56,8105,0,1,105,0,0,0,0),(951,'1846',5,'306561-8','PASTILLA FRENO KANGOO II 1.5 12>','','',21,56,10679,0,1,105,0,0,0,0),(952,'1847',5,'306571-5','PASTILLA FRENO TRASERA MEG III FLUENCE/208/MASTER ','','',21,56,9508,0,1,105,0,0,0,0),(953,'1848',5,'306572-3','PASTILLA FRENO FLUENCE 2.0 CAPTUR DOKKER ','','',21,56,11689,0,1,105,0,0,0,0),(954,'1849',5,'306594-4','PASTILLA FRENO CHUECA 306/205 19 11','','',21,56,7287,0,1,105,0,0,0,0),(955,'1850',5,'306610-k','PASTILLA FRENO   R-19 MEG CLIO/CLIOII','','',21,62,13771,0,1,105,0,0,0,0),(956,'1851',5,'201013-5','KIT DIST.(CORREA/TENSOR) 206 1. 4HDI/207HDI/BIPER','','',19,71,39808,0,1,105,0,0,0,0),(957,'1852',5,'201398-3','KIT DIST.(CORREA/TENSOR/DESL.)PARTNBERL1.9 01>C-15','','',19,71,25693,0,1,105,0,0,0,0),(958,'1853',5,'201419-k','RETENES VALVULA 7MM 205/306/CLIO/106','','',19,91,2600,0,2,105,0,0,0,0),(959,'1854',5,'201589-7','KIT DIST.(CORREA/TENSOR) 2061.4 03> BIPER','','',19,98,11150,0,1,105,0,0,0,0),(960,'1855',5,'201668-0','RETEN DIST.42*60*10  505','','',19,57,1142,0,1,105,0,0,0,0),(961,'1856',5,'201687-7','RETEN DIST.40*55*6,4 206 HDI PARTN 1.6 HDI','','',19,71,2144,0,1,105,0,0,0,0),(962,'1857',5,'201696-6','RETEN EJE LEVAS 36*50*7 205/405/306/307/206','','',19,71,1988,0,2,105,0,0,0,0),(963,'1858',5,'201698-2','RETEN DIST. 42*62*8 405/PARTN 1.9/306','','',19,71,2393,0,2,105,0,0,0,0),(964,'1859',5,'201700-8','RETEN DIST. 42*66*8 205/306/307/206','','',19,71,2884,0,2,105,0,0,0,0),(965,'1860',5,'201712-1','RETEN CIGUEÑAL 90*110*7 405/PARTN1.9/307/BOXER/206','','',19,71,4060,0,1,105,0,0,0,0),(966,'1861',5,'201891-8','RETENES VALVULA PARTNBERL 1.6 HDI/307 HDI/EXPERT','','',19,91,14327,0,1,105,0,0,0,0),(967,'1862',5,'201980-9','RETEN EJE LEVA 38*50*6 206/307 1.6 16 VAL','','',19,71,2793,0,2,105,0,0,0,0),(968,'1863',5,'202206-0','PIOLA EMBRAGUE C/AUTOREG.2061.41.6 05>','','',19,60,16890,0,1,105,0,0,0,0),(969,'1864',5,'202497-7','PIOLA EMBRAGUE C/AUTOREG.2061.41.6 05>','','',19,74,9806,0,1,105,0,0,0,0),(970,'1865',5,'202218-4','PIOLA PALANCA CAMBIO PARTNBERL HDI 12>','','',19,60,57015,0,1,105,0,0,0,0),(971,'1866',5,'202500-0','PIOLA EMBRAGUE CORTA   106','','',19,64,9069,0,1,105,0,0,0,0),(972,'1867',5,'202506-k','PIOLA EMBRAGUE C/AUTOREG. 1.9 05> PARTNBERL','','',19,60,18085,0,1,105,0,0,0,0),(973,'1868',5,'202518-3','PIOLA EMBRAGUE LARGA  BOXER','','',19,64,8891,0,1,105,0,0,0,0),(974,'1869',5,'202519-1','PIOLA EMBRAGUE LARGA  405','','',19,74,8199,0,1,105,0,0,0,0),(975,'1870',5,'202536-1','PIOLA EMBRAGUE C/REG.MANUEL  PARTBERL 1.9','','',19,74,7307,0,1,105,0,0,0,0),(976,'1871',5,'202540-k','PIOLA EMBRAGUE C/REG.MANUAL 306 1.8 >04','','',19,74,7466,0,1,105,0,0,0,0),(977,'1872',5,'202551-5','PIOLA EMBRAGUE C/AUTOREG. PARTNBERL >04','','',19,60,13257,0,1,105,0,0,0,0),(978,'1873',5,'202554-k','PIOLA EMBRAGUE C/AUTOREG. 206 1.4 HDI 06>','','',19,74,10864,0,1,105,0,0,0,0),(979,'1874',5,'202556-6','PIOLA EMBRAGUE C/AUTOREG. PARTBERL 1.6 HDI','','',19,60,15503,0,1,105,0,0,0,0),(980,'1875',5,'202625-2','PRENSA EMBRAGUE 504 505','','',19,95,21620,0,1,105,0,0,0,0),(981,'1876',5,'202640-6','PIOLA EMBRAGUE 306 1.4 1.6','','',19,74,4968,0,1,105,0,0,0,0),(982,'1877',5,'202645-7','PIOLA EMBRAGUE C/REG. 504 505','','',19,64,5139,0,1,105,0,0,0,0),(983,'1878',5,'202659-7','RETEN TRANS.C/AUTOMATICA 206','','',19,60,3314,0,2,105,0,0,0,0),(984,'1879',5,'203783-1','PRECALENTADOR BUJIA 5 PINES PARTN 1.9 307/206','','',19,57,20659,0,1,105,0,0,0,0),(985,'1880',5,'203810-2','POLEA ALTERNADOR 206 PARTN ','','',19,56,11402,0,1,105,0,0,0,0),(986,'1881',5,'203863-3','PRECALENTADOR BUJIA 2 PTAS.ANCHAS PARTN 301 2008','','',19,57,24556,0,1,105,0,0,0,0),(987,'1882',5,'204593-1','PIOLA ACELERADOR 206','','',19,74,5515,0,1,105,0,0,0,0),(988,'1883',5,'208637-9','PIOLA CUENTA KILOMETRO 505','','',19,74,4071,0,1,105,0,0,0,0),(989,'1884',5,'208678-6','PLUMILLA TRASERA 206 106 307','','',19,62,3453,0,1,105,0,0,0,0),(990,'1885',5,'210479-2','KIT DIST.(CORREA/TENSOR) 206 1.4 03> BIPER ','','',19,60,23892,0,1,105,0,0,0,0),(991,'1886',5,'210524-1','RETEN CIG.85*105*8.8  PARTN 1.6 HDI 308/307','','',19,99,6295,0,1,105,0,0,0,0),(992,'1887',5,'210610-8','KIT DIST.(CORREA/TENSOR/DESL) 206/307 1.6 16 VAL','','',19,98,25675,0,1,105,0,0,0,0),(993,'1888',5,'210756-2','RETENES VALVULAS (8) 206/307 1.6 16 VAL ','','',19,91,2439,0,2,105,0,0,0,0),(994,'1889',5,'210816-k','RETEN EJE LEVA 27*47*7 206/307/EXP HDI','','',19,71,2158,0,2,105,0,0,0,0),(995,'1890',5,'210859-3','RETENES VALVULAS (8) 207/308/3008','','',19,91,10126,0,2,105,0,0,0,0),(996,'1891',5,'211053-9','AMPOLLETA H-7 12V 55W','','',15,57,920,0,10,105,0,0,0,0),(997,'1892',5,'211073-3','AMPOLLETA H-1 12V 55W','','',15,57,624,0,10,105,0,0,0,0),(998,'1893',5,'212505-6','ROD.TENSOR CORREA ALT.  405','','',15,55,4591,0,1,105,0,0,0,0),(999,'1894',5,'212563-3','ROD.TENSOR C/ALT PARTN BERL 1.6 HDI','','',15,57,10991,0,2,105,0,0,0,0),(1000,'1895',5,'212604-4','ROD.TENSOR C/ALT 65*26*10','','',15,57,6472,0,2,105,0,0,0,0),(1001,'1896',5,'212576-5','ROD.CAZOLETA 205/306/206/307/C-3/C-4','','',15,96,3674,0,2,105,0,0,0,0),(1002,'1897',5,'212666-0','ROD.TENSOR C/ALT C/PERNO 60*26*17 PERTNBERL','','',19,96,13751,0,1,105,0,0,0,0),(1003,'1898',5,'212614-1','ROD.RUEDA DEL. 35*72*33  ZX 1.4 205/306/106/309','','',19,61,5186,0,2,105,0,0,0,0),(1004,'1899',5,'212616-8','ROD.EMPUJE S/PATA  206/307 1.6/PARTN 04>','','',19,64,4512,0,1,105,0,0,0,0),(1005,'1900',5,'212642-7','ROD.RUEDA DEL. 42*82*36 206 1.6 /PARTNBERL 1.6 1.9','','',19,55,5802,0,2,105,0,0,0,0),(1006,'1901',5,'212648-6','ROD.RUEDA DEL. 42*82*36 206 1.6 /PARTNBERL 1.6 1.9','','',19,61,10459,0,2,105,0,0,0,0),(1007,'1902',5,'212683-4','ROD.EMPUJE C/PATA 106/205/306/206 1.4/AX/ZX','','',19,64,4452,0,1,105,0,0,0,0),(1008,'1903',5,'212686-9','ROD.EMPUJE 505/504 STW','','',19,64,3854,0,1,105,0,0,0,0),(1009,'1904',5,'212783-0','ROD.TENSOR ALT.C/A/A 206','','',19,55,6009,0,1,105,0,0,0,0),(1010,'1905',5,'213621-k','RADIADOR(CATALITICO) 405 93>','','',19,55,22414,0,1,105,0,0,0,0),(1011,'1906',5,'213664-3','RADIADOR S/A/A  206 1.4 1.6','','',19,55,27280,0,1,105,0,0,0,0),(1012,'1907',5,'213672-4','RADIADOR C/A/A  206 1.4 1.6','','',19,55,22701,0,0,105,0,0,0,0),(1013,'1908',5,'213689-9','RESISTENCIA ELECTROVENT.A/ACOND 206.','','',19,31,11502,0,2,105,0,0,0,0),(1014,'1909',5,'213694-5','RADIADOR C/CLIP PARTBERL 1.9 >03','','',19,50,25164,0,1,105,0,0,0,0),(1015,'1910',5,'213843-3','RADIADOR CALEFACCION  306 PARTHDI ','','',19,50,7215,0,1,105,0,0,0,0),(1016,'1911',5,'213906-5','RADIADOR  PARTBERL 1.6HDI','','',19,50,24547,0,1,105,0,0,0,0),(1017,'1912',5,'213906-5','RADIADOR C/A/A   301/C-ELYSEE','','',19,50,29677,0,1,105,0,0,0,0),(1018,'1913',5,'301331-6','KIT DIST.(CORREA/TENSOR/DESL) CLIOII/MEG/SCEN','','',19,98,23724,0,1,105,0,0,0,0),(1019,'1914',5,'301528-9','POLEA ALTERNADOR CLIOII','','',19,50,10947,0,1,105,0,0,0,0),(1020,'1915',5,'301658-7','RETEN DIST.50*68*10  R-19 ECL MEG','','',19,57,2139,0,1,105,0,0,0,0),(1021,'1916',5,'301663-3','RETEN EJE LEVA INT.30*40*7  19ECL ','','',19,57,987,0,1,105,0,0,0,0),(1022,'1917',5,'301665-K','RETEN DIST.42*54*6  R-19 DIESEL KANGOO','','',19,71,2050,0,2,105,0,0,0,0),(1023,'1918',5,'301671-4','RETEN EJE LEVA L/VOLAN 22*45*7 MEG 19','','',19,71,2663,0,1,105,0,0,0,0),(1024,'1919',5,'301675-7','RETEN EJE LEVA 30*42*8    4S','','',19,57,618,0,1,105,0,0,0,0),(1025,'1920',5,'301680-3','RETEN CIG.85*105*12   306/206/19/LAG','','',19,57,2163,0,1,105,0,0,0,0),(1026,'1921',5,'301682-K','RETEN DIST.35*47*7  CLIOII/19/CLIO ','','',19,57,1379,0,2,105,0,0,0,0),(1027,'1922',5,'302602-7','PRENSA EMBRAGUE 106/205/306/9/11/12/18/CLIO 2061.4','','',19,86,20401,0,1,105,0,0,0,0),(1028,'1923',5,'302649-3','PIOLA EMBRAGUE  R-12 TL ','','',19,74,5672,0,1,105,0,0,0,0),(1029,'1924',5,'302655-8','PIOLA EMBRAGUE  R-9-11/EXPRESS','','',19,74,3629,0,1,105,0,0,0,0),(1030,'1925',5,'302660-4','PIOLA EMBRAGUE  CLIO1.21.4 1.6 >99','','',19,74,5238,0,1,105,0,0,0,0),(1031,'1926',5,'302663-9','PIOLA EMBRAGUE  KANGOO 1.6 1.9 ','','',19,74,7015,0,1,105,0,0,0,0),(1032,'1927',5,'302677-9','PIOLA EMBRAGUE CLIOII','','',19,74,7443,0,1,105,0,0,0,0),(1033,'1928',5,'302679-5','PIOLA EMBRAGUE C/REG.  R-19','','',19,74,4750,0,1,105,0,0,0,0),(1034,'1929',5,'302680-9','PIOLA EMBRAGUE  MEGANE SCENIC','','',19,74,7482,0,1,105,0,0,0,0),(1035,'1930',5,'302687-6','PIOLA EMBRAGUE  SANDERO/LOGAN 1.6','','',19,74,7994,0,1,105,0,0,0,0),(1036,'1931',5,'302713-9','REG.PEDALERA R19/CLIO','','',19,56,3288,0,1,105,0,0,0,0),(1037,'1932',5,'302715-5','REG.PEDALERA CLIOII','','',19,56,6767,0,1,105,0,0,0,0),(1038,'1933',5,'302720-1','RETEN TRANS.27.95*56*10  MEG CLIOII','','',19,57,1721,0,1,105,0,0,0,0),(1039,'1934',5,'303600-6','PLATINO ARGELITE R-12','','',19,74,2693,0,2,105,0,0,0,0),(1040,'1935',5,'303709-6','ROTOR L/FLOT. R-12 ','','',19,74,1321,0,1,105,0,0,0,0),(1041,'1936',5,'303715-0','ROTOR L/FIJA R-12','','',19,74,1321,0,1,105,0,0,0,0),(1042,'1937',5,'304718-0','PIOLA ACELERADOR KANGOO','','',19,74,3859,0,1,105,0,0,0,0),(1043,'1938',5,'310279-3','PIOCARON ESCAPE 19ECL','','',19,57,1645,0,1,105,0,0,0,0),(1044,'1939',5,'310353-6','KIT DIST.(CORREA/TENS/DESL)  CLIOII MEGSCEN','','',19,32,32279,0,1,105,0,0,0,0),(1045,'1940',5,'310615-2','RETEN CIG,80*100*8  CLIOII MEGSCEN.','','',19,57,5670,0,1,105,0,0,0,0),(1046,'1941',5,'312668-4','ROD.RUEDA DEL.35*65*35  9/11/CLIO 1.21.4EXP','','',19,63,12178,0,2,105,0,0,0,0),(1047,'1942',5,'312670-6','ROD.CAZOLETA  CLIO II ','','',19,96,3083,0,2,105,0,0,0,0),(1048,'1943',5,'312696-K','ROD.EMPUJE MEGSCEN CLIOII KANGOO LOGAN ','','',19,64,4050,0,1,105,0,0,0,0),(1049,'1944',5,'312702-8','ROD.EMPUJE 9/11/19 CLIO >99 LAGUNA ','','',19,64,3972,0,1,105,0,0,0,0),(1050,'1945',5,'312704-4','ROD.EMPUJE  R-5/12-18TL','','',19,64,3356,0,1,105,0,0,0,0),(1051,'1946',5,'312738-9','ROD.TRANSMISION 205/306/405/307/206 TRAF','','',19,96,3641,0,2,105,0,0,0,0),(1052,'1947',5,'312747-8','ROD.RUEDA DEL.C/ABS MEGII/SAND/NEWSYMBOL/BIPER','','',19,55,8350,0,2,105,0,0,0,0),(1053,'1948',5,'312769-9','ROD.RUEDA TRAS.9/11/106/206/205/309/CLIO/CLIOII','','',19,64,5279,0,2,105,0,0,0,0),(1054,'1949',5,'312773-7','ROD.RUEDA TRAS.9/11/106/206/205/309/CLIO/CLIOII','','',19,96,9497,0,2,105,0,0,0,0),(1055,'1950',5,'312770-2','ROD.RUEDA DEL.DOBLE  R-12/18TL','','',19,64,3508,0,4,105,0,0,0,0),(1056,'1951',5,'312771-0','ROD.RUEDA DEL.37*72*37 19/MEG/LOG/CLIOII/KANGOO','','',19,96,10411,0,2,105,0,0,0,0),(1057,'1952',5,'312787-7','ROD.TENSOR C/ALT.60*26*17','','',19,56,3100,0,4,105,0,0,0,0),(1058,'1953',5,'3702604-2','PRENSA EMBRAGUE SM3 1.6','','',19,86,13704,0,1,105,0,0,0,0),(1059,'1954',5,'3712200-9','ROD.EMPUJE SM3 1.5 1.6','','',19,86,14928,0,1,105,0,0,0,0),(1060,'1955',5,'3712651-9','ROD.RUEDA DEL.SM3 1.5 1.6','','',19,100,17642,0,2,105,0,0,0,0),(1061,'1956',5,'201821-7','VARILLA ACEITE PARTBERL 1.6 HDI','','',19,56,2930,0,1,105,0,0,0,0),(1062,'1957',5,'201847-0','VALVULA ADMISION JGO.(4) PARTBERL1.9 BOXER C-15','','',19,64,10470,0,1,105,0,0,0,0),(1063,'1958',5,'201990-6','VARILLA ACEITE 205/306','','',19,57,2400,0,1,105,0,0,0,0),(1064,'1959',5,'204410-2','VALVULA IAC  406','','',19,50,3716,0,1,105,0,0,0,0),(1065,'1960',5,'204472-2','VALVULA IAC  205','','',19,50,5725,0,1,105,0,0,0,0),(1066,'1961',5,'204472-2','VALVULA IAC  405/3061.8','','',19,50,3392,0,1,105,0,0,0,0),(1067,'1962',5,'210695-7','VARILLA ACEITE >03 PARTBERL 1.9','','',19,56,2600,0,1,105,0,0,0,0),(1068,'1963',5,'210708-2','VALVULA ESCAPE JGO.(4) 2061.4/205/306/BIPPER','','',19,64,14992,0,1,105,0,0,0,0),(1069,'1964',5,'210761-9','VARILLA ACEITE 2061.4/PARTNER','','',19,56,2366,0,1,105,0,0,0,0),(1070,'1965',5,'213008-4','ACOPLE TAPA BOMBA AGUA 2061.6/3071.6/207','','',19,56,2864,0,1,105,0,0,0,0),(1071,'1966',5,'213739-9','TERMOSTATO 83° 504/505   305','','',19,66,2907,0,1,105,0,0,0,0),(1072,'1967',5,'213745-3','TERMOSTATO 89° RECTO 2061.6/3071.6','','',19,66,8330,0,1,105,0,0,0,0),(1073,'1968',5,'213783-6','TERMOSTATO 82° R-19 405/205/306','','',19,66,2196,0,2,105,0,0,0,0),(1074,'1969',5,'213793-3','TERMOSTATO 89° PARTBERL1.9 BOXER/C-15','','',19,66,4411,0,2,105,0,0,0,0),(1075,'1970',5,'213793-3','TERMOSTATO 89°C/SENSOR AMARILLO C-3/206','','',19,55,9640,0,1,105,0,0,0,0),(1076,'1971',5,'213921-9','TUBO CALEFACCION PARTBERL 1.9 00>','','',19,55,4782,0,1,105,0,0,0,0),(1077,'1972',5,'213982-0','TERMOSTATO COMPLETO PARTMAX/EXPERT1.6HDI','','',19,57,11205,0,1,105,0,0,0,0),(1078,'1973',5,'213996-0','TUBO REFRIGERACION AGUA 205GT/306','','',19,57,5193,0,1,105,0,0,0,0),(1079,'1974',5,'301734-6','SENSOR GOLPETEO(DETONACION) R-19/CLIO/CLIOII','','',19,50,7668,0,1,105,0,0,0,0),(1080,'1975',5,'301845-8','VARILLA ACEITE LARGA CLIOII','','',19,57,1872,0,1,105,0,0,0,0),(1081,'1976',5,'304450-5','VALVULA IAC CLIOII MEG SCENIC ','','',19,94,10058,0,1,105,0,0,0,0),(1082,'1977',5,'304502-1','VALVULA IAC (RELANTIE) R-19/CLIO1.21.4 EXPRE/205','','',19,55,13815,0,1,105,0,0,0,0),(1083,'1978',5,'304616-8','VALVULA REG.PRESION INYECTOR CLIOII/306/R-19','','',19,94,11883,0,1,105,0,0,0,0),(1084,'1979',5,'306905-2','VALVULA SERVO FRENO R-19/9','','',19,57,1516,0,1,105,0,0,0,0),(1085,'1980',5,'310640-3','TENSOR CORREA ALT.S/A/A CLIOII','','',19,56,7844,0,1,105,0,0,0,0),(1086,'1981',5,'313780-5','TAPA TERMOSTATO CLIO II MEGSCE','','',19,57,2439,0,2,105,0,0,0,0),(1087,'1982',5,'313841-0','TERMOSTATO 86° 191.6 CLIO /1218TL','','',19,66,3207,0,2,105,0,0,0,0),(1088,'1983',5,'313842-9','TUBO CALEFACCION CLIOII MEGSCEN','','',19,56,3200,0,1,105,0,0,0,0),(1089,'1984',5,'313864-K','TERMOSTATO 89°  206/CLIOII MEGSCE','','',19,66,3344,0,2,105,0,0,0,0),(1090,'1985',5,'3713833-9','TERMOSTATO 82°   SM3','','',19,97,6564,0,1,105,0,0,0,0),(1091,'1986',5,'202767-4','TRANS.IZQUIERDA  PARTBERL 1.9 1.6','','',19,50,31892,0,1,105,0,0,0,0),(1092,'1987',5,'202808-5','TRANS.DERECHA  PARTBERL 1.9 1.6','','',19,50,36548,0,1,105,0,0,0,0),(1093,'1988',5,'202820-4','TRANS.DERECHA  206 1.6.','','',19,50,35993,0,1,105,0,0,0,0),(1094,'1989',5,'202832-8','TRANS.IZQUIERDA PARTNE8VAL 12> 307 ALGUNOS.','307 SABER CON RESPECTO LA CANTIDAD DE ESTRIAS','',19,50,32893,0,1,105,0,0,0,0),(1095,'1990',5,'202833-6','TRANS.DERECHA PARTNE8VAL 12>307 ALGUNOS.','307 SABER CON RESPECTO LA CANTIDAD DE ESTRIAS','',19,50,37593,0,1,105,0,0,0,0),(1096,'1991',5,'202836-0','TRANS.IZQUIERDA  301/C-ELYSEE DIESEL.','','',19,50,32856,0,1,105,0,0,0,0),(1097,'1992',5,'202837-9','TRANS.DERECHA  301/C-ELYSEE DIESEL.','','',19,50,32884,0,1,105,0,0,0,0),(1098,'1993',5,'202849-2','TRANS.IZQUIERDA  206 1.6','','',19,50,24473,0,1,105,0,0,0,0),(1099,'1994',5,'210510-1','TENSOR CORREA ALT.C/A/A >00 206 (PIEZA CON RESORTE)','','',19,50,14890,0,1,105,0,0,0,0),(1100,'1995',5,'212780-6','ROD.TENSOR C/ALT. 206','','',19,50,4889,0,1,105,0,0,0,0),(1101,'1996',5,'301454-1','KIT DIST.(CORREA/TENS/DESL/SELLOS)CLIOII MEGSCE K4M','','',19,71,30437,0,1,105,0,0,0,0),(1102,'1997',5,'302791-0','TRANS.DERECHA CLIOII KANGO1.6 1.9','','',19,50,23665,0,0,105,0,0,0,0),(1103,'1998',5,'306375-5','BALATAS JGO. CLIO II','','',19,56,8979,0,1,105,0,0,0,0),(1104,'1999',5,'310599-9','TENSOR CORREA ALT.C/A/A CLIOII/SAND/SYMBOL','','',19,96,14267,0,1,105,0,0,0,0),(1105,'2030',5,'313097-5','BASE TERMOSTATO ALUMINIO CLIOII KANG1.6','','',21,50,11105,0,1,105,0,0,0,0),(1106,'2031',5,'601542-5','METAL BANCADA STD. 405/PARTBERL1.9 BOXER ZX','','',23,57,6409,0,1,105,0,0,0,0),(1107,'2032',5,'602156-5','PERILLA P/CAMBIO 5VEL  206/306/ZX','','',23,57,5104,0,1,105,0,0,0,0),(1108,'2033',5,'602593-5','PIOLA P/CAMBIO SELECTOR  C-3','','',22,11,30554,0,1,105,0,0,0,0),(1109,'2034',5,'602682-6','PIOLA EMBRAGUE  C-15','','',22,74,5598,0,1,105,0,0,0,0),(1110,'2035',5,'602708-3','PIOLA EMBRAGUE  XSARA','','',22,74,10951,0,1,105,0,0,0,0),(1111,'2036',5,'603184-6','CORREA 6PK* 750  C-15/BOXER.','','',22,84,2762,0,2,105,0,0,0,0),(1112,'2037',5,'603242-7','FAROL TRASERO IZQ. C-15','','',22,57,13946,0,1,105,0,0,0,0),(1113,'2038',5,'603243-5','FAROL TRASERO DER. C-15','','',22,57,13946,0,1,105,0,0,0,0),(1114,'2039',5,'603279-6','FAROL DEL.IZQ. C-15','','',22,57,4594,0,1,105,0,0,0,0),(1115,'2040',5,'603289-3','FAROL DEL.DER. C-15','','',22,57,4594,0,1,105,0,0,0,0),(1116,'2041',5,'603452-7','FAROL TRASERO IZQ.  NEMO','','',22,57,12563,0,1,105,0,0,0,0),(1117,'2042',5,'603453-5','FAROL TRASERO DER.  NEMO','','',22,57,12563,0,1,105,0,0,0,0),(1118,'2043',5,'605300-9','FUELLE CREM.DIR.IZQ.  504/505/205/306/PARTBER/ZX','','',22,57,1608,0,2,105,0,0,0,0),(1119,'2044',5,'605503-6','MAZA RUEDA C-3/2061.4/301/208','','',22,50,9929,0,2,105,0,0,0,0),(1120,'2045',5,'606099-4','BOMBA FRENO T/BENDIX  C-15','','',22,64,14656,0,1,105,0,0,0,0),(1121,'2046',5,'606274-1','SENSOR ABS   C-ELYSEE/301','','',22,31,7492,0,2,105,0,0,0,0),(1122,'2047',5,'606646-1','PASTILLA FRENO  C-2/C-3','','',22,56,9501,0,1,105,0,0,0,0),(1123,'2048',5,'607494-4','AMORTIGUADOR DEL.DER.GAS  C-3>06','','',22,50,16916,0,1,105,0,0,0,0),(1124,'2049',5,'607495-2','AMORTIGUADOR DEL.IZQ.GAS  C-3>06','','',22,50,16916,0,1,105,0,0,0,0),(1125,'2050',5,'607850-8','GOMA B/ESTABILIZADORA C-2/C-3','','',22,57,1900,0,2,105,0,0,0,0),(1126,'2051',5,'609410-4','AMORTIGUADOR PORTALON 58/34  C-4>11.','','',22,57,4438,0,2,105,0,0,0,0),(1127,'2052',5,'610185-2','ESPEJO DERECHO/IZQUIERDO C-15','','',22,57,4438,0,2,105,0,0,0,0),(1128,'2053',5,'613346-0','MANGUERA CALEFACCION JGO.  C-3','COD.ORIGINAL 6466-VR/6466-VJ','',22,57,14514,0,1,105,0,0,0,0),(1129,'2054',5,'613564-1','MANGUERA INF.RADIADOR 206/307/XSARAII','COD.ORIGINAL 6466-VR/6466-VJ','',22,31,13802,0,1,105,0,0,0,0),(1130,'2055',5,'613611-7','MANGUERA DEP. A RAD. PARTBERL 1.6HDI','COD.ORIGINAL 6466-VR/6466-VJ','',22,31,9806,0,1,105,0,0,0,0),(1131,'2056',5,'709530-9','MANILLA ALZAVIDRIO GRIS  C-15/VISA','COD.ORIGINAL 6466-VR/6466-VJ','',22,11,3643,0,2,105,0,0,0,0),(1132,'2057',5,'205168-0','RUTULA AXIAL  307 >05 C-4 ','','',23,56,4318,0,2,105,0,0,0,0),(1133,'2058',5,'207691-8','RUTULA SUSPENSION 16MM LARGA 306/ZX/PARTNBERL','','',23,56,4733,0,2,105,0,0,0,0),(1134,'2059',5,'209468-1','MANILLA INT.PTA.IZQ. PARTNBERL/ZX','','',23,56,5515,0,1,105,0,0,0,0),(1135,'2060',5,'209469-k','MANILLA INT.PTA.DER. PARTNBERL/ZX','','',23,56,5568,0,1,105,0,0,0,0),(1136,'2061',5,'210252-8','EMP.CULATA 2+4 PARTNBEL 1.6 HDI >11.','PARTNER HDI 1,6-EXPERT HDI 1,6 (16V..)','',23,56,15548,0,1,105,0,0,0,0),(1137,'2062',8,'450351','FILTRO AIRE C2766','','',23,101,3090,0,1,105,0,0,0,0),(1138,'2063',8,'451273','FILTRO AIRE C2771','','',23,101,5596,0,1,105,0,0,0,0),(1139,'2064',8,'450377','FILTRO AIRE C2964','','',23,101,2758,0,1,105,0,0,0,0),(1140,'2065',8,'451334','FILTRO AIRE C2987','','',23,101,3703,0,1,105,0,0,0,0),(1141,'2066',8,'451289','FILTRO AIRE C3087','','',23,101,3899,0,1,105,0,0,0,0),(1142,'2067',8,'450429','FILTRO AIRE C3173','','',26,90,6448,0,1,105,0,0,0,0),(1143,'2068',8,'451295','FILTRO AIRE C3282','','',26,90,3477,0,0,105,0,0,0,0),(1144,'2069',8,'450810','FILTRO AIRE C33 156','','',26,90,6240,0,1,105,0,0,0,0),(1145,'2070',8,'451667','FILTRO AIRE C33 006','','',26,90,4064,0,1,105,0,0,0,0),(1146,'2071',8,'451359','FILTRO AIRE C3366','','',26,90,4436,0,1,105,0,0,0,0),(1147,'2072',8,'451294','FILTRO AIRE C3485/1','','',26,90,3269,0,1,105,0,0,0,0),(1148,'2073',8,'451556','FILTRO AIRE C3585','','',26,90,4649,0,1,105,0,0,0,0),(1149,'2074',8,'451459','FILTRO AIRE C4371','','',26,90,4740,0,1,105,0,0,0,0),(1150,'2075',8,'451539','FILTRO AIRE C5082/2','','',26,90,4467,0,1,105,0,0,0,0),(1151,'2076',8,'650611','FILTRO ACEITE ELEMENTO HU711/51X','','',26,90,2277,0,2,105,0,0,0,0),(1152,'2077',8,'650612','FILTRO ACEITE ELEMENTO HU716/2X..','','',26,90,2277,0,2,105,0,0,0,0),(1153,'2078',8,'660542','FILTRO PETROLEO PU7010Z.','','',26,90,14100,0,1,105,0,0,0,0),(1154,'2079',8,'660512','FILTRO PETROLEO PU922X.','','',26,90,5440,0,1,105,0,0,0,0),(1155,'2080',8,'920101','LIQUIDO FRENO 355CC WAGNER.','','',26,102,1451,0,10,105,0,0,0,0),(1156,'2081',8,'HU940043','AMPOLLETA1/CTO GLOBO CHICO','','',15,45,196,0,10,105,0,0,0,0),(1157,'2082',8,'HU940030','AMPOLLETA1/CTO GLOBO GRANDE','','',15,45,212,0,10,105,0,0,0,0),(1158,'2083',8,'HU940026','AMPOLLETA2/CTO.C/DISP','','',15,45,257,0,7,105,0,0,0,0),(1159,'2084',8,'HU950038','AMPOLLETA H-7   60/55W.','','',15,45,1943,0,9,105,0,0,0,0),(1160,'2085',8,'HU950000','AMPOLLETA H-4 60/55','','',15,45,1508,0,6,105,0,0,0,0),(1161,'2086',8,'HU940050','AMPOLLETA COLA PESCADO MEDIANA','','',15,45,112,0,5,105,0,0,0,0),(1162,'2087',8,'670005','FILTRO ACEITE W610/82 SM3 06>','','',17,90,2160,0,1,105,0,0,0,0),(1163,'2088',8,'670053','FILTRO ACEITE W712/8 R19/205GT','','',17,90,2369,0,1,105,0,0,0,0),(1164,'2089',8,'670048','FILTRO ACEITE W712/81 ','','',17,90,3630,0,1,105,0,0,0,0),(1165,'2090',8,'670017','FILTRO ACEITE W77 ','','',17,90,2173,0,1,105,0,0,0,0),(1166,'2091',8,'670080','FILTRO ACEITE W815 R21','','',17,90,2369,0,1,105,0,0,0,0),(1167,'2092',8,'451168','FILTRO AIRE C1286/1','','',17,90,4033,0,1,105,0,0,0,0),(1168,'2093',8,'450147','FILTRO AIRE C1440','','',17,90,2565,0,1,105,0,0,0,0),(1169,'2094',8,'450154','FILTRO AIRE C1460','','',17,90,3434,0,1,105,0,0,0,0),(1170,'2095',8,'450256','FILTRO AIRE C2046','','',17,90,2458,0,1,105,0,0,0,0),(1171,'2096',8,'451239','FILTRO AIRE C21104 PARTBERL.','','',17,90,3689,0,0,105,0,0,0,0),(1172,'2097',8,'451100','FILTRO AIRE C2159','','',17,90,4351,0,2,105,0,0,0,0),(1173,'2098',8,'451680','FILTRO AIRE C24017.','','',17,90,7252,0,1,105,0,0,0,0),(1174,'2099',8,'451258','FILTRO AIRE C25101.','','',17,90,3434,0,1,105,0,0,0,0),(1175,'2100',8,'451554','FILTRO AIRE C25115.','','',17,90,7236,0,1,105,0,0,0,0),(1176,'2101',8,'451407','FILTRO AIRE C2512','','',17,90,5539,0,1,105,0,0,0,0),(1177,'2102',8,'450341','FILTRO AIRE C2555/2','','',17,90,3090,0,1,105,0,0,0,0),(1178,'2103',8,'HU950037','AMPOLLETA H-1  55W.','','',15,45,1117,0,10,105,0,0,0,0),(1179,'2104',8,'HU940070','AMPOLLETA COLA PESCADO CHICA ','','',15,45,168,0,10,105,0,0,0,0),(1180,'2105',9,'214025','CAÑERIA BBA.INYECTORA 1.9 KANGOO.','','',21,57,8727,0,1,105,0,0,0,0),(1181,'2106',6,'0304-340','EMP.CARTER  405/PARTBERL1.9/C-15 1.9/BOXER','','',19,57,1210,0,1,105,0,0,0,0),(1182,'2107',6,'5960-G4A','BUJIA EXTRA LARGA 207/RCZ/308/3008/208 1.616VALV','','',23,31,5300,0,4,105,0,0,0,0),(1183,'2108',6,'R-1199-31 BOLOM','BULBO ELECTROVENT.92°/82° R-19/CLIO','','',21,66,3270,0,1,105,0,0,0,0),(1184,'2153',6,'V-0156','LIMPIA INYECTOR DIESEL ','','',24,103,6290,0,2,105,0,0,0,0),(1185,'2110',6,'V-0170','LIMPIA INYECTOR BENCINA ','','',24,103,6210,0,2,105,0,0,0,0),(1186,'2111',6,'V-1207-1','LIMPIA CARBURADOR 420ML','','',24,57,1800,0,3,105,0,0,0,0),(1187,'2109',5,'201034-8','VALVULA ADMISION JGO.(4) 205/306/106/206>02','','',23,64,8180,0,1,105,0,0,0,0),(1188,'21102',5,'201812-8','VALVULA ADMISION JGO.(4) 206 1.4 03> /C-3BIPPERNEMO','','',23,64,8595,0,1,105,0,0,0,0),(1189,'2112',5,'202067-K','SEGURO PIOLA EMBRAGUE 206','','',19,31,3482,0,1,105,0,0,0,0),(1190,'2113',5,'210706-6','VALVULA ESCAPE JGO.(4) 2061.616VALV/C-41.616VAL','','',19,64,12148,0,2,105,0,0,0,0),(1191,'2114',5,'213102-1','BULBO ELECTROVENT. 82°/68° UNIVERSAL','','',19,66,2715,0,2,105,0,0,0,0),(1192,'2115',5,'213606-6','RADIADOR  3071.6 00> PARTBERL1.9 04>','','',19,50,23411,0,1,105,0,0,0,0),(1193,'2116',5,'213606-6','RADIADOR  3071.6 00> PARTBERL1.9 04>','','',19,50,23411,0,0,105,0,0,0,0),(1194,'2117',5,'303130-6','BUJIA CORTA  R-5/12/4S','','',19,62,855,0,10,105,0,0,0,0),(1195,'2118',5,'310527-K','SOPORTE ESCAPE (TUBO) CLIO II','CUADRADO ','',21,56,6728,0,1,105,0,0,0,0),(1196,'2119',5,'3712652-7','ROD.RUEDA DEL. SM3 ','CUADRADO ','',21,55,5249,0,2,105,0,0,0,0),(1197,'2120',7,'5202-VF','AMORTIGUADOR DEL.(JGO) 301-C-ELYSEE 1.6 18VAL..','','',19,70,39900,0,2,105,0,0,0,0),(1198,'2121',7,'5206-580','AMORTIGUADOR TRASERO (JGO) 301/C-LYSEE.','','',19,70,33500,0,1,105,0,0,0,0),(1199,'2122',7,'R0768-EJGO','BOBINA LAPIZ   CLIO II/MEGANE 1.6','','',19,70,11375,0,4,105,0,0,0,0),(1200,'2123',5,'','HUINCHA ROJA 3M.','','',24,104,1110,0,40,105,0,0,0,0),(1201,'2124',0,'','HUINCHA BLANCA 3M ','','',24,104,1110,0,41,105,0,0,0,0),(1202,'2125',7,'0513-74C','PIÑON DISTRIBUCION PARTN/BERL 1.9 DW8','','',23,57,13500,0,1,105,0,0,0,0),(1203,'2126',7,'0515-R5C','POLEA CIGUEÑAL (DAMPER) 6PKA PART/BERTL 04>','','',23,57,20500,0,1,105,0,0,0,0),(1204,'2127',7,'1174-15B','VARILLA ACEITE  PATRN 1.9 XUD9','','',23,57,1700,0,1,105,0,0,0,0),(1205,'2128',7,'1174-46A','VARILLA ACEITE  PATRN BERL 1.9','','',23,57,1750,0,1,105,0,0,0,0),(1206,'2129',7,'1174-64A','VARILLA ACEITE  206/307/PICAS/XSARA II>05','','',23,57,1650,0,1,105,0,0,0,0),(1207,'2130',7,'1174-82B','VARILLA ACEITE  107/207/206/ PART 1.4 06>','','',23,57,2500,0,1,105,0,0,0,0),(1208,'2131',7,'1174-C0B','VARILLA ACEITE  PART/BERL 04>','','',23,57,1700,0,1,105,0,0,0,0),(1209,'2132',7,'1174-G2A','VARILLA ACEITE PART/BERL 1.6 16VAL','','',23,57,2500,0,1,105,0,0,0,0),(1210,'2133',7,'1174-H0B','VARILLA ACEITE PART/BERL 12>','','',23,57,2200,0,1,105,0,0,0,0),(1211,'2134',7,'1201-C3B','TAPA BOMBA AGUA 206/207/307/308/C-4C-3/SAX/XSA','','',23,57,2250,0,1,105,0,0,0,0),(1212,'2135',7,'1307-HNG','DEPOSITO AGUA S/TAPA PARTN BERL >04','SUBMARINO','',23,57,6500,0,1,105,0,0,0,0),(1213,'2136',7,'1307-LQC','DEPOSITO AGUA S/TAPA 206 1.4 1.6 ','','',23,57,6100,0,0,105,0,0,0,0),(1214,'2137',7,'1307-ZVC','MANGUERA DEP. A RADIADOR PARTN BERL 04>','','',23,57,3300,0,1,105,0,0,0,0),(1215,'2138',7,'1323-23D','DEPOSITO AGUA PARTBERL   04>','','',23,57,7400,0,1,105,0,0,0,0),(1216,'2139',7,'1323-Y4A','MANGUERA DEP. A RAD. 308/3008/5008/C-4 PICASS','','',23,57,5300,0,1,105,0,0,0,0),(1217,'2140',7,'1531-20C','TUERCA BBA.COMBUSTIBLE 306 1.6','','',23,57,1400,0,1,105,0,0,0,0),(1218,'2141',7,'1573-RNA','MANGUERA RET.COMBUST.A ESTANQUE 206 BENC','','',23,57,5500,0,1,105,0,0,0,0),(1219,'2142',7,'1981-0580B','GOLILLA INYECTOR C/U 301/PARTN/BERL/C-ELY/208 1.6','','',23,31,1225,0,8,105,0,0,0,0),(1220,'2143',7,'1982-833A','PERNO ESPARRAGO C/U PARTN/BERL 1.6 16V','','',23,31,463,0,16,105,0,0,0,0),(1221,'2144',7,'5035-19G','ROD.CAZOLETA 106/205/305/306/309/301/505/PARTN/MEG ','','',23,55,2990,0,2,105,0,0,0,0),(1222,'2145',7,'6340-A3C','FAROL PATENTE 206/PARTN/BERL >12','','',23,55,1990,0,2,105,0,0,0,0),(1223,'2146',7,'R9260-H','TAPA DEP.AGUA 205/505/9/11/18/19','','',23,57,1200,0,0,105,0,0,0,0),(1224,'2147',7,'1323-X6A','DEPOSITO AGUA PARTTEPEE/3008/5008','','',23,57,8200,0,1,105,0,0,0,0),(1225,'2148',7,'1336-44C','TAPA SALIDA AGUA 306 ','','',23,57,1500,0,1,105,0,0,0,0),(1226,'2149',7,'1336-A1C','TAPA TERMOSTATO C/SANGRADOR 405','','',23,57,1700,0,1,105,0,0,0,0),(1227,'2150',7,'1336-C9C','TAPA TERMOSTATO C-15/PARTNBERL 1.9','','',23,57,1700,0,1,105,0,0,0,0),(1228,'2151',7,'1336-G3D','TAPA TERMOSTATO BOXER DIESEL','','',23,57,1900,0,1,105,0,0,0,0),(1229,'2152',7,'1336-G4C','ACOPLE SALIDA AGUA  PARTBERL 1.9','','',23,57,1990,0,1,105,0,0,0,0),(1230,'2153',7,'1336-N8C','ACOPLE SALIDA AGUA  PARTBERL 1.9 04>','','',23,57,2300,0,1,105,0,0,0,0),(1231,'2154',7,'1336-P0E','ACOPLE SALIDA AGUA  PARTBERL 1.9 DW8','','',23,57,3300,0,1,105,0,0,0,0),(1232,'2155',7,'1336-P5C','ACOPLE SALIDA AGUA  307/XSARA/BOXER HDI 2.0','','',23,57,2100,0,1,105,0,0,0,0),(1233,'2156',7,'1434-45','MANGUERA AIRE RESONADOR  (TURBO) 107/206/207/C-3 1.4 HDI','','',23,57,6990,0,1,105,0,0,0,0),(1234,'2157',7,'1798-830A','PICARON ESCAPE (MALLA 60*46) PARTN BERL/BOX/XUD9/306 1.4','','',23,57,2150,0,1,105,0,0,0,0),(1235,'2158',7,'1806-49A','BIELETA SOPORTE MOTOR CENTRAL PARTN BERL 04>','','',23,57,5100,0,1,105,0,0,0,0),(1236,'2159',0,'','BROCHES TODOS','','',24,57,100,0,976,105,0,0,0,0),(1237,'2160',7,'1982-REPB(C/U)','GOLILLAS INYECTOR C/U PARTNBERL1.6 16V 307/XSARA','','',23,57,1075,0,12,105,0,0,0,0),(1238,'2161',7,'1982-REPDV4','REP.INYECTOR (KIT) 206/207/C-2/C-3/BIPPER/NEMO','','',23,57,11500,0,1,105,0,0,0,0),(1239,'2162',7,'2052-Z0C','KIT EMBRAGUE PARTN 12> 301C-ELYS/308/208','','',23,31,79900,0,1,105,0,0,0,0),(1240,'2163',7,'2105-60A','CENTRADOR CAJA (2PERNOS)S/RETEN BIPPER/NEMO 1.3','','',23,57,5300,0,1,105,0,0,0,0),(1241,'2164',7,'2452-91C','BIELETA P/CAMBIO LARGA 206','','',23,57,5200,0,1,105,0,0,0,0),(1242,'2165',7,'R2038-A','EMP.CULATA 4M  R-19DIESEL/KANGOO','','',23,64,5500,0,1,105,0,0,0,0),(1243,'2166',7,'R9262-','TAPA DEP.AGUA CLIOII/KANG/MEG/LOG/FLUE','','',23,57,1400,0,1,105,0,0,0,0),(1244,'2167',7,'R9266-E','TAPA TERMOSTATO (3PERNOS)CLIOII/DUST/LOG/MEG/SAN','','',23,57,2200,0,1,105,0,0,0,0),(1245,'2168',7,'1323-86B','DEPOSITO AGUA S/TAPA 307/C-3/C-4','','',23,57,8200,0,1,105,0,0,0,0),(1246,'2169',7,'1323-CTB','DEPOSITO AGUA C/TAPA BIPPER/NEMO','','',23,57,8800,0,1,105,0,0,0,0),(1247,'2170',7,'1323-T9B','DEPOSITO AGUA 207/C-2/C-3/PICASO.','301 HDI','',23,57,4400,0,1,105,0,0,0,0),(1248,'2171',7,'4246-89E','DISCO FRENO JGO. (MACIZO247MM) 205/206/306/ZX1.4/C-15','','',23,77,10800,0,1,105,0,0,0,0),(1249,'2172',7,'4246-G6B','DISCO FRENO TRASERO JGO. (SOLIDO) 206TODOS/ZX/XASA','','',23,77,11500,0,1,105,0,0,0,0),(1250,'2173',7,'4246-R8C','DISCO FRENO JGO. (SOLIDO) 2061.4/C-3','','',23,77,14900,0,1,105,0,0,0,0),(1251,'2174',7,'4247-599A','TAMBOR FRENO S/ROD.JGO.301/C-ELYSEE','','',23,77,18900,0,1,105,0,0,0,0),(1252,'2175',7,'4247-599R','TAMBOR FRENO C/ROD.JGO.301/C-ELYSEE','','',23,77,31900,0,1,105,0,0,0,0),(1253,'2176',7,'4249-L22C','DISCO FRENO VENT.NEMO/BIPER 1.4','','',23,77,14800,0,1,105,0,0,0,0),(1254,'2177',7,'R1727-A','DISCO FRENO JGO. NEW SYMBOL K7M 14>','','',23,77,16100,0,1,105,0,0,0,0),(1255,'2178',5,'204613-K','PIOLA ACELERADOR (KIT) 306/405/205/305','','',19,105,3941,0,1,105,0,0,0,0),(1256,'2179',5,'207578-4','AMORTIGUADOR TRASERO 301/C-ELYSEE','','',19,50,10895,0,2,105,0,0,0,0),(1257,'2180',5,'301223-9','FILTRO ACEITE MEGANEII/KANGOO 1.5','','',19,50,3229,0,1,105,0,0,0,0),(1258,'2181',5,'302590-K','REP.P/CAMBIO MEGANEII/CLIO/1.9','','',19,57,5369,0,1,105,0,0,0,0),(1259,'2182',5,'202152-8','TUBO BOMBA A CIL.EMBRAGUE 301/C-ELY','','',23,31,13272,0,1,105,0,0,0,0),(1260,'2183',5,'302224-2','FUELLE TRANS.L/CAJA C/LATA LOGAN/SANDERO','','',21,56,9452,0,0,105,0,0,0,0),(1261,'2184',5,'203370-4','FAROL TRASERO IZQ.  PARTNBERL >03','','',23,56,8728,0,1,105,0,0,0,0),(1262,'2185',5,'203372-0','FAROL TRASERO DER.  PARTNBERL >03','','',23,56,8728,0,1,105,0,0,0,0),(1263,'2186',5,'203722-K','OPTICO IZQUIERDO 301 >16','','',23,106,28129,0,1,105,0,0,0,0),(1264,'2187',5,'203724-6','OPTICO DERECHO 301 >16','','',23,106,28129,0,1,105,0,0,0,0),(1265,'2188',5,'203852-8','FAROL TRASERO IZQ. 301 >17','','',23,106,18179,0,1,105,0,0,0,0),(1266,'2189',5,'203865-K','FAROL TRASERO DER. 301 >17','','',23,106,18179,0,1,105,0,0,0,0),(1267,'2190',5,'204003-4','ADITIVO FILTRO FAP (GEL DPF) PARTN 12>F','','',23,60,35553,0,1,105,0,0,0,0),(1268,'2191',5,'204317-3','FILTRO PETROLEO 301/C-ELY/PARTN 12>','','',23,53,11720,0,1,105,0,0,0,0),(1269,'2192',5,'210077-0','CORREA 6PK* 966 301/C-ELYS.','','',23,71,5935,0,2,105,0,0,0,0),(1270,'2193',5,'210924-7','CORREA 6PK*1020 308','','',23,85,4557,0,1,105,0,0,0,0),(1271,'2194',5,'212659-1','ROD.RUEDA DEL.C/ABS PARTN 12>/307/3008/208','','',23,96,15086,0,2,105,0,0,0,0),(1272,'2195',5,'215147-2','ESPEJO IZQUIERDO C/PERILLA PARTNBERL >11','','',23,57,8983,0,1,105,0,0,0,0),(1273,'2196',5,'315312-6','ESPEJO IZQUIERDO C/PERILLA CLIOII','','',23,57,11891,0,1,105,0,0,0,0),(1274,'2197',5,'315313-4','ESPEJO DERECHO C/PERILLA CLIOII','','',23,57,11891,0,1,105,0,0,0,0),(1275,'2198',0,'','PINOS TODOS ','','',24,57,430,0,20,105,0,0,0,0),(1276,'2199',7,'0831-2480A','KIT DIST.(CORREA/TENS/DESL) 2081.2','','',23,31,51500,0,0,105,0,0,0,0),(1277,'2200',7,'1444A-01B','FILTRO AIRE C29110  308II/3008II/JUMPY.','','D-4',23,31,8800,0,1,105,0,0,0,0),(1278,'2201',7,'1901-A3B','FILTRO PETROLEO WK853/21 BIPPER/NEMO 1.3HDI 13DTS.','','D-4',23,56,9500,0,1,105,0,0,0,0),(1279,'2202',7,'1906-680C','FILTRO PETROLEO PU7010Z  JUMPY/BOXER','','D-4',23,31,10500,0,0,105,0,0,0,0),(1280,'2203',6,'1109-K0A','FILTRO ACEITE  EXPERTIV/JUMPY/TRAVELL','','D-4',23,31,10500,0,2,105,0,0,0,0),(1281,'2204',6,'4534-40','BULBO FRENO 307 05> /C-3/C5/PARTBERL.','ENCHUFE BLANCO 4PINES','',23,74,4193,0,1,105,0,0,0,0),(1282,'2205',6,'4534-482','BULBO FRENO 307 06>/2071.416VA/407.','ENCHUFE VERDE 4PINES','',23,74,4924,0,1,105,0,0,0,0),(1283,'2206',6,'5960-122','BUJIA INCANDESCENTE 107/206/C2/C3/BIPPNEMO 1.4HDI','','D-4',23,64,4235,0,4,105,0,0,0,0),(1284,'2207',6,'5960-L4','BUJIA INCANDESCENTE BIPPER/NEMO 1.3HDI 13DTS.','','',23,64,4765,0,0,105,0,0,0,0),(1285,'2208',6,'5960-28B','BUJIA EXTRA LARGA 208/2008/C-ELYSEE 1.2VT.','','',23,67,3689,0,0,105,0,0,0,0),(1286,'2209',6,'C6-635194','FAROL TRASERO IZQ. ZX HATCHA','','D-4',22,55,14824,0,1,105,0,0,0,0),(1287,'2210',6,'C6-635195','FAROL TRASERO DER. ZX HATCHA','','',22,55,14824,0,1,105,0,0,0,0),(1288,'2211',6,'R-1199-40B','BUJIA CORTA JGO. L87YC   R-4/5/12TL','','',21,108,5529,0,1,105,0,0,0,0),(1289,'2212',7,'1444-TV','FILTRO AIRE C3585  301/C-ELYSE','','',23,74,2750,0,2,105,0,0,0,0),(1290,'2213',7,'1628-JFA','ELECTROVALVULA  407','','',23,55,22800,0,1,105,0,0,0,0),(1291,'2214',7,'6447-KK','FILTRO POLEN CU2940 C-3/307/308/C-4/XARPICAS 05>','','',23,74,1990,0,1,105,0,0,0,0),(1292,'2215',7,'6976-06B','CHAVETA CIGUEÑAL  PARTBERL XUD9/DW8','','',23,57,1250,0,1,105,0,0,0,0),(1293,'2216',7,'9736-A0','ADITIVO FAP 1 LITRO 301/C-ELYSEE','','',23,31,45200,0,1,105,0,0,0,0),(1294,'2217',5,'203753-K','OPTICO DERECHO 206 03>08','MONOPARABOLA (26 08-09 ARG-26 03-09 FRANCES)','',19,106,24892,0,0,105,0,0,0,0),(1295,'2218',5,'201415-7','FILTRO ACEITE ELEMENTO HU716/2X  301/C-ELYSEE','','',23,93,1832,0,2,105,0,0,0,0),(1296,'2219',5,'201780-6','TAPA ACEITE  PART1.9/1.6 /BIPP/BOX','PART.1,6 HDI-BOXER HDI-EXPERT HDI 1,6-BIPPER/BERLINGO/PICASSO/C4 1.6 HDI','',23,31,3301,0,1,105,0,0,0,0),(1297,'2220',5,'210008-8','ADITIVO COMBUSTIBLE FAP(BOLSA FLEXIBLE) 301/C-ELY','GEL ADITIVO COMBUSTIBLE FILTRO FAP (DPF) BOLSA FLEXIBLE   C-ELYSEE HDI 1,6 / P301 HDI 1,6','',23,31,75970,0,0,105,0,0,0,0),(1298,'2221',7,'0249-A90A','EMP.TAPA VALVULA JGO.(2) >05 307/2061.6 16VAL','','',23,92,1600,0,2,105,0,0,0,0),(1299,'2222',7,'0249-A90A','EMP.TAPA VALVULA 06> 307/2061.6 16VAL','PLACAS PLASTICAS ','',23,92,4500,0,2,105,0,0,0,0),(1300,'2223',7,'1104-36A','ORING ENFRIADOR ACEITE JGO. PART-BER-EXP-307 DV6/206-C3','\nAplicacion: PART-BER-EXP-307 DV6/206-C3DV4','',23,57,2500,0,1,105,0,0,0,0),(1301,'2224',7,'3748-90A','ROD.RUEDA TRAS.30*62*48   207/307>06/DS3/C3 PICASSO/C4','207/307>06/DS3/C3 PICASSO/C4','',23,64,8990,0,2,105,0,0,0,0),(1302,'2225',7,'6438-AVC','SAPITO AGUA C/U   206','','',23,31,3300,0,2,105,0,0,0,0),(1303,'2226',7,'9736A-00B','LIQUIDO BLUE UREA 10LTS  BLUE HDI 208/308/508/2008/EXP4',' BLUE HDI 208/308/508/2008/EXP4','',23,57,5990,0,2,105,0,0,0,0),(1304,'2227',5,'201603-6','BULBO ACEITE BIPPER/NEMO1.3  HDI','','',23,110,1990,0,1,105,0,0,0,0),(1305,'2228',5,'210349-4','FILTRO AIRE BIPPER/NEMO HDI 1,3','','',23,53,7839,0,1,105,0,0,0,0),(1306,'2229',5,'306544-8','PASTILLA FRENO 19/CLIOI MEGANLOG/SAND','','',21,64,7275,0,1,105,0,0,0,0),(1307,'2230',5,'306621-5','PASTILLA FRENO 19/CLIOI MEGANLOG/SAND','','',21,55,3959,0,1,105,0,0,0,0),(1308,'2231',5,'204018-2','BOMBA BENCINA ELECTRICA 308/207/307','','',23,55,9046,0,1,105,0,0,0,0),(1309,'2232',5,'206470-7','PASTILLA FRENO  405 93>','','',23,55,3972,0,1,105,0,0,0,0),(1310,'2233',5,'215039-5','ACEITE CAJA 75W90 2LTS SINTETICO YACCO.','','',23,73,10475,0,6,105,0,0,0,0),(1311,'2234',5,'215039-5','ACEITE CAJA 75W80 2LTS MINERAL YACCO','','',23,73,8869,0,5,105,0,0,0,0),(1312,'2235',5,'303684-7','BUJIA INCANDESCENTE CLIO DCI/KANGO1.5>12.','TURBO DIESEL-KANGOO DCI 1,5-CLIO DCI   SIN HILO EN LA PUNTA','',23,64,2875,0,4,105,0,0,0,0),(1313,'2236',5,'303730-4','BUJIA INCANDESCENTE DOKK/CAPTUR/KANGII 14>.','KNG.II-DOKKER-CAPTUR (DCI 1,5) SIN HILO EN LA PUNTA ','',21,64,4683,0,4,105,0,0,0,0),(1314,'2237',5,'201629-K','PERNO ROD.TENSOR DIST. PARTN 1.9 01>','','',23,74,4289,0,0,105,0,0,0,0),(1315,'2238',5,'203083-7','SENSOR CIGUEÑAL 306/307','','',23,61,11730,0,0,105,0,0,0,0),(1316,'2239',7,'1103-K4A','TAPA FILTRO ACEITE  C3/C4/PIC/BER/PAR/307/EXPT/301','','',23,57,3100,0,1,105,0,0,0,0),(1317,'2240',7,'1346-Z2E','MANGUERA SUP.RADIADOR 206','','',23,57,2900,0,1,105,0,0,0,0),(1318,'2241',7,'1807-GWC','SOPORTE MOTOR DER.208/2008/301 1.6 ','','',23,57,21500,0,1,105,0,0,0,0),(1319,'2242',7,'2452-G1A','BIELETA P/CAMBIO  301/307','','',23,57,2500,0,2,105,0,0,0,0),(1320,'2243',7,'5038-855A','CAZOLETA C/ROD.(KIT) 307/308/C4 PICASSO/BERL ','','',23,57,5800,0,2,105,0,0,0,0),(1321,'2244',7,'5962-CLC','BUJIA INCANDESCENTE KANGOO 1.9','','',23,57,1880,0,4,105,0,0,0,0),(1322,'2245',0,'ORRING','ORRING','','',23,57,40,0,414,105,0,0,0,0),(1323,'2246',0,'','DADOS JGOS.40 PIEZAS ','','',23,57,5000,0,2,105,0,0,0,0),(1324,'2247',5,'201786-5','SOPORTE ESCAPE 301/207/BOXER','','',23,56,4884,0,1,105,0,0,0,0),(1325,'2248',5,'202503-5','PIOLA EMBRAGUE C/AUTOREG. PARTNBERL 05>','','',23,74,11615,0,1,105,0,0,0,0),(1326,'2249',5,'203071-3','BUJIA INCANDESCENTE (CORTA) R-19/BOX/PART >01 ','','',23,64,1786,0,4,105,0,0,0,0),(1327,'2250',5,'205213-K','EXTREMO DIRECCION IZQ. 301/C-ELYSS/207','','',23,56,5840,0,1,105,0,0,0,0),(1328,'2251',5,'205214-8','EXTREMO DIRECCION DER. 301/C-ELYSS/207','','',23,56,5840,0,1,105,0,0,0,0),(1329,'2252',5,'207620-9','CAZOLETA AMORTIGUADOR DEL. 301/208','208 TODOS-301 ','',23,56,5420,0,0,105,0,0,0,0),(1330,'2253',7,'4246-W9B','DISCO FRENO TRASERO (JGO) 307','','',23,77,12700,0,1,105,0,0,0,0),(1331,'2254',5,'206110-4','CILINDRO FRENO TRAS.DER/IZQ. 301/C-ELY/208','P208 1,2-301-208 1,6-208 HDI 1,6/','',23,64,9667,0,2,105,0,0,0,0),(1332,'2255',5,'207287-4','BANDEJA DERECHA S/ROT.306/ZX/PARTN','','',23,55,10304,0,1,105,0,0,0,0),(1333,'2256',5,'207492-3','GOMA CAZOLETA DEL. 301/C-ELYS/207','','',23,81,10387,0,2,105,0,0,0,0),(1334,'2257',5,'207551-2','BANDEJA IZQUIERDO C/ROT. 301/C-ELYSEE	','','',23,56,15991,0,1,105,0,0,0,0),(1335,'2258',5,'210400-8','EMP.TAPA VALVULA 1,6 8V.(PARTNER HDI-EXPERT-301-58-5008-2008)','HDI 1,6 8V.(PARTNER HDI-EXPERT-301-58-5008-2008)','',23,91,9391,0,1,105,0,0,0,0),(1336,'2259',5,'210526-8','RETENES VALVULA 26HDI 1,4 TODOS-EXPERT/1,6-PART.-301/1,6 8V','26HDI 1,4 TODOS-EXPERT HDI 1,6-PART.HDI-301(HDI 1,6 8V','',23,91,9580,0,1,105,0,0,0,0),(1337,'2260',10,'0024557','EXTREMO DIRECCION DER. C-3/DS3.','','',22,61,6230,0,1,105,0,0,0,0),(1338,'2261',10,'0024558','EXTREMO DIRECCION IZQ. C-3/DS3.','','',22,61,6230,0,1,105,0,0,0,0),(1339,'2262',10,'PE10028','BANDEJA IZQUIERDA 106/SAXO','','',22,55,23010,0,0,105,0,0,0,0),(1340,'2263',10,'PE10038','BANDEJA DERECHA 106/SAXO','','',22,55,23010,0,0,105,0,0,0,0),(1341,'2264',10,'006595','MOTOR PARTIDA PARTN/BERL/1.6 DIECEL','','',23,111,29500,0,1,105,0,0,0,0),(1342,'2265',10,'009542','FILTRO ACEITE W712/8   PART/BERL/306/AX/C-15','','',23,112,860,0,2,105,0,0,0,0),(1343,'2266',10,'009634','FILTRO AIRE (C.3087) 107/206/C-1/C-2/C-3/1.4 HDI.','','',23,112,2030,0,1,105,0,0,0,0),(1344,'2267',10,'0009822','FILTRO AIRE C33156 406/1.8 2.0 16V C-5','','',23,112,1880,0,1,105,0,0,0,0),(1345,'2268',10,'0009881','FILTRO AIRE C4371/1 307 1.6 16V 05/308 1.6 >07','','',23,112,2180,0,2,105,0,0,0,0),(1346,'2269',10,'0023173','FILTRO PETROLEO 301/C-ELYS/PART 12>.','','',23,113,4100,0,3,105,0,0,0,0),(1347,'2270',10,'0023566','FUELLE TRANS.L/RUEDA K4M CLIOII PLATI','','',23,55,1540,0,2,105,0,0,0,0),(1348,'2271',10,'0023583','RADIADOR LAGII/MEGII 2.0','','',23,55,14000,0,1,105,0,0,0,0),(1349,'2272',10,'0024583','ROTULA AXIAL 230MM 301/C-ELYS/207','','',23,61,4250,0,3,105,0,0,0,0),(1350,'2273',10,'0027882','FILTRO AIRE NEMO/BIPPER 1.3 HDI','','',23,55,3500,0,1,105,0,0,0,0),(1351,'2274',10,'0027982','FILTRO POLEN CU3448 206','','',23,113,2690,0,1,105,0,0,0,0),(1352,'2275',10,'0027995','FILTRO POLEN  SM3 ','','',23,113,1830,0,1,105,0,0,0,0),(1353,'2276',10,'0028020','BANDEJA DERECHA SM3','','',23,55,11740,0,1,105,0,0,0,0),(1354,'2277',10,'0028021','BANDEJA IZQUIERDA SM3','','',23,55,11740,0,1,105,0,0,0,0),(1355,'2278',10,'0031168','FILTRO AIRE 1444-VL  207 1.4','','',23,113,2210,0,1,105,0,0,0,0),(1356,'2279',10,'0031185','FILTRO POLEN (DOBLE) 301/C-ELYS.','','',23,113,2015,0,3,105,0,0,0,0),(1357,'2280',10,'0034194','FILTRO PETROLEO BIPPER/NEMO 1.3','','',23,113,2930,0,1,105,0,0,0,0),(1358,'2281',10,'0034424','ORING ENFRIADOR ACEITE JGO. PARTN/BERL/301/C-4 ETC','ORING DE ENFRIADOR Y BASE ENFRIADORA ','',23,55,1877,0,6,105,0,0,0,0),(1359,'2282',10,'9942172','TAPA TERMOSTATO 307/4062.0/XARPIC2.0','','',23,55,1550,0,1,105,0,0,0,0),(1360,'2283',10,'9942452','TUERCA BBA.COMBUSTIBLE PART/307','','',23,55,2750,0,1,105,0,0,0,0),(1361,'2284',10,'9946053','SENSOR CIGUEÑAL PARTN/BERL/XSARA1.9/406','','',23,55,6493,0,1,105,0,0,0,0),(1362,'2285',10,'PE40498','FAROL TAPAB.TRASPARE 206','','',23,55,1338,0,4,105,0,0,0,0),(1363,'2286',10,'0000624','EMP.MOTOR 206/3071.6 16V','','',23,55,18500,0,1,105,0,0,0,0),(1364,'2287',10,'0002590','EMP.CARTER 205/206/3061.4','','',23,55,2030,0,1,105,0,0,0,0),(1365,'2288',10,'0002591','EMP.CARTER 206/307/C-41.6 16VAL','','',23,55,1551,0,2,105,0,0,0,0),(1366,'2289',10,'0002615','EMP.MUL.ADM. (ORING JGO) 206/307/C-4/C-3','','',23,55,1070,0,2,105,0,0,0,0),(1367,'2290',10,'0002695','EMP.TAPA VALVULA 106/205/206/3061.4 ','','',23,55,1820,0,1,105,0,0,0,0),(1368,'2291',10,'0002696','EMP.TAPA VALVULA  206/3071.6 16V >05','GOMA','',23,55,1201,0,2,105,0,0,0,0),(1369,'2292',10,'0007985','ROTULA AXIAL PARTN/BERL 1.6 1.9','GOMA','',23,55,2819,0,2,105,0,0,0,0),(1370,'2293',10,'0008026','BIELETA B/ESTABILIZADORA 206/C-3','GOMA','',23,55,2600,0,4,105,0,0,0,0),(1371,'2294',10,'0008028','BIELETA B/ESTABILIZADORA 307/C-4','GOMA','',23,55,3200,0,2,105,0,0,0,0),(1372,'2295',10,'0009517','FILTRO ACEITE ELEMENTO HU711/51X 206/307','GOMA','',23,113,970,0,2,105,0,0,0,0),(1373,'2296',10,'0009617','FILTRO AIRE C1460  205/306','GOMA','',23,113,2060,0,1,105,0,0,0,0),(1374,'2297',10,'0009633','FILTRO AIRE  C25101 3071.6','GOMA','',23,113,2250,0,1,105,0,0,0,0),(1375,'2298',10,'0009821','FILTRO AIRE  C2159  206 1.4 1.6','GOMA','',23,113,1596,0,2,105,0,0,0,0),(1376,'2299',10,'0010453','AMORTIGUADOR TRASERO 206','GOMA','',23,113,12181,0,2,105,0,0,0,0),(1377,'2300',10,'0012539','MOTOR PARTIDA 205/206/207/C-3/3061.4','GOMA','',23,55,30350,0,1,105,0,0,0,0),(1378,'2301',10,'0014434','KIT EMBRAGUE 205/306/2061.4','GOMA','',23,114,23364,0,1,105,0,0,0,0),(1379,'2302',10,'9942451','TUERCA BBA.COMBUSTIBLE 206 1.4','GOMA','',23,55,2942,0,1,105,0,0,0,0),(1380,'2303',10,'9943638','ANILLOS STD. 75MM 3*2*2.5 CROM PART1.6HDI.','GOMA','',23,115,5752,0,1,105,0,0,0,0),(1381,'2304',10,'9943639','ANILLOS 0.60 75MM 3*2*2.5 CROM PART1.6HDI.','GOMA','',23,115,23008,0,1,105,0,0,0,0),(1382,'2305',10,'9943639','ANILLOS 0.60 75MM 3*2*2.5 CROM PART1.6HDI.','GOMA','',23,115,23008,0,0,105,0,0,0,0),(1383,'2306',10,'9947845','GUIAS VALVULAS JGO. PARTN/BERL/C-15/BOX1.9','GOMA','',23,116,9925,0,1,105,0,0,0,0),(1384,'2307',10,'PE2010','AMORTIGUADOR TRASERO 205/306/ZX/XSARA','GOMA','',23,55,8343,0,2,105,0,0,0,0),(1385,'2308',10,'PE20030','KIT EMBRAGUE 205/306/2061.4','GOMA','',23,117,32645,0,1,105,0,0,0,0),(1386,'2309',10,'PE40000','AMORTIGUADOR DEL.IZQ. 306/PARNBERL/ZX','GOMA','',23,55,11250,0,1,105,0,0,0,0),(1387,'2310',10,'PE40010','AMORTIGUADOR DEL.DER. 306/PARNBERL/ZX','GOMA','',23,55,11250,0,1,105,0,0,0,0),(1388,'2311',10,'PE50008','AMORTIGUADOR DEL.12MM  504/505 ','GOMA','',23,55,11730,0,2,105,0,0,0,0),(1389,'2312',10,'PE51110','RUTULA SUSPENSION 16MM LARGA 306/ZX/PARTNBERL','GOMA','',23,55,2880,0,2,105,0,0,0,0),(1390,'2313',10,'PE51140','BIELETA B/ESTABILIZADORA 306/PARTN/ZX','GOMA','',23,55,2980,0,4,105,0,0,0,0),(1391,'2314',10,'PE58001P','PASTILLA FRENO 301/C-ELY/307/206/PARTN 03>','GOMA','',23,113,7120,0,2,105,0,0,0,0),(1392,'2315',10,'0014815','KIT EJE LEVA (TENSOR/CADENA) PARTN 1.6 HDI C-4/XSARA/EXPER ','GOMA','',23,55,12429,0,1,105,0,0,0,0),(1393,'2316',10,'0016871','SILICONA GRIS 80ML LOCTITE','GOMA','',23,118,2400,0,12,105,0,0,0,0),(1394,'2317',10,'0023871','TRANS.L/RUEDA (PUNTA) 206 1.4 1.6','GOMA','',23,55,7980,0,2,105,0,0,0,0),(1395,'2318',10,'0023874','TRANS.L/CAJA DER. (PUNTA) 206 1.4 1.6','','',23,55,14680,0,1,105,0,0,0,0),(1396,'2319',10,'0023875','TRANS.L/CAJA IZQ. (PUNTA) 206 1.4 1.6','','',23,55,10800,0,1,105,0,0,0,0),(1397,'2320',10,'0024567','EXTREMO DIRECCION DER. CLIOII/MEG/KANG/SCEN','','',23,61,3370,0,2,105,0,0,0,0),(1398,'2321',10,'0024568','EXTREMO DIRECCION IZQ. CLIOII/MEG/KANG/SCEN','','',23,61,3370,0,2,105,0,0,0,0),(1399,'2322',10,'0024860','BOBINA ELECTRONICA PLANA 206 GRIS..','C-3 ENCHUFE GRIS/ENCHUFE GRIS-PARTN.1,4 04-HASTA,206 1,4/2,0 (8V.)','',23,55,18500,0,1,105,0,0,0,0),(1400,'2323',10,'0029269','KIT DIST.(CORREA/TENS/DESL) 301C-ELYSEPARTT12>EXPE','','',23,99,41700,0,1,105,0,0,0,0),(1401,'2324',10,'0030444','CILINDRO EMBRAGUE 307/C-4/C-3 TU5JP4','','',23,55,8898,0,1,105,0,0,0,0),(1402,'2325',10,'0032033','RETENES VALVULA 26HDI 1,4 TODOS-EXPERT/1,6-PART.-301/1,6 8V ','JUEGO 8 UNIDADES ','',23,55,4430,0,2,105,0,0,0,0),(1403,'2326',10,'0032039','EMP.MUL.ADM. (ORING JGO) 206/BIPP/207/C-3 1.4','','',23,55,1138,0,2,105,0,0,0,0),(1404,'2327',10,'0032043','EMP.MULT.ESCAPE 1.6HDI PARTBERL','','',23,55,1620,0,1,105,0,0,0,0),(1405,'2328',10,'0032079','EMP.MULT.ADMISION (ORING/JGO) 29.5MM PARTN 1.6 16 VAL C-4 HDI.','','',23,55,800,0,1,105,0,0,0,0),(1406,'2329',10,'0032080','EMP.MULT.ADMISION (ORING/JGO) 35MM PARTN 1.6 16 VAL C-4 HDI','','',23,55,800,0,0,105,0,0,0,0),(1407,'2330',10,'0032136','TAPA BANCADA TERMINADA PARTN/BERL 1.9','','',23,55,12900,0,1,105,0,0,0,0),(1408,'2331',10,'0032333','EMP.CULATA 2+5 BERL/PARTN/C-15/XSARA 1.9 DISEL.','','',23,77,9900,0,1,105,0,0,0,0),(1409,'2332',10,'0032380','EMP.TAPA VALVULA 06> 307/2061.6 16VAL','','',23,55,2380,0,4,105,0,0,0,0),(1410,'2333',10,'0034413','ENFRIADOR ACEITE 301/C-ELYS/PARTN/C-4 1.6 HDI','','',23,55,9061,0,1,105,0,0,0,0),(1411,'2334',10,'0034686','BOMBA BENCINA ELECTRICA  COMPLETA 307/C-4','','',23,55,29900,0,1,105,0,0,0,0),(1412,'2335',10,'0034713','FILTRO ACEITE ELEMENTO HU7033Z 301/208/2008/C-4 1.6BLUE','','',23,113,1510,0,3,105,0,0,0,0),(1413,'2336',10,'0152023','ROD.EMPUJE SM3 1.5 1.6','','',23,79,6443,0,1,105,0,0,0,0),(1414,'2337',10,'4400270','RETENES VALVULA 7MM 205/306/CLIO/106','','',23,77,3749,0,1,105,0,0,0,0),(1415,'2338',10,'70000072','ROD.RUEDA DEL.C/ABS 37*72*33 301/C-ELYS/207/DS3/208/2008','','',23,79,13532,0,2,105,0,0,0,0),(1416,'2339',10,'7603132','KIT DIST.(CORREA/TENSOR/DESL) 206/307 1.6 16 VAL	','','',23,99,30670,0,1,105,0,0,0,0),(1417,'2340',10,'7833100','ROD.TENSOR C/ALT.60*30*10 206/C-4/XSA','','',23,99,9332,0,1,105,0,0,0,0),(1418,'2341',10,'9941326','PASTILLA FRENO TRASERA 307/207/C-4','','',23,113,5570,0,1,105,0,0,0,0),(1419,'2342',10,'9941479','PASTILLA FRENO  MEGIII/LAGIII/LATIT ','','',23,113,7970,0,1,105,0,0,0,0),(1420,'2343',10,'9942170','TAPA TERMOSTATO PARTN/BERL/C-15 1.9','','',23,55,1443,0,1,105,0,0,0,0),(1421,'2344',10,'9942188','SEGURO PIOLA EMBRAGUE PARTBERL 1.9','','',23,55,969,0,2,105,0,0,0,0),(1422,'2345',10,'9942268','DEPOSITO AGUA 301/C-2/C-3/C-4/207/208/2008-C-ELYSE.','','',23,55,8837,0,1,105,0,0,0,0),(1423,'2346',10,'9942272','DEPOSITO AGUA 206 1.4 1.6','','',23,55,7972,0,1,105,0,0,0,0),(1424,'2347',10,'9942278','TAPA ACEITE PART1.9/1.6 /BIPP/BOX','','',23,55,1284,0,1,105,0,0,0,0),(1425,'2348',10,'9942421','SENSOR NIVEL DEP.AGUA  PARTN/BERL 1.9','','',23,55,4016,0,2,105,0,0,0,0),(1426,'2349',5,'212649-4','ROD.TENSOR C/ALT. 206/C-3 1.4HDI/37/27 HDI 1,6','','',23,55,9986,0,1,105,0,0,0,0),(1427,'2350',5,'212782-2','ROD.TENSOR C/ALTERN. PARTN1.9>01/307 1,6 BENC.','','',23,50,7539,0,1,105,0,0,0,0),(1428,'2351',5,'210954-9','FILTRO POLEN 5008-3008 **DOBLE**-NEW EXPERT','','',23,93,5599,0,1,105,0,0,0,0),(1429,'2352',5,'210601-9','ROD.TENSOR C/ALTERN.CHICO PARTNER/BERL 1.9->07','','',23,50,5422,0,1,105,0,0,0,0),(1430,'2353',5,'307100-6','BIELETA B/ESTABILIZADORA R-12TL','','',21,74,4392,0,2,105,0,0,0,0),(1431,'2354',6,'0606-65','METAL BIELA STD. 404/504/505','','',19,57,5850,0,1,105,0,0,0,0),(1432,'2355',6,'1906-E6','FILTRO PETROLEO 301/C-ELYS/PART 12>','','',23,54,8000,0,1,105,0,0,0,0),(1433,'2356',6,'3287-81','FUELLE TRANS.L/CAJA  PARTBERL 1.9/307 2.0','','',23,57,2700,0,2,105,0,0,0,0),(1434,'2357',5,'103153-8','CONDENSADOR T/DUC. 3CV/2CV','','',22,119,2883,0,1,105,0,0,0,0),(1435,'2358',7,'560111','EMP.CARTER  R-19 1.8 ECLAIRE/21','','',21,92,2883,0,1,105,0,0,0,0),(1436,'2359',10,'0032377','EMP.MOTOR S/EMP. 301/C-ELYSEE PART1.6 8V ','','',23,120,20000,0,1,105,0,0,0,0),(1437,'2360',7,'550011','EMP.CARTER  R-5/4L','','',21,92,2000,0,1,105,0,0,0,0),(1438,'2361',5,'204328-9','FILTRO PETROLEO EXPERT HDI 2,0-5008 HDI 2,0/C4 PICASSO/C5/DS4','','',23,53,7302,0,1,105,0,0,0,0),(1439,'2362',7,'1920-7P','SENSOR CIGUEÑAL 306/307','','',23,89,9990,0,2,105,0,0,0,0),(1440,'2363',7,'1901-81A','FILTRO PETROLEO WK939/2 PARTBERL1.6HDI','','',23,75,11700,0,2,105,0,0,0,0),(1441,'2364',7,'6340-F0A','FARL PATENTE  C-3/301/C-ELYSS','','',23,31,2500,0,4,105,0,0,0,0),(1442,'2365',7,'6479-E0A','FILTRO POLEN CU2040 BIPPER/NEMO 1.3 HDI','','',23,56,2100,0,2,105,0,0,0,0),(1443,'2366',7,'R2656-','FILTRO POLEN MEGANE III 2.0','','',23,75,7700,0,2,105,0,0,0,0),(1444,'2367',5,'207291-2','GOMA B/ESTABILIZADORA CENTRAL PARTNBERLI 1.4 1.6/1.9','','',23,64,2040,0,2,105,0,0,0,0),(1445,'2368',5,'310356-0','FILTRO POLEN MEGANE III','','',23,99,4972,0,1,105,0,0,0,0);

/*Table structure for table `proveedores` */

DROP TABLE IF EXISTS `proveedores`;

CREATE TABLE `proveedores` (
  `id` int(10) unsigned NOT NULL AUTO_INCREMENT,
  `rut` varchar(100) COLLATE utf8_spanish_ci DEFAULT NULL,
  `nombre` varchar(100) COLLATE utf8_spanish_ci DEFAULT NULL,
  `direccion` varchar(100) COLLATE utf8_spanish_ci DEFAULT NULL,
  `ciudad` int(3) DEFAULT NULL,
  `fono` varchar(100) COLLATE utf8_spanish_ci DEFAULT NULL,
  `contacto` varchar(100) COLLATE utf8_spanish_ci DEFAULT NULL,
  `correo` varchar(100) COLLATE utf8_spanish_ci DEFAULT 's/co',
  `observacion` text COLLATE utf8_spanish_ci DEFAULT NULL,
  `estado` int(11) DEFAULT 1,
  PRIMARY KEY (`id`)
) ENGINE=InnoDB AUTO_INCREMENT=11 DEFAULT CHARSET=utf8 COLLATE=utf8_spanish_ci;

/*Data for the table `proveedores` */

insert  into `proveedores`(`id`,`rut`,`nombre`,`direccion`,`ciudad`,`fono`,`contacto`,`correo`,`observacion`,`estado`) values (1,'52355657','VERSACHEM CHILE S.A','10 DE JULIO 388',279,'5632345','JUAN PEREZ','contacto@gmail.com','Sin Observacion',1),(4,'1112222','PRUE','JGJGJJ',58,'3440920','GH','FF','Sin Observacion',0),(5,'937250002','MANNHEIM SPA','10 DE JULIO 388',279,'','EDUARDO DIAZ','','Sin Observacion',1),(6,'875903004','CARLOS BOLOMEY SPA','EYZAGUIRRE',279,'22224425','ROBERTO GAETE','','Sin Observacion',1),(7,'995814307','ADRIAZOLA REPUESTOS SPA','AVDA. LAS INDUSTRIAS MAIPU',297,'23503300','','','Sin Observacion',1),(8,'931130005','J RIVEROS SAIC','SAN NICOLAS N960-SAN MAGUEL',279,'','','','Sin Observacion',1),(9,'764401506','EUROESPECIALISTA S.A.','SANTA ROSA NRO. 656',279,'226351919','MARCO','','Sin Observacion',1),(10,'965195009','REFAX CHILE SOCIEDAD ANONIMA ','PUERTO SANTIAGO 198 ',302,'','CESAR ','','Sin Observacion',1);

/*Table structure for table `provincias` */

DROP TABLE IF EXISTS `provincias`;

CREATE TABLE `provincias` (
  `id` int(3) NOT NULL DEFAULT 0,
  `nombre` varchar(23) DEFAULT NULL,
  `idRegion` int(2) DEFAULT NULL,
  PRIMARY KEY (`id`),
  KEY `PROVINCIA_REGION_ID` (`idRegion`),
  CONSTRAINT `provincias_ibfk_1` FOREIGN KEY (`idRegion`) REFERENCES `regiones` (`id`) ON UPDATE CASCADE
) ENGINE=InnoDB DEFAULT CHARSET=utf8;

/*Data for the table `provincias` */

insert  into `provincias`(`id`,`nombre`,`idRegion`) values (1,'Arica',15),(2,'Parinacota',15),(3,'Iquique',1),(4,'Tamarugal',1),(5,'Antofagasta',2),(6,'El Loa',2),(7,'Tocopilla',2),(8,'Copiapó',3),(9,'Chañaral',3),(10,'Huasco',3),(11,'Elqui',4),(12,'Choapa',4),(13,'Limarí',4),(14,'Valparaíso',5),(15,'Isla de Pascua',5),(16,'Los Andes',5),(17,'Petorca',5),(18,'Quillota',5),(19,'San Antonio',5),(20,'San Felipe de Aconcagua',5),(21,'Marga Marga',5),(22,'Cachapoal',6),(23,'Cardenal Caro',6),(24,'Colchagua',6),(25,'Talca',7),(26,'Cauquenes',7),(27,'Curicó',7),(28,'Linares',7),(29,'Concepción',8),(30,'Arauco',8),(31,'Biobío',8),(32,'Ñuble',8),(33,'Cautín',9),(34,'Malleco',9),(35,'Valdivia',14),(36,'Ranco',14),(37,'Llanquihue',10),(38,'Chiloé',10),(39,'Osorno',10),(40,'Palena',10),(41,'Coihaique',11),(42,'Aisén',11),(43,'Capitán Prat',11),(44,'General Carrera',11),(45,'Magallanes',12),(46,'Antártica Chilena',12),(47,'Tierra del Fuego',12),(48,'Última Esperanza',12),(49,'Santiago',13),(50,'Cordillera',13),(51,'Chacabuco',13),(52,'Maipo',13),(53,'Melipilla',13),(54,'Talagante',13);

/*Table structure for table `regiones` */

DROP TABLE IF EXISTS `regiones`;

CREATE TABLE `regiones` (
  `id` int(100) NOT NULL DEFAULT 0,
  `nombre` varchar(100) COLLATE utf8_spanish_ci DEFAULT NULL,
  `ISO_3166_2_CL` varchar(100) COLLATE utf8_spanish_ci DEFAULT NULL,
  PRIMARY KEY (`id`)
) ENGINE=InnoDB DEFAULT CHARSET=utf8 COLLATE=utf8_spanish_ci;

/*Data for the table `regiones` */

insert  into `regiones`(`id`,`nombre`,`ISO_3166_2_CL`) values (1,'Tarapaca','CL-TA'),(2,'Antofagasta','CL-AN'),(3,'Atacama','CL-AT'),(4,'Coquimbo','CL-CO'),(5,'Valparaíso','CL-VS'),(6,'Región del Libertador Gral Bernardo O\'Higgins','CL-LI'),(7,'Región del Maule','CL-ML'),(8,'Región del Biobío','CL-BI'),(9,'Región de la Araucanía','CL-AR'),(10,'Región de Los Lagos','CL-LL'),(11,'Región Aisén del Gral. Carlos Ibáñez del Campo','CL-AI'),(12,'Región de Magallanes y de la Antártica Chilena','CL-MA'),(13,'Región Metropolitana de Santiago','CL-RM'),(14,'Región de Los Ríos','CL-LR'),(15,'Arica y Parinacota','CL-AP');

/*Table structure for table `turnos` */

DROP TABLE IF EXISTS `turnos`;

CREATE TABLE `turnos` (
  `id` int(11) NOT NULL AUTO_INCREMENT,
  `tipo_turno` int(11) NOT NULL,
  `id_vendedor` int(11) NOT NULL,
  `fecha_inicio_turno` datetime NOT NULL,
  `fecha_termino_turno` datetime DEFAULT NULL,
  `caja_chica` int(15) NOT NULL,
  `caja_inicial` int(15) NOT NULL,
  `caja_final` int(15) NOT NULL,
  `transbank` int(15) NOT NULL,
  PRIMARY KEY (`id`)
) ENGINE=InnoDB AUTO_INCREMENT=2 DEFAULT CHARSET=utf8 COLLATE=utf8_spanish2_ci;

/*Data for the table `turnos` */

insert  into `turnos`(`id`,`tipo_turno`,`id_vendedor`,`fecha_inicio_turno`,`fecha_termino_turno`,`caja_chica`,`caja_inicial`,`caja_final`,`transbank`) values (1,1,1,'2019-12-04 13:44:46',NULL,0,10000,0,0);

/*Table structure for table `vendedores` */

DROP TABLE IF EXISTS `vendedores`;

CREATE TABLE `vendedores` (
  `id_vendedor` int(11) NOT NULL AUTO_INCREMENT,
  `nombreVendedor` varchar(100) CHARACTER SET utf8 COLLATE utf8_spanish_ci NOT NULL,
  `correoVendedor` varchar(100) CHARACTER SET utf8 COLLATE utf8_spanish_ci NOT NULL,
  `passwordVendedor` varchar(100) CHARACTER SET utf8 COLLATE utf8_spanish_ci NOT NULL,
  `nivel` int(2) NOT NULL DEFAULT 1,
  `activo` int(2) NOT NULL DEFAULT 1,
  PRIMARY KEY (`id_vendedor`)
) ENGINE=InnoDB AUTO_INCREMENT=5 DEFAULT CHARSET=utf8 COLLATE=utf8_spanish2_ci;

/*Data for the table `vendedores` */

insert  into `vendedores`(`id_vendedor`,`nombreVendedor`,`correoVendedor`,`passwordVendedor`,`nivel`,`activo`) values (1,'Vanessa Martínez','admin@gmail.com','123456',0,1);

/*Table structure for table `ventas` */

DROP TABLE IF EXISTS `ventas`;

CREATE TABLE `ventas` (
  `id` int(10) unsigned NOT NULL AUTO_INCREMENT,
  `id_vendedor` int(11) DEFAULT NULL,
  `fecha_venta` datetime DEFAULT '0000-00-00 00:00:00',
  `estado_venta` int(11) DEFAULT NULL,
  `id_cliente` int(11) DEFAULT NULL,
  `descuento` int(11) DEFAULT NULL,
  `descuento_pesos` int(11) DEFAULT NULL,
  `neto` int(11) DEFAULT NULL,
  `iva` int(11) DEFAULT NULL,
  `total` int(11) DEFAULT NULL,
  `total_sin_des` int(11) DEFAULT NULL,
  `fecha_nulo` datetime DEFAULT '0000-00-00 00:00:00',
  `observacion` text COLLATE utf8_spanish_ci DEFAULT NULL,
  `medio_pago` int(2) DEFAULT NULL,
  `id_turno` int(6) DEFAULT NULL,
  `id_cotizacion` varchar(100) COLLATE utf8_spanish_ci DEFAULT '1',
  `id_factura` varchar(100) COLLATE utf8_spanish_ci DEFAULT '1',
  `id_guia` varchar(100) COLLATE utf8_spanish_ci DEFAULT '1',
  `id_tarjeta` varchar(100) COLLATE utf8_spanish_ci DEFAULT '1',
  `id_boleta` varchar(100) COLLATE utf8_spanish_ci DEFAULT '1',
  PRIMARY KEY (`id`)
) ENGINE=InnoDB AUTO_INCREMENT=133 DEFAULT CHARSET=utf8 COLLATE=utf8_spanish_ci;

/*Data for the table `ventas` */

insert  into `ventas`(`id`,`id_vendedor`,`fecha_venta`,`estado_venta`,`id_cliente`,`descuento`,`descuento_pesos`,`neto`,`iva`,`total`,`total_sin_des`,`fecha_nulo`,`observacion`,`medio_pago`,`id_turno`,`id_cotizacion`,`id_factura`,`id_guia`,`id_tarjeta`,`id_boleta`) values (3,1,'2019-12-11 01:34:37',4,1,0,0,19244,3656,22900,22900,NULL,'',1,1,'1','undefined','undefined','undefined','undefined'),(6,1,'2019-12-11 20:26:42',4,0,0,0,46726,8878,55604,55604,NULL,'',1,1,'2','undefined','undefined','undefined','undefined'),(13,1,'2019-12-23 09:27:09',5,0,0,0,6555,1245,7800,7800,NULL,'',2,1,'undefined','undefined','undefined','1','undefined'),(14,1,'2019-12-23 09:29:00',5,0,0,0,31933,6067,38000,38000,NULL,'',2,1,'undefined','undefined','undefined','2','undefined'),(15,1,'2019-12-23 09:30:48',3,0,0,0,42857,8143,51000,51000,NULL,'',1,1,'undefined','undefined','1','undefined','undefined'),(16,1,'2019-12-23 09:41:47',1,0,0,0,122689,23311,146000,146000,NULL,'',1,1,'undefined','undefined','undefined','undefined','1'),(17,1,'2019-12-23 11:39:37',1,0,0,0,23109,4391,27500,27500,NULL,'',1,1,'undefined','undefined','undefined','undefined','2'),(18,1,'2019-12-23 11:50:29',1,0,0,0,7143,1357,8500,8500,NULL,'',1,1,'undefined','undefined','undefined','undefined','3'),(19,1,'2019-12-23 12:10:50',1,0,0,0,6050,1150,7200,7200,NULL,'',1,1,'undefined','undefined','undefined','undefined','4'),(20,1,'2019-12-23 17:08:32',4,0,0,0,38235,7265,45500,45500,NULL,'',1,1,'3','undefined','undefined','undefined','undefined'),(21,1,'2019-12-23 17:54:43',1,0,0,0,4202,798,5000,5000,NULL,'',1,1,'undefined','undefined','undefined','undefined','5'),(22,1,'2019-12-24 10:14:34',1,0,0,0,7563,1437,9000,9000,NULL,'',1,1,'undefined','undefined','undefined','undefined','6'),(23,1,'2019-12-25 17:52:15',1,0,0,0,5882,1118,7000,7000,NULL,'',1,1,'undefined','undefined','undefined','undefined','7'),(24,1,'2019-12-26 08:51:51',1,0,0,0,6723,1277,8000,8000,NULL,'',1,1,'undefined','undefined','undefined','undefined','8'),(25,1,'2019-12-26 10:50:37',2,0,0,0,27563,5237,32800,32800,NULL,'',1,1,'undefined','4','undefined','undefined','undefined'),(26,1,'2019-12-26 10:51:49',1,0,0,0,15126,2874,18000,18000,NULL,'',1,1,'undefined','undefined','undefined','undefined','9'),(27,1,'2019-12-26 11:05:29',4,0,0,0,49916,9484,59400,59400,NULL,'',1,1,'4','undefined','undefined','undefined','undefined'),(28,1,'2019-12-26 11:36:16',5,0,0,0,9244,1756,11000,11000,NULL,'',3,1,'undefined','undefined','undefined','3','undefined'),(29,1,'2019-12-26 12:54:11',1,0,0,0,31933,6067,38000,38000,NULL,'',1,1,'undefined','undefined','undefined','undefined','11'),(30,1,'2019-12-26 12:54:46',1,0,0,0,1681,319,2000,2000,NULL,'',1,1,'undefined','undefined','undefined','undefined','10'),(31,1,'2019-12-26 14:40:46',2,0,0,0,13445,2555,16000,16000,NULL,'',1,1,'undefined','5','undefined','undefined','undefined'),(33,1,'2019-12-26 15:30:14',1,0,0,0,252,48,300,300,NULL,'',1,1,'undefined','undefined','undefined','undefined','13'),(34,1,'2019-12-26 15:38:17',1,0,0,0,10084,1916,12000,12000,NULL,'',1,1,'undefined','undefined','undefined','undefined','12'),(35,1,'2019-12-26 16:20:06',2,0,0,0,49916,9484,59400,59400,NULL,'',1,1,'undefined','6','undefined','undefined','undefined'),(36,1,'2019-12-26 18:01:17',1,0,0,0,18319,3481,21800,21800,NULL,'',1,1,'undefined','undefined','undefined','undefined','14'),(37,1,'2019-12-26 18:08:09',1,0,0,0,1681,319,2000,2000,NULL,'',1,1,'undefined','undefined','undefined','undefined','15'),(38,1,'2019-12-27 09:00:28',1,0,0,0,13866,2634,16500,16500,NULL,'',1,1,'undefined','undefined','undefined','undefined','16'),(39,1,'2019-12-27 09:23:28',2,0,0,0,35042,6658,41700,41700,NULL,'',1,1,'undefined','7','undefined','undefined','undefined'),(40,1,'2019-12-27 10:17:12',5,0,0,0,26891,5109,32000,32000,NULL,'',2,1,'undefined','undefined','undefined','4','undefined'),(41,1,'2019-12-27 13:35:08',1,0,0,0,4622,878,5500,5500,NULL,'',1,1,'undefined','undefined','undefined','undefined','18'),(42,1,'2019-12-27 13:41:18',1,0,0,0,420,80,500,500,NULL,'',1,1,'undefined','undefined','undefined','undefined','17'),(43,1,'2019-12-27 14:12:37',1,0,0,0,8403,1597,10000,10000,NULL,'',1,1,'undefined','undefined','undefined','undefined','19'),(44,1,'2019-12-27 15:28:41',1,0,0,0,50420,9580,60000,60000,NULL,'',1,1,'undefined','undefined','undefined','undefined','20'),(45,1,'2019-12-27 15:53:35',1,0,0,0,10084,1916,12000,12000,NULL,'',1,1,'undefined','undefined','undefined','undefined','21'),(46,1,'2019-12-27 15:55:15',5,0,0,0,18487,3513,22000,22000,NULL,'',2,1,'undefined','undefined','undefined','6','undefined'),(47,1,'2019-12-27 15:59:25',5,0,0,0,6723,1277,8000,8000,NULL,'',2,1,'undefined','undefined','undefined','5','undefined'),(48,1,'2019-12-27 16:33:09',1,0,0,0,13866,2634,16500,16500,NULL,'',1,1,'undefined','undefined','undefined','undefined','24'),(49,1,'2019-12-27 16:45:11',3,0,0,0,23109,4391,27500,27500,NULL,'',2,1,'undefined','undefined','2','undefined','undefined'),(50,1,'2019-12-27 16:49:57',1,0,0,0,8403,1597,10000,10000,NULL,'',1,1,'undefined','undefined','undefined','undefined','23'),(51,1,'2019-12-27 17:23:28',1,0,0,0,5042,958,6000,6000,NULL,'',1,1,'undefined','undefined','undefined','undefined','25'),(52,1,'2019-12-27 17:26:33',1,0,0,0,15966,3034,19000,19000,NULL,'',1,1,'undefined','undefined','undefined','undefined','22'),(53,1,'2019-12-27 17:58:20',5,0,0,0,19328,3672,23000,23000,NULL,'',2,1,'undefined','undefined','undefined','8','undefined'),(54,1,'2019-12-27 18:11:47',5,0,0,0,38235,7265,45500,45500,NULL,'',2,1,'undefined','undefined','undefined','9','undefined'),(55,1,'2019-12-28 09:24:56',1,0,0,0,62185,11815,74000,74000,NULL,'',1,1,'undefined','undefined','undefined','undefined','26'),(56,1,'2019-12-28 09:30:08',5,0,0,0,5462,1038,6500,6500,NULL,'',2,1,'undefined','undefined','undefined','10','undefined'),(57,1,'2019-12-28 09:37:27',5,0,0,0,5798,1102,6900,6900,NULL,'',2,1,'undefined','undefined','undefined','11','undefined'),(58,1,'2019-12-28 09:48:09',5,0,0,0,23529,4471,28000,28000,NULL,'',2,1,'undefined','undefined','undefined','12','undefined'),(59,1,'2019-12-28 09:56:35',1,0,0,0,6723,1277,8000,8000,NULL,'',1,1,'undefined','undefined','undefined','undefined','27'),(60,1,'2019-12-28 12:05:50',1,0,0,0,10924,2076,13000,13000,NULL,'',1,1,'undefined','undefined','undefined','undefined','28'),(61,1,'2019-12-28 12:48:29',1,0,0,0,840,160,1000,1000,NULL,'',1,1,'undefined','undefined','undefined','undefined','29'),(62,1,'2019-12-28 12:57:41',1,0,0,0,6050,1150,7200,7200,NULL,'',1,1,'undefined','undefined','undefined','undefined','30'),(63,1,'2019-12-29 10:10:42',1,0,0,0,840,160,1000,1000,NULL,'',1,1,'undefined','undefined','undefined','undefined','31'),(64,1,'2019-12-29 11:01:44',1,0,0,0,5882,1118,7000,7000,NULL,'',1,1,'undefined','undefined','undefined','undefined','32'),(65,1,'2019-12-29 11:13:04',1,0,0,0,2269,431,2700,2700,NULL,'',1,1,'undefined','undefined','undefined','undefined','33'),(66,1,'0000-00-00 00:00:00',3,0,0,0,1008,192,1200,1200,NULL,'',1,1,'undefined','undefined','3','undefined','undefined'),(67,1,'2019-12-30 00:00:00',1,0,0,0,7143,1357,8500,8500,NULL,'',1,1,'undefined','undefined','undefined','undefined','34'),(68,1,'2019-12-30 00:00:00',2,0,0,0,5042,958,6000,6000,NULL,'',1,1,'undefined','8','undefined','undefined','undefined'),(69,1,'2019-12-30 00:00:00',1,0,0,0,33613,6387,40000,40000,NULL,'',1,1,'undefined','undefined','undefined','undefined','35'),(70,1,'2019-12-30 00:00:00',5,0,0,0,10084,1916,12000,12000,NULL,'',2,1,'undefined','undefined','undefined','14','undefined'),(71,1,'2019-12-30 00:00:00',1,0,0,0,107563,20437,128000,128000,NULL,'',1,1,'undefined','undefined','undefined','undefined','36'),(72,1,'2019-12-30 00:00:00',1,0,0,0,252,48,300,300,NULL,'',1,1,'undefined','undefined','undefined','undefined','37'),(73,1,'2019-12-30 00:00:00',5,0,0,0,40756,7744,48500,48500,NULL,'',1,1,'undefined','undefined','undefined','13','undefined'),(74,1,'2019-12-31 00:00:00',1,0,0,0,28571,5429,34000,34000,NULL,'',2,1,'undefined','undefined','undefined','undefined','38'),(75,1,'2019-12-31 00:00:00',1,0,0,0,13109,2491,15600,15600,NULL,'',1,1,'undefined','undefined','undefined','undefined','39'),(76,1,'2019-12-31 00:00:00',1,0,0,0,17647,3353,21000,21000,NULL,'',1,1,'undefined','undefined','undefined','undefined','40'),(77,1,'2019-12-31 00:00:00',1,0,0,0,105042,19958,125000,125000,NULL,'',1,1,'undefined','undefined','undefined','undefined','41'),(78,1,'2019-12-31 00:00:00',5,0,0,0,11345,2155,13500,13500,NULL,'',2,1,'undefined','undefined','undefined','16','undefined'),(82,1,'2020-01-02 00:00:00',1,0,0,0,840,160,1000,1000,NULL,'',1,1,'undefined','undefined','undefined','undefined','42'),(83,1,'2020-01-02 00:00:00',1,0,0,0,13025,2475,15500,15500,NULL,'',1,1,'undefined','undefined','undefined','undefined','43'),(84,1,'2020-01-02 00:00:00',1,0,0,0,25210,4790,30000,30000,NULL,'',1,1,'undefined','undefined','undefined','undefined','44'),(85,1,'2020-01-02 00:00:00',1,0,0,0,6050,1150,7200,7200,NULL,'',1,1,'undefined','undefined','undefined','undefined','45'),(86,1,'2020-01-02 00:00:00',2,2,0,0,27059,5141,32200,32200,NULL,'',1,1,'undefined','9','undefined','undefined','undefined'),(87,1,'2020-01-02 00:00:00',2,3,0,0,6723,1277,8000,8000,NULL,'',1,1,'undefined','10','undefined','undefined','undefined'),(88,1,'2020-01-02 00:00:00',1,0,0,0,11681,2219,13900,13900,NULL,'',1,1,'undefined','undefined','undefined','undefined','46'),(89,1,'2020-01-02 00:00:00',3,0,0,0,504,96,600,600,NULL,'',1,1,'undefined','undefined','4','undefined','undefined'),(90,1,'2020-01-02 00:00:00',2,2,0,0,16387,3113,19500,19500,NULL,'',1,1,'undefined','11','undefined','undefined','undefined'),(91,1,'2020-01-02 00:00:00',5,0,0,0,4622,878,5500,5500,NULL,'',2,1,'undefined','undefined','undefined','19','undefined'),(92,1,'2020-01-02 00:00:00',1,0,0,0,8739,1661,10400,10400,NULL,'',1,1,'undefined','undefined','undefined','undefined','47'),(93,1,'2020-01-02 00:00:00',1,0,0,0,6723,1277,8000,8000,NULL,'',1,1,'undefined','undefined','undefined','undefined','48'),(94,1,'2020-01-02 00:00:00',1,0,0,0,13445,2555,16000,16000,NULL,'',1,1,'undefined','undefined','undefined','undefined','49'),(95,1,'2020-01-02 00:00:00',5,0,0,0,5714,1086,6800,6800,NULL,'',2,1,'undefined','undefined','undefined','20','undefined'),(96,1,'2020-01-02 00:00:00',4,0,0,0,18487,3513,22000,22000,NULL,'',1,1,'5','undefined','undefined','undefined','undefined'),(97,1,'2020-01-02 00:00:00',5,0,0,0,32353,6147,38500,38500,NULL,'',2,1,'undefined','undefined','undefined','21','undefined'),(98,1,'2020-01-02 00:00:00',5,0,0,0,19748,3752,23500,23500,NULL,'',2,1,'undefined','undefined','undefined','22','undefined'),(99,1,'2020-01-03 00:00:00',1,0,0,0,4538,862,5400,5400,NULL,'',1,1,'undefined','undefined','undefined','undefined','50'),(103,1,'2020-01-03 00:00:00',1,0,0,0,9664,1836,11500,11500,NULL,'',1,1,'undefined','undefined','undefined','undefined','51'),(105,1,'2020-01-03 00:00:00',5,0,0,0,9412,1788,11200,11200,NULL,'',2,1,'undefined','undefined','undefined','24','undefined'),(106,1,'2020-01-03 00:00:00',5,0,0,0,40000,7600,47600,47600,NULL,'',3,1,'undefined','undefined','undefined','26','undefined'),(107,1,'2020-01-03 00:00:00',1,0,0,0,504,96,600,600,NULL,'',1,1,'undefined','undefined','undefined','undefined','52'),(108,1,'2020-01-03 00:00:00',5,0,0,0,88235,16765,105000,105000,NULL,'',2,1,'undefined','undefined','undefined','27','undefined'),(109,1,'2020-01-03 00:00:00',5,0,0,0,22689,4311,27000,27000,NULL,'',2,1,'undefined','undefined','undefined','25','undefined'),(110,1,'2020-01-03 00:00:00',1,0,0,0,20168,3832,24000,24000,NULL,'',1,1,'undefined','undefined','undefined','undefined','53'),(111,1,'2020-01-03 00:00:00',1,0,0,0,7983,1517,9500,9500,NULL,'',1,1,'undefined','undefined','undefined','undefined','55'),(112,1,'2020-01-03 00:00:00',1,0,0,0,6723,1277,8000,8000,NULL,'',1,1,'undefined','undefined','undefined','undefined','54'),(113,1,'2020-01-03 00:00:00',2,4,0,0,7563,1437,9000,9000,NULL,'',1,1,'undefined','12','undefined','undefined','undefined'),(114,1,'2020-01-03 00:00:00',1,0,0,0,2353,447,2800,2800,NULL,'',1,1,'undefined','undefined','undefined','undefined','58'),(115,1,'2020-01-03 00:00:00',1,0,0,0,336,64,400,400,NULL,'',1,1,'undefined','undefined','undefined','undefined','57'),(116,1,'2020-01-03 00:00:00',1,0,0,0,77311,14689,92000,92000,NULL,'',1,1,'undefined','undefined','undefined','undefined','56'),(117,1,'2020-01-03 00:00:00',1,0,0,0,2353,447,2800,2800,NULL,'',1,1,'undefined','undefined','undefined','undefined','59'),(118,1,'2020-01-04 00:00:00',1,0,0,0,2941,559,3500,3500,NULL,'',1,1,'undefined','undefined','undefined','undefined','60'),(119,1,'2020-01-04 00:00:00',1,0,0,0,16807,3193,20000,20000,NULL,'',1,1,'undefined','undefined','undefined','undefined','61'),(120,1,'2020-01-04 00:00:00',1,0,0,0,25210,4790,30000,30000,NULL,'',1,1,'undefined','undefined','undefined','undefined','62'),(121,1,'2020-01-04 00:00:00',1,0,0,0,36975,7025,44000,44000,NULL,'',1,1,'undefined','undefined','undefined','undefined','63'),(122,1,'2020-01-04 00:00:00',1,0,0,0,13445,2555,16000,16000,NULL,'',1,1,'undefined','undefined','undefined','undefined','64'),(123,1,'2020-01-04 00:00:00',1,0,0,0,33193,6307,39500,39500,NULL,'',1,1,'undefined','undefined','undefined','undefined','65'),(124,1,'2020-01-04 00:00:00',1,0,0,0,4202,798,5000,5000,NULL,'',1,1,'undefined','undefined','undefined','undefined','66'),(125,1,'2020-01-04 00:00:00',3,0,0,0,840,160,1000,1000,NULL,'',1,1,'undefined','undefined','5','undefined','undefined'),(126,1,'2020-01-06 00:00:00',4,0,0,0,28571,5429,34000,34000,NULL,'',1,1,'6','undefined','undefined','undefined','undefined'),(127,1,'2020-01-06 00:00:00',2,5,0,0,36134,6866,43000,43000,NULL,'',1,1,'undefined','13','undefined','undefined','undefined'),(128,1,'2020-01-06 00:00:00',4,0,0,0,192437,36563,229000,229000,NULL,'',1,1,'7','undefined','undefined','undefined','undefined'),(129,1,'2020-01-06 00:00:00',1,0,0,0,2521,479,3000,3000,NULL,'',1,1,'undefined','undefined','undefined','undefined','67'),(130,1,'2020-01-06 00:00:00',4,0,0,0,59664,11336,71000,71000,NULL,'',1,1,'8','undefined','undefined','undefined','undefined'),(131,1,'2020-01-06 00:00:00',4,0,0,0,70168,13332,83500,83500,NULL,'',1,1,'9','undefined','undefined','undefined','undefined'),(132,1,'2020-01-06 00:00:00',4,0,0,0,70168,13332,83500,83500,NULL,'',1,1,'10','undefined','undefined','undefined','undefined');

/*Table structure for table `ventas_relacional` */

DROP TABLE IF EXISTS `ventas_relacional`;

CREATE TABLE `ventas_relacional` (
  `id` int(10) unsigned NOT NULL AUTO_INCREMENT,
  `codigo_producto` varchar(100) COLLATE utf8_spanish_ci DEFAULT NULL,
  `precio_unitario` int(11) DEFAULT NULL,
  `cantidad` int(11) DEFAULT NULL,
  `total_unitario` int(11) DEFAULT NULL,
  `id_venta` int(11) DEFAULT NULL,
  `nombre_producto` varchar(100) COLLATE utf8_spanish_ci DEFAULT NULL,
  `descuento_producto` int(11) DEFAULT 0,
  `id_proveedor` int(11) DEFAULT 0,
  PRIMARY KEY (`id`)
) ENGINE=InnoDB AUTO_INCREMENT=203 DEFAULT CHARSET=utf8 COLLATE=utf8_spanish_ci;

/*Data for the table `ventas_relacional` */

insert  into `ventas_relacional`(`id`,`codigo_producto`,`precio_unitario`,`cantidad`,`total_unitario`,`id_venta`,`nombre_producto`,`descuento_producto`,`id_proveedor`) values (3,'11534',22900,1,22900,3,'AMORTIGUADOR DEL.DER. SM3',0,5),(6,'6649',4612,2,2306,6,'ABRAZADERA PORTA FILTRO PETROLEO PARTNER.',0,5),(7,'9062',10992,1,10992,6,'ACOPLE TOMA BOMBA AGUA',0,5),(8,'11534',40000,2,20000,6,'AMORTIGUADOR DEL.DER. SM3',0,5),(23,'1853',4800,1,4800,13,'RETENES VALVULA 7MM 205/306/CLIO/106',0,5),(24,'1378',3000,1,3000,13,'CORREA 9.5*675 19TS',0,5),(25,'1656',38000,1,38000,14,'INYECTOR AZUL 206 1.4 1.6',0,5),(26,'1997',46000,1,46000,15,'TRANS.DERECHA CLIOII KANGO1.6 1.9',0,5),(27,'1697',5000,2,2500,15,'GOMA B/ESTABIL.PUNTA R-19/MEGANE',0,5),(28,'1974',15000,1,15000,16,'SENSOR GOLPETEO(DETONACION) R-19/CLIO/CLIOII',0,5),(29,'1823',6000,1,6000,16,'TAPA TERMOSTATO CLIO II MEGSCEN',0,5),(30,'1984',6500,1,6500,16,'TERMOSTATO 89° 206/CLIOII MEGSCE',0,5),(31,'1983',7000,1,7000,16,'TUBO CALEFACCION CLIOII MEGSCEN',0,5),(32,'1317',7500,1,7500,16,'CORREA 5PK*1105 S/A/A CLIOII',0,5),(33,'1980',15000,1,15000,16,'TENSOR CORREA ALT.S/A/A CLIOII',0,5),(34,'1126',8000,4,2000,16,'BUJIA DELGADA C/RESIS 254536ZXCLIO 2061.4',0,7),(35,'1780',18000,1,18000,16,'SENSOR CUENTAKILOMETRO CLIOII MEG SCEN',0,5),(36,'1182',6000,1,6000,16,'PERILLA P/CAMBIO CLIO II LOGAN',0,6),(37,'1319',28000,2,14000,16,'CILINDRO FRENO TRASERO IZQ/DER CLIOII',0,5),(38,'1129',29000,1,29000,16,'DISCO FRENO DEL.VENT.(JGO)19ECL/CLIOIIMEGS',0,7),(39,'2061',27500,1,27500,17,'EMP.CULATA 4+2 PARTNBEL 1.6 HDI >11',0,7),(40,'1586',8500,1,8500,18,'FILTRO POLEN CLIO IV NEW SYMBOL',0,5),(41,'1934',4700,1,4700,19,'PLATINO ARGELITE R-12',0,5),(42,'1309',2500,1,2500,19,'CONDENSADOR DUCELIER 504/505',0,5),(43,'1045',31000,1,31000,20,'ACEITE 5W30 (P/FAP-DPF)',0,5),(44,'1580',8000,1,8000,20,'FILTRO AIRE MEGIII KANGOOII 1.5',0,5),(45,'1587',6500,1,6500,20,'FILTRO ACEITE CAPTUR DOKKER',0,5),(46,'1168',5000,1,5000,21,'RETEN EJE LEVA 35*50*7 PARTBERL1.9 BOX2.5',0,6),(47,'1387',9000,1,9000,22,'ELECTROVALVULA T/LUCA CORTE PARTBER C-15.',0,5),(48,'1421',7000,1,7000,23,'BULBO MARCHA ATRAS PARTMAXI',0,5),(49,'2001',8000,1,8000,24,'BIELETA B/ESTABILZADORA PARTBERL>11 306.',0,5),(50,'2077',3800,1,3800,25,'FILTRO ACEITE ELEMENTO HU716/2X',0,8),(51,'1045',29000,1,29000,25,'ACEITE 5W30 (P/FAP-DPF)',0,5),(52,'1720',18000,1,18000,26,'SENSOR CIGUEÑAL(CAPTOR VOLANTE) 206/C-2C-3C-4',0,5),(53,'1059',6500,1,6500,27,'FILTRO AIRE C3585',0,7),(54,'2077',4000,1,4000,27,'FILTRO ACEITE ELEMENTO HU716/2X',0,8),(55,'1045',30000,1,30000,27,'ACEITE 5W30 (P/FAP-DPF)',0,5),(56,'1078',18900,1,18900,27,'FILTRO PETROLEO 301/C-ELYSEE PART 12>',0,7),(57,'1839',11000,1,11000,28,'PASTILLA FRENO TRASERA 307/405/MEGANE',0,5),(58,'1045',30000,1,30000,29,'ACEITE 5W30 (P/FAP-DPF)',0,5),(59,'2077',8000,2,4000,29,'FILTRO ACEITE ELEMENTO HU716/2X',0,5),(60,'2123',2000,1,2000,30,'HUINCHA ROJA 3M',0,5),(61,'1102',16000,1,16000,31,'SOPORTE MOTOR TRAS(BIELETA) 301/C-ELYSEE',0,7),(63,'2086',300,1,300,33,'AMPOLLETA COLA PESCADO MEDIANA',0,8),(64,'1723',12000,1,12000,34,'SENSOR MAP 206/106/307',0,5),(65,'1045',30000,1,30000,35,'ACEITE 5W30 (P/FAP-DPF)',0,5),(66,'1059',6500,1,6500,35,'FILTRO AIRE C3585',0,7),(67,'1078',18900,1,18900,35,'FILTRO PETROLEO 301/C-ELYSEE PART 12>',0,7),(68,'2077',4000,1,4000,35,'FILTRO ACEITE ELEMENTO HU716/2X',0,8),(69,'1978',21800,1,21800,36,'VALVULA REG.PRESION INYECTOR CLIOII/306/R-19',0,5),(70,'2159',2000,10,200,37,'BROCHES TODOS',0,5),(71,'1350',16500,1,16500,38,'CORREA DISTR. 140D PARTBERL1.9 01> C-15BOXER',0,5),(72,'1233',39000,1,39000,39,'CILINDRO EMBRAGUE 301 C-ELYSEE',0,5),(73,'2080',2700,1,2700,39,'LIQUIDO FRENO 355CC WAGNER.',0,8),(74,'1018',22000,1,22000,40,'BASE TERMOSTATO C-3. 206.',0,5),(75,'1062',10000,1,10000,40,'TERMOSTATO 89° RECTO 206 307.',0,7),(76,'1636',5500,1,5500,41,'EMP.CULATA 306 1.6',0,5),(77,'2083',500,1,500,42,'AMPOLLETA2/CTO.C/DISP',0,8),(78,'1413',10000,1,10000,43,'BOMBA CEBADORA C15 PARTNBERL',0,5),(79,'1989',60000,1,60000,44,'TRANS.IZQUIERDA PARTNE8VAL 12>',0,5),(80,'2165',12000,1,12000,45,'EMP.CULATA 4M R-19DIESEL/KANGOO',0,7),(81,'1908',22000,1,22000,46,'RESISTENCIA ELECTROVENT.A/ACOND 206',0,5),(82,'1248',8000,1,8000,47,'BULBO FRENO PARTNER MAXI',0,5),(83,'1566',16500,1,16500,48,'FILTRO POLEN BOXER/308',0,5),(84,'1088',20000,1,20000,49,'BOMBA AGUA 18DTS. 206-C3 1.4 01> SAXO',0,7),(85,'1371',7500,1,7500,49,'CORREA DISTR.104D 206 02>',0,5),(86,'1066',5000,1,5000,50,'EXTREMO DIRECCION DER.307>05 206',0,7),(87,'1065',5000,1,5000,50,'EXTREMO DIRECCION IZQ.307>05 206',0,7),(88,'1169',6000,1,6000,51,'ORING ENFRIADOR (JGO) PARTBERL',0,6),(89,'2183',19000,1,19000,52,'FUELLE TRANS.L/CAJA C/LATA LOGAN/SANDERO',0,5),(90,'1077',23000,1,23000,53,'FILTRO PETROLEO WK939/2 PARTBERL1.6HDI',0,7),(91,'1580',8000,1,8000,54,'FILTRO AIRE MEGIII KANGOOII 1.5',0,5),(92,'2180',6500,1,6500,54,'FILTRO ACEITE MEGANEII/KANGOO 1.5',0,5),(93,'1045',31000,1,31000,54,'ACEITE 5W30 (P/FAP-DPF)',0,5),(94,'1875',36000,1,36000,55,'PRENSA EMBRAGUE 504 505',0,5),(95,'1358',32000,1,32000,55,'DISCO EMBRAGUE 504/505',0,5),(96,'1903',6000,1,6000,55,'ROD.EMPUJE 505/504 STW',0,5),(97,'2068',6500,1,6500,56,'FILTRO AIRE C3282',0,8),(98,'1678',6900,1,6900,57,'MANGUERA SUP.RADIADOR 206',0,5),(99,'2003',28000,1,28000,58,'BANDEJA DERECHA 206',0,7),(100,'1126',8000,4,2000,59,'BUJIA DELGADA C/RESIS 254536ZXCLIO 2061.4',0,7),(101,'1130',13000,1,13000,60,'PASTILLA FRENO 9/11/19CLIO/CLIOIIMEG',0,7),(102,'2198',1000,1,1000,61,'PINOS TODOS',0,4),(103,'1495',3500,1,3500,62,'EMP.TAPA VALVULA INF. 01> PARTBERL C-15',0,5),(104,'1496',3700,1,3700,62,'EMP.TAPA VALVULA SUP. 01> PARTBERL C-15',0,5),(105,'2083',1000,2,500,63,'AMPOLLETA2/CTO.C/DISP',0,8),(106,'1785',7000,1,7000,64,'ROTULA SUSPENSION R-19/CLIOII/MEGSCENI',0,5),(107,'2080',2700,1,2700,65,'LIQUIDO FRENO 355CC WAGNER.',0,8),(108,'2159',1200,6,200,66,'BROCHES TODOS',0,0),(109,'1111',8500,1,8500,67,'03,206,1.4,1.6\',1111)>ROD.EMPUJE C/PATA 205405306AXZX',0,7),(110,'1710',6000,1,6000,68,'SOPORTE MOTOR TRAS.70MM PARTBERL.',0,5),(111,'1907',40000,1,40000,69,'RADIADOR C/A/A 206 1.4 1.6',0,5),(112,'1952',12000,2,6000,70,'ROD.TENSOR C/ALT.60*26*17',0,5),(113,'2199',90000,1,90000,71,'KIT DIST.(CORREA/TENS/DESL) 2081.2',0,7),(114,'1332',5000,1,5000,71,'CORREA 6PK*1072 208',0,5),(115,'2208',18000,3,6000,71,'BUJIA EXTRA LARGA 208/2008/C-ELYSEE 1.2VT.',0,6),(116,'1596',5000,1,5000,71,'FILTRO ACEITE 406/407 2.0',0,5),(117,'1573',10000,1,10000,71,'FILTRO AIRE 208 1.2',0,5),(118,'2159',300,1,244,71,'BROCHES TODOS',0,0),(119,'2159',300,1,300,72,'BROCHES TODOS',0,0),(120,'2217',44000,1,44000,73,'OPTICO DERECHO 206 03>08',0,5),(121,'2145',4500,1,4500,73,'FAROL PATENTE 206/PARTN/BERL >12',0,7),(122,'1057',4000,1,4000,74,'FILTRO ACEITE ELEM.HU716/2X 301C-ELYSEE.',0,7),(123,'1045',30000,1,30000,74,'ACEITE 5W30 (P/FAP-DPF).',0,5),(124,'1241',15600,4,3900,75,'BUJIA INCANDESCENTE 01>PARTNBERL C-15 BOXER 1.9.',0,5),(125,'1779',21000,1,21000,76,'SOPORTE MOTOR CENTRAL MEGANE II',0,5),(126,'2220',125000,1,125000,77,'ADITIVO COMBUSTIBLE FAP(BOLSA FLEXIBLE) 301/C-ELY',0,5),(127,'2229',13500,1,13500,78,'PASTILLA FRENO 19/CLIOI MEGANLOG/SAND',0,5),(128,'2198',1000,1,1000,82,'PINOS TODOS',0,0),(129,'2234',15500,1,15500,83,'ACEITE CAJA 75W80 2LTS MINERAL YACCO',0,5),(130,'1102',30000,2,15000,84,'SOPORTE MOTOR TRAS(BIELETA) 301/C-ELYSEE',0,7),(131,'2159',1200,6,200,85,'BROCHES TODOS',0,0),(132,'1600',6000,1,6000,85,'FILTRO AIRE C 3282 PARTN BERT 1.6 HDI',0,5),(133,'1013',26700,1,26700,86,'BANDEJA IZQUIERDA S/ROTULA 307/C-4/PART12>.',0,5),(134,'2212',5500,1,5500,86,'FILTRO AIRE C3585 301/C-ELYSE',0,7),(135,'1246',8000,1,8000,87,'BULBO TEMPERATURA SENSOR AZUL 3 PINES 206/307.',0,5),(136,'1710',6000,1,6000,88,'SOPORTE MOTOR TRAS.70MM PARTBERL.',0,5),(137,'2237',7900,1,7900,88,'PERNO ROD.TENSOR DIST. PARTN 1.9 01>',0,5),(138,'2086',600,2,300,89,'AMPOLLETA COLA PESCADO MEDIANA',0,8),(139,'1830',19500,1,19500,90,'PASTILLA FRENO PARTBERTL 12>',0,5),(140,'1026',5500,1,5500,91,'BULBO FRENO 206 01>PARTBERL04>',0,6),(141,'1614',10400,2,5200,92,'FAROL PATENTE PARTN 206',0,5),(142,'1646',8000,1,8000,93,'FUELLE TRANS.L/CAJA PARTN MAXI',0,5),(143,'1241',16000,4,4000,94,'BUJIA INCANDESCENTE 01>PARTNBERL C-15 BOXER 1.9.',0,5),(144,'2096',6800,1,6800,95,'FILTRO AIRE C21104 PARTBERL.',0,8),(145,'2573',22000,1,22000,96,'BOMBA AGUA R19BENC/DIESEL LAGMEG 1.9>99.',0,5),(146,'1074',38500,1,38500,97,'MANGUERA GASES RESPIRADERO 206 307 1.6',0,7),(147,'2238',23500,1,23500,98,'SENSOR CIGUEÑAL 306/307',0,5),(148,'2085',5400,2,2700,99,'AMPOLLETA H-4 60/55',0,8),(153,'2136',11500,1,11500,103,'DEPOSITO AGUA S/TAPA 206 1.4 1.6',0,7),(158,'2226',11200,1,11200,105,'LIQUIDO BLUE UREA 10LTS BLUE HDI 208/308/508/2008/EXP4',0,7),(159,'1278',28000,4,7000,106,'BUJIA EXTRA LARGA LAG/MEG III/LAT/KOLE/FLUEN.',0,5),(160,'1589',19600,1,19600,106,'FILTRO AIRE MEGANE III 11>.',0,5),(161,'2086',600,2,300,107,'AMPOLLETA COLA PESCADO MEDIANA',0,8),(162,'1261',8000,1,8000,108,'BIELETA B/ESTABILIZADORA DER. 301/C-ELYSEE.',0,5),(163,'1260',8000,1,8000,108,'BIELETA B/ESTABILIZADORA IZQ. 301/C-ELYSEE.',0,5),(164,'2120',70000,1,70000,108,'AMORTIGUADOR DEL.(JGO) 301-C-ELYSEE 1.6 18VAL..',0,7),(165,'2252',19000,2,9500,108,'CAZOLETA AMORTIGUADOR DEL. 301/208',0,5),(166,'2253',27000,1,27000,109,'DISCO FRENO TRASERO (JGO) 307',0,7),(167,'1009',24000,1,24000,110,'',0,0),(168,'1708',9500,1,9500,111,'SOPORTE MOTOR DERECHO(PERA CHICO) 205405306',0,5),(169,'2272',8000,1,8000,112,'ROTULA AXIAL 230MM 301/C-ELYS/207',0,10),(170,'2269',9000,1,9000,113,'FILTRO PETROLEO 301/C-ELYS/PART 12>',0,10),(171,'2085',2800,1,2800,114,'AMPOLLETA H-4 60/55',0,8),(172,'2245',400,2,200,115,'ORRING',0,0),(173,'2263',46000,1,46000,116,'BANDEJA DERECHA 106/SAXO',0,10),(174,'2262',46000,1,46000,116,'BANDEJA IZQUIERDA 106/SAXO',0,10),(175,'2085',2800,1,2800,117,'AMPOLLETA H-4 60/55',0,8),(176,'2084',3500,1,3500,118,'AMPOLLETA H-7 60/55W.',0,8),(177,'2224',20000,1,20000,119,'06/DS3/C3,PICASSO/C4\',2224)>ROD.RUEDA TRAS.30*62*48 207/307>06/DS3/C3 PICASSO/C4',0,7),(178,'1045',30000,1,30000,120,'ACEITE 5W30 (P/FAP-DPF).',0,5),(179,'1318',44000,1,44000,121,'CILINDRO PUERTA JGO. PARTNER',0,5),(180,'2123',8000,4,2000,122,'HUINCHA ROJA 3M',0,0),(181,'2124',8000,4,2000,122,'HUINCHA BLANCA 3M',0,0),(182,'1907',39500,1,39500,123,'RADIADOR C/A/A 206 1.4 1.6',0,5),(183,'1768',5000,1,5000,124,'TAPA RADIADOR 206307 C-3 C-4',0,5),(184,'2198',1000,1,1000,125,'PINOS TODOS',0,0),(185,'2077',4000,1,4000,126,'FILTRO ACEITE ELEMENTO HU716/2X..',0,8),(186,'2191',21500,1,21500,126,'FILTRO PETROLEO 301/C-ELY/PARTN 12>',0,5),(187,'2073',8500,1,8500,126,'FILTRO AIRE C3585',0,8),(188,'2227',10000,1,10000,127,'BULBO ACEITE BIPPER/NEMO1.3 HDI',0,5),(189,'2207',33000,4,8250,127,'BUJIA INCANDESCENTE BIPPER/NEMO 1.3HDI 13DTS.',0,6),(190,'1500',36000,1,36000,128,'EMP.MOTOR S/EMP.CUL.C/RETENES PARTBERL01> C-15 1.9',0,5),(191,'1110',44000,1,44000,128,'PORTA FILTRO PETROLEO PARTBERL 1.9',0,7),(192,'1852',45000,1,45000,128,'KIT DIST.(CORREA/TENSOR/DESL.)PARTNBERL1.9 01>C-15',0,5),(193,'9660',55000,1,55000,128,'KIT EMBRAGUE S/ROD. PARTBERL 1.9 04>.',0,5),(194,'1111',7000,1,7000,128,'03,206,1.4,1.6\',1111)>ROD.EMPUJE C/PATA 205405306AXZX',0,7),(195,'1705',42000,1,42000,128,'TENSOR CORREA ALTERNADOR PARTBERL1.9 00>BOXERHDI3072.0HDI',0,0),(196,'2146',3000,1,3000,129,'TAPA DEP.AGUA 205/505/9/11/18/19',0,7),(197,'1402',49000,1,49000,130,'KIT DIST.(CORREA/TENS/DESL).PARTBERL 1.6HDI.',0,0),(198,'1153',22000,1,22000,130,'BOMBA AGUA PART1.6HDI/301C-ELYSE/3071.6HDI.',0,6),(199,'1153',22000,1,22000,132,'BOMBA AGUA PART1.6HDI/301C-ELYSE/3071.6HDI.',0,6),(200,'1402',49000,1,49000,132,'KIT DIST.(CORREA/TENS/DESL).PARTBERL 1.6HDI.',0,0),(201,'1856',4500,1,4500,132,'RETEN DIST.40*55*6,4 206 HDI PARTN 1.6 HDI',0,5),(202,'1889',8000,2,4000,132,'RETEN EJE LEVA 27*47*7 206/307/EXP HDI',0,5);

/*!40101 SET SQL_MODE=@OLD_SQL_MODE */;
/*!40014 SET FOREIGN_KEY_CHECKS=@OLD_FOREIGN_KEY_CHECKS */;
